nimi,lataukset_kk,viimeinen_julkaisu,riippuvia_paketteja,riippuvia_repoja,yllapitajia,advisoryja,repo_tahdet,repo_avoimet_issuet,repo_arkistoitu,versioita,repo
ms,2034134525,2020-12-08,5545,2318159,6,2,5548,37,False,32,https://github.com/vercel/ms
escape-string-regexp,1343001576,2021-04-17,5200,2044639,1,0,570,1,False,10,https://github.com/sindresorhus/escape-string-regexp
yallist,1215511128,2024-04-09,1848,1187300,1,0,217,5,False,17,https://github.com/isaacs/yallist
glob-parent,1213103589,2021-09-29,2487,6788,4,2,82,4,False,16,https://github.com/gulpjs/glob-parent
json-schema-traverse,1211401050,2020-12-13,1848,1067963,1,0,103,14,False,9,https://github.com/epoberezkin/json-schema-traverse
safe-buffer,1157420182,2020-05-10,4055,1261649,2,0,347,16,False,11,https://github.com/feross/safe-buffer
has-flag,1080266021,2021-07-19,2772,1287734,1,0,94,0,False,6,https://github.com/sindresorhus/has-flag
path-key,1040691518,2021-04-09,1883,1771596,1,0,46,0,False,7,https://github.com/sindresorhus/path-key
signal-exit,1016096966,2023-07-29,2277,1770605,2,0,199,11,False,24,https://github.com/tapjs/signal-exit
string_decoder,954414289,2019-08-07,2167,1091725,4,0,35,7,False,16,https://github.com/nodejs/string_decoder
resolve-from,914556466,2019-04-15,2937,1092323,1,0,145,2,False,6,https://github.com/sindresorhus/resolve-from
isarray,889710177,2019-07-08,2086,2097979,1,0,131,2,False,9,https://github.com/juliangruber/isarray
json5,868043130,2022-12-31,5411,1074368,2,1,7161,39,False,27,https://github.com/json5/json5
path-exists,867242448,2021-08-12,4902,1125905,1,0,154,0,False,6,https://github.com/sindresorhus/path-exists
shebang-regex,856090212,2021-08-13,1945,1888701,1,0,48,0,False,4,https://github.com/sindresorhus/shebang-regex
estraverse,826074176,2021-10-25,3235,1803046,3,0,970,39,False,34,https://github.com/estools/estraverse
convert-source-map,817787625,2022-10-17,2395,4241143,2,0,170,7,False,36,https://github.com/thlorenz/convert-source-map
shebang-command,777446851,2019-09-06,1888,1885623,1,0,24,3,False,4,https://github.com/kevva/shebang-command
punycode,771692865,2023-10-30,2734,2016724,2,0,1691,47,False,31,https://github.com/mathiasbynens/punycode.js
fast-deep-equal,766801388,2020-06-08,4389,4968905,1,0,2048,35,False,14,https://github.com/epoberezkin/fast-deep-equal
get-stream,765997891,2024-03-16,2893,2299681,2,0,358,0,False,22,https://github.com/sindresorhus/get-stream
inherits,749687853,2019-06-19,6194,2323492,1,0,353,6,False,7,https://github.com/isaacs/inherits
graceful-fs,742269492,2023-03-16,5113,1159704,1,0,1301,49,False,67,https://github.com/isaacs/node-graceful-fs
node-fetch,722465274,2023-07-25,34871,1817321,5,3,8855,249,False,96,https://github.com/bitinn/node-fetch
function-bind,716928955,2023-10-12,4189,2177864,2,0,139,1,False,6,https://github.com/Raynos/function-bind
@jridgewell/resolve-uri,705851531,2024-02-14,10,1611961,1,0,11,18,False,15,https://github.com/jridgewell/resolve-uri
is-stream,703550690,2024-02-19,2500,2263687,1,0,116,0,False,8,https://github.com/sindresorhus/is-stream
escalade,699598820,2024-08-29,1851,2368706,1,0,153,0,False,10,https://github.com/lukeed/escalade
is-glob,686158236,2021-09-29,2661,6270,3,0,95,2,False,16,https://github.com/micromatch/is-glob
source-map-js,666321119,2024-09-08,737,1275432,1,0,102,5,False,8,https://github.com/7rulnik/source-map-js
es-errors,661921424,2024-02-05,0,0,1,0,10,1,False,5,https://github.com/ljharb/es-errors
estree-walker,660159818,2023-01-20,1283,1169599,1,0,427,9,False,27,https://github.com/Rich-Harris/estree-walker
is-number,651571894,2018-07-04,2612,6502,3,0,284,17,False,15,https://github.com/jonschlinkert/is-number
object-assign,636613195,2017-01-16,12624,2052350,3,0,916,0,False,17,https://github.com/sindresorhus/object-assign
y18n,636391185,2021-04-07,1914,1652118,4,1,154,6,False,22,https://github.com/yargs/y18n
buffer,632302770,2020-11-23,9726,1513316,1,0,1891,57,False,96,https://github.com/feross/buffer
braces,629788642,2024-05-21,2619,1237028,2,3,250,4,False,37,https://github.com/micromatch/braces
universalify,613864789,2023-11-01,1464,3543281,1,0,111,1,False,8,https://github.com/RyanZim/universalify
micromatch,602100213,2024-08-23,4709,1847280,3,1,3039,44,False,69,https://github.com/micromatch/micromatch
to-regex-range,601499105,2019-04-07,2203,5300496,2,0,173,13,False,18,https://github.com/micromatch/to-regex-range
is-extglob,600708122,2016-12-11,2100,5930,2,0,23,0,False,4,https://github.com/jonschlinkert/is-extglob
@types/json-schema,600451085,2023-11-07,1557,1742087,1,0,51432,691,False,19,https://github.com/DefinitelyTyped/DefinitelyTyped
wrappy,598485160,2016-05-17,2464,2102639,1,0,56,7,False,4,https://github.com/npm/wrappy
esutils,595649543,2019-07-31,1888,1790196,2,0,123,10,False,13,https://github.com/estools/esutils
fill-range,594025900,2024-05-21,2299,5461792,3,0,61,8,False,33,https://github.com/jonschlinkert/fill-range
fast-json-stable-stringify,590118424,2019-12-14,2347,4957551,1,0,322,25,False,3,https://github.com/epoberezkin/fast-json-stable-stringify
minimist,587585671,2023-02-09,33291,2004702,3,3,662,14,False,31,https://github.com/minimistjs/minimist
callsites,586416905,2024-06-29,1971,1012134,1,0,274,0,False,10,https://github.com/sindresorhus/callsites
uri-js,575987694,2021-01-10,1923,4745435,1,1,317,31,False,14,https://github.com/garycourt/uri-js
strip-bom,573098969,2021-04-16,1898,2046379,1,0,114,0,False,10,https://github.com/sindresorhus/strip-bom
safer-buffer,562619912,2018-04-08,1756,2151694,1,0,27,6,False,6,https://github.com/ChALkeR/safer-buffer
encodeurl,561378754,2024-03-29,1365,2318351,3,0,40,10,False,4,https://github.com/pillarjs/encodeurl
util-deprecate,558286250,2015-10-07,1985,2198932,1,0,37,2,False,3,https://github.com/TooTallNate/util-deprecate
once,555957261,2016-09-06,3665,2121111,1,0,224,4,False,7,https://github.com/isaacs/once
levn,554747104,2020-04-04,1374,1544784,1,0,84,2,False,10,https://github.com/gkz/levn
imurmurhash,551518207,2013-08-24,1815,5719,1,0,103,3,False,5,https://github.com/jensyt/imurmurhash-js
has-tostringtag,544359343,2024-02-01,894,1605281,1,0,5,1,False,3,https://github.com/inspect-js/has-tostringtag
gensync,540507011,2015-11-23,1307,2570540,1,0,95,15,False,4,https://github.com/loganfsmyth/gensync
natural-compare,538655023,2016-07-22,1452,2125495,1,0,113,0,False,2,https://github.com/litejs/natural-compare-lite
acorn-jsx,538316120,2021-07-09,2621,817417,3,0,670,18,False,38,https://github.com/acornjs/acorn-jsx
optionator,532505215,2024-04-26,1535,1488780,1,0,166,13,False,20,https://github.com/gkz/optionator
json-buffer,529354622,2018-09-10,647,1083541,1,0,41,4,True,15,https://github.com/dominictarr/json-buffer
npm-run-path,528986573,2024-08-26,1781,928087,1,0,110,0,False,14,https://github.com/sindresorhus/npm-run-path
prelude-ls,527461882,2020-04-02,1547,1488726,1,0,425,31,False,14,https://github.com/gkz/prelude-ls
type-check,527288928,2020-04-03,1486,2192557,1,0,211,11,False,6,https://github.com/gkz/type-check
accepts,526885112,2024-08-31,2016,1717765,4,0,265,10,False,37,https://github.com/jshttp/accepts
concat-map,521558994,2022-10-12,2498,1298661,1,0,2,2,False,3,https://github.com/ljharb/concat-map
depd,520290428,2018-10-26,2323,2556983,1,0,327,15,False,17,https://github.com/dougwilson/nodejs-depd
slash,518821842,2023-05-09,4099,4015967,1,0,340,0,False,10,https://github.com/sindresorhus/slash
get-caller-file,517955669,2019-03-09,1826,4350442,1,0,37,6,False,10,https://github.com/stefanpenner/get-caller-file
fast-levenshtein,516424472,2020-07-22,1615,1506124,1,0,613,10,False,20,https://github.com/hiddentao/fast-levenshtein
esrecurse,514515580,2020-08-31,1563,1702132,3,0,80,3,False,13,https://github.com/estools/esrecurse
fresh,514453897,2024-09-04,1541,5019855,4,1,162,10,False,14,https://github.com/jshttp/fresh
mimic-fn,507678411,2023-11-05,1636,1520693,1,0,96,0,False,9,https://github.com/sindresorhus/mimic-fn
base64-js,507380418,2020-11-11,2788,1564057,2,0,881,5,False,23,https://github.com/beatgammit/base64-js
deep-is,502168282,2021-09-04,1421,1547348,1,0,21,0,False,5,https://github.com/thlorenz/deep-is
bytes,494934729,2022-01-28,2391,1080038,2,0,475,12,False,18,https://github.com/visionmedia/bytes.js
source-map-support,489461757,2021-11-19,19601,1546799,3,0,2194,126,False,66,https://github.com/evanw/node-source-map-support
on-finished,488664889,2022-02-22,2069,1780334,2,0,402,15,False,8,https://github.com/jshttp/on-finished
path-parse,486425596,2021-05-25,2172,1929330,1,1,56,8,False,8,https://github.com/jbgutierrez/path-parse
ajv-formats,484070910,2024-03-30,1833,1124792,3,0,228,63,False,36,https://github.com/ajv-validator/ajv-formats
word-wrap,482602396,2023-07-22,1879,2368421,2,1,210,14,False,17,https://github.com/jonschlinkert/word-wrap
mkdirp,482374917,2023-04-24,34778,1948611,1,0,199,1,False,42,https://github.com/isaacs/node-mkdirp
require-from-string,479353449,2018-04-09,1808,1639741,1,0,298,6,True,9,https://github.com/floatdrop/require-from-string
strip-final-newline,475713755,2023-12-13,1237,1746604,1,0,38,0,False,3,https://github.com/sindresorhus/strip-final-newline
doctrine,475162137,2018-11-10,1734,1377829,5,0,456,0,True,33,https://github.com/eslint/doctrine
merge-descriptors,474178803,2023-11-16,954,4062436,1,0,155,0,False,7,https://github.com/sindresorhus/merge-descriptors
is-plain-obj,472331280,2022-06-15,1631,3088043,1,0,105,0,False,7,https://github.com/sindresorhus/is-plain-obj
lodash.merge,472298308,2019-07-10,6697,1672087,2,2,58818,71,False,37,https://github.com/lodash/lodash
require-directory,470484599,2015-05-28,2217,4338986,1,0,409,19,False,12,https://github.com/troygoode/node-require-directory
normalize-path,469622280,2018-04-19,2818,2292539,3,0,112,3,False,11,https://github.com/jonschlinkert/normalize-path
@humanwhocodes/module-importer,468207826,2022-08-18,10,1124195,1,0,26,13,False,2,https://github.com/humanwhocodes/module-importer
setprototypeof,466262688,2019-07-18,1763,5068682,1,0,51,2,False,7,https://github.com/wesleytodd/setprototypeof
run-parallel,466066603,2021-02-10,1520,1799977,1,0,385,1,False,17,https://github.com/feross/run-parallel
json-stable-stringify-without-jsonify,465987969,2016-12-15,1166,1575335,1,0,13,1,False,1,https://github.com/samn/json-stable-stringify
lines-and-columns,465126732,2023-11-07,1288,2280787,1,0,27,10,False,25,https://github.com/eventualbuddha/lines-and-columns
queue-microtask,463294012,2021-03-22,1250,2080081,1,0,190,2,False,11,https://github.com/feross/queue-microtask
@types/unist,455383226,2024-08-15,583,482650,1,0,51432,691,False,17,https://github.com/DefinitelyTyped/DefinitelyTyped
cli-cursor,453541559,2024-07-26,1389,756236,1,0,114,0,False,9,https://github.com/sindresorhus/cli-cursor
clsx,453352234,2024-04-23,7478,548105,1,0,9836,16,False,15,https://github.com/lukeed/clsx
restore-cursor,453282838,2024-07-26,1106,777868,1,0,41,0,False,8,https://github.com/sindresorhus/restore-cursor
delayed-stream,451295978,2015-04-30,1153,2188097,2,0,55,1,False,9,https://github.com/felixge/node-delayed-stream
combined-stream,450583896,2019-05-12,1380,2188156,4,0,145,11,False,17,https://github.com/felixge/node-combined-stream
toidentifier,445717756,2021-11-14,1502,4368444,4,0,6,1,False,3,https://github.com/component/toidentifier
pify,445467939,2022-09-02,4274,1598855,1,0,1503,0,False,13,https://github.com/sindresorhus/pify
kind-of,445362395,2020-01-16,2213,2124171,2,1,354,13,False,26,https://github.com/jonschlinkert/kind-of
anymatch,432801121,2022-11-21,3053,1149091,4,0,401,7,False,18,https://github.com/micromatch/anymatch
supports-preserve-symlinks-flag,428755183,2022-01-03,1388,1245746,1,0,1,1,False,1,https://github.com/inspect-js/node-supports-preserve-symlinks-flag
merge2,427315968,2020-06-03,4518,2917740,1,0,171,7,False,23,https://github.com/teambition/merge2
ieee754,425674938,2020-10-27,1228,1081327,1,0,122,5,False,17,https://github.com/feross/ieee754
loose-envify,419388734,2018-07-10,1968,3548702,1,0,283,6,False,6,https://github.com/zertosh/loose-envify
vary,418307911,2017-09-24,1385,4406042,3,0,65,0,False,7,https://github.com/jshttp/vary
etag,417359534,2017-09-13,2013,4534857,3,0,265,11,False,14,https://github.com/jshttp/etag
parseurl,415439606,2019-04-16,1918,1734638,3,0,187,12,False,11,https://github.com/pillarjs/parseurl
retry,407789653,2021-06-21,1355,2613336,1,0,1258,23,False,15,https://github.com/tim-kos/node-retry
prop-types,405453983,2022-01-05,60306,2311807,3,0,4448,58,True,24,https://github.com/facebook/prop-types
define-data-property,401493666,2024-02-13,110,381261,1,0,2,1,False,7,https://github.com/ljharb/define-data-property
ee-first,398514746,2015-05-25,1132,2438994,2,0,53,1,False,8,https://github.com/jonathanong/ee-first
indent-string,395722666,2021-04-17,1911,3057889,1,0,116,0,False,16,https://github.com/sindresorhus/indent-string
escape-html,395580041,2015-09-01,3043,2500873,1,0,493,3,False,5,https://github.com/component/escape-html
has-property-descriptors,394914262,2024-02-13,788,859436,1,0,3,1,False,3,https://github.com/inspect-js/has-property-descriptors
esprima,394607737,2018-07-13,4458,1541066,1,0,7138,151,False,46,https://github.com/jquery/esprima
@types/babel__template,394250963,2023-11-06,367,1904343,1,0,51421,683,False,9,https://github.com/DefinitelyTyped/DefinitelyTyped
unpipe,392462867,2015-06-14,1163,5053604,2,0,22,0,False,1,https://github.com/stream-utils/unpipe
async,391493890,2024-08-19,36565,926631,5,1,28131,26,False,93,https://github.com/caolan/async
chownr,389271302,2024-04-06,706,3832022,1,1,29,3,False,11,https://github.com/isaacs/chownr
@types/babel__core,387610692,2023-11-20,3022,1905481,1,0,51432,691,False,33,https://github.com/DefinitelyTyped/DefinitelyTyped
object-keys,385349579,2019-04-07,1595,4904,1,0,45,0,False,32,https://github.com/ljharb/object-keys
forwarded,384432657,2021-05-31,622,4075117,3,1,61,10,False,4,https://github.com/jshttp/forwarded
path-type,382929451,2024-07-26,1622,2428675,1,0,81,0,False,7,https://github.com/sindresorhus/path-type
tsconfig-paths,381691906,2023-03-29,10366,914913,17,0,1906,114,False,50,https://github.com/dividab/tsconfig-paths
define-properties,381587121,2023-09-13,1557,6903,1,0,20,1,False,10,https://github.com/ljharb/define-properties
is-unicode-supported,380043707,2024-09-09,848,666394,1,0,86,0,False,7,https://github.com/sindresorhus/is-unicode-supported
d3-array,379545885,2023-05-30,1602,133435,2,0,463,19,False,61,https://github.com/d3/d3-array
core-util-is,377170588,2021-08-31,1808,1693704,1,0,101,4,False,4,https://github.com/isaacs/core-util-is
buffer-from,373955685,2021-07-29,1962,945125,1,0,25,1,False,7,https://github.com/LinusU/buffer-from
available-typed-arrays,370724524,2024-02-19,967,895160,1,0,3,1,False,8,https://github.com/inspect-js/available-typed-arrays
arg,369468962,2022-06-05,3711,1116241,2,0,1199,13,False,14,https://github.com/vercel/arg
assertion-error,366767239,2023-10-18,509,409244,1,0,26,2,False,7,https://github.com/chaijs/assertion-error
p-try,366550737,2021-10-04,1702,1532015,1,0,62,0,False,5,https://github.com/sindresorhus/p-try
d3-path,366422638,2022-12-19,210,121167,2,0,196,5,False,24,https://github.com/d3/d3-path
define-lazy-prop,365925876,2021-04-14,505,1174541,1,0,67,1,False,3,https://github.com/sindresorhus/define-lazy-prop
postcss-value-parser,364440065,2021-11-29,1164,3512274,4,0,145,15,False,36,https://github.com/TrySound/postcss-value-parser
path-is-absolute,363571976,2018-11-08,2937,2056731,1,0,42,0,True,3,https://github.com/sindresorhus/path-is-absolute
sprintf-js,362464261,2023-09-11,2891,1492049,1,0,2138,63,False,8,https://github.com/alexei/sprintf.js
ajv-keywords,362383755,2021-11-21,1407,9177,1,0,257,45,False,43,https://github.com/epoberezkin/ajv-keywords
set-function-length,362344113,2024-03-09,51,232877,1,0,3,1,False,7,https://github.com/ljharb/set-function-length
is-callable,361436876,2022-09-23,1192,4768,1,0,41,3,False,18,https://github.com/inspect-js/is-callable
merge-stream,359344675,2019-05-23,4424,2059364,3,0,212,0,False,13,https://github.com/grncdr/merge-stream
deepmerge,354382224,2023-03-16,13604,1558107,1,0,2816,59,False,46,https://github.com/TehShrike/deepmerge
kleur,353837099,2022-06-26,2917,2132876,1,0,1695,13,False,21,https://github.com/lukeed/kleur
events,353727125,2021-02-27,6717,1326229,3,0,1408,14,False,17,https://github.com/Gozala/events
saxes,352665522,2021-11-07,540,1780495,1,0,84,26,True,30,https://github.com/lddubeau/saxes
globalthis,347589632,2024-04-30,505,561361,1,0,157,2,False,5,https://github.com/ljharb/System.global
d3-shape,343317105,2022-12-20,1478,121138,2,0,2526,22,False,42,https://github.com/d3/d3-shape
extend,342891778,2018-07-19,6106,6640,2,1,342,0,False,13,https://github.com/justmoon/node-extend
fs.realpath,340225962,2016-06-15,2476,5532257,1,0,25,1,False,2,https://github.com/isaacs/fs.realpath
internmap,336081163,2021-09-20,31,50665,1,0,37,0,False,6,https://github.com/mbostock/internmap
resolve-pkg-maps,334210520,2022-12-14,20,146629,1,0,64,1,False,1,https://github.com/privatenumber/resolve-pkg-maps
html-escaper,330653477,2021-02-18,1087,1783603,1,0,112,1,False,9,https://github.com/WebReflection/html-escaper
split2,325971145,2023-03-26,1513,423999,1,0,296,4,False,22,https://github.com/mcollina/split2
dequal,324461014,2022-07-11,384,328554,1,0,1468,16,False,7,https://github.com/lukeed/dequal
xml-name-validator,323125349,2023-11-12,624,2142865,6,0,15,0,False,5,https://github.com/jsdom/xml-name-validator
string.prototype.trimstart,322718523,2024-03-21,964,1790728,2,0,4,1,False,11,https://github.com/es-shims/String.prototype.trimStart
functions-have-names,321542501,2022-04-19,838,983573,1,0,9,1,False,7,https://github.com/inspect-js/functions-have-names
clone,320880336,2018-03-21,4346,1981870,1,0,792,29,False,38,https://github.com/pvorb/node-clone
cssesc,320346798,2019-02-04,637,3326249,1,0,167,10,False,5,https://github.com/mathiasbynens/cssesc
tiny-invariant,317695098,2024-02-23,6314,927063,1,0,1862,23,False,21,https://github.com/alexreardon/tiny-invariant
w3c-xmlserializer,317659699,2023-11-12,383,1766365,6,0,22,4,False,13,https://github.com/jsdom/w3c-xmlserializer
istanbul-lib-coverage,317268948,2023-11-08,1460,2660713,4,0,1103,202,False,29,https://github.com/istanbuljs/istanbuljs
eastasianwidth,315129232,2024-04-21,383,130538,1,0,93,4,False,5,https://github.com/komagata/eastasianwidth
@pkgjs/parseargs,311571549,2022-10-10,14,65894,1,0,122,18,False,14,https://github.com/pkgjs/parseargs
process-nextick-args,310587036,2019-06-19,1469,1840796,1,0,33,2,False,10,https://github.com/calvinmetcalf/process-nextick-args
is-promise,309946974,2020-04-27,1163,347979,2,0,282,2,False,9,https://github.com/then/is-promise
xmlchars,309762932,2019-09-06,452,1779785,1,0,3,13,True,9,https://github.com/lddubeau/xmlchars
istanbul-lib-instrument,309323045,2024-06-30,1191,2654386,4,0,1103,202,False,75,https://github.com/istanbuljs/istanbuljs
is-binary-path,308450146,2024-04-30,1410,2135367,2,0,42,0,False,6,https://github.com/sindresorhus/is-binary-path
is-negative-zero,306761553,2024-02-19,1075,1510107,1,0,18,1,False,8,https://github.com/inspect-js/is-negative-zero
is-set,305834367,2024-03-08,449,474356,1,0,3,1,False,5,https://github.com/inspect-js/is-set
xtend,305792151,2019-07-08,4176,1446059,1,0,306,0,True,17,https://github.com/Raynos/xtend
d3-interpolate,300291136,2021-06-05,774,133077,2,0,497,17,False,39,https://github.com/d3/d3-interpolate
set-function-name,298152384,2024-02-20,95,273676,2,0,3,1,False,4,https://github.com/ljharb/set-function-name
figures,298023027,2024-03-04,2462,931471,1,0,634,0,False,25,https://github.com/sindresorhus/figures
d3-color,297592382,2022-03-28,725,133799,2,1,426,17,False,45,https://github.com/d3/d3-color
xmlbuilder,297024645,2020-04-08,1538,1052988,1,0,927,8,False,98,https://github.com/oozcitak/xmlbuilder-js
siginfo,293401464,2020-06-16,10,21688,1,0,30,0,False,4,https://github.com/emilbayes/siginfo
istanbul-lib-report,292984641,2023-07-25,1085,2624956,4,0,1103,202,False,25,https://github.com/istanbuljs/istanbuljs
d3-time,292577370,2022-12-02,364,120212,2,0,238,6,False,38,https://github.com/d3/d3-time
which-collection,292410636,2024-03-08,186,454166,1,0,10,1,False,3,https://github.com/inspect-js/which-collection
symbol-tree,289840959,2019-06-12,581,2132693,1,0,104,3,False,18,https://github.com/jsdom/js-symbol-tree
is-weakmap,289132593,2024-03-08,190,454147,1,0,3,1,False,5,https://github.com/inspect-js/is-weakmap
d3-ease,288649613,2021-06-05,462,83646,2,0,606,7,False,32,https://github.com/d3/d3-ease
d3-time-format,286130718,2021-12-04,598,120327,2,0,338,26,False,36,https://github.com/d3/d3-time-format
@types/d3-color,284811476,2023-11-07,223,30184,1,0,48512,736,False,30,https://github.com/DefinitelyTyped/DefinitelyTyped
d3-timer,284755808,2021-06-05,195,91106,2,0,169,6,False,35,https://github.com/d3/d3-timer
cli-width,281663610,2023-08-05,966,652796,2,0,24,4,False,12,https://github.com/knownasilya/cli-width
event-target-shim,280273823,2021-01-07,896,637867,1,0,130,29,False,27,https://github.com/mysticatea/event-target-shim
d3-scale,279534065,2021-09-24,2153,119152,2,0,1616,36,False,60,https://github.com/d3/d3-scale
@types/deep-eql,278631221,2023-11-07,8,8,1,0,51432,691,False,3,https://github.com/DefinitelyTyped/DefinitelyTyped
is-map,277180693,2024-03-08,442,474357,1,0,9,1,False,6,https://github.com/inspect-js/is-map
colorette,276492607,2023-04-16,2155,1727690,1,0,1624,9,False,37,https://github.com/jorgebucaran/colorette
lodash.isplainobject,274343972,2016-08-13,1449,984974,2,0,61277,104,False,19,https://github.com/lodash/lodash
@types/d3-timer,270553771,2023-11-07,51,23817,1,0,47049,681,False,19,https://github.com/DefinitelyTyped/DefinitelyTyped
buffer-crc32,270319801,2024-02-06,676,968951,2,0,100,8,False,24,https://github.com/brianloveswords/buffer-crc32
@types/d3-interpolate,269837965,2023-11-07,223,28402,1,0,51421,683,False,26,https://github.com/DefinitelyTyped/DefinitelyTyped
destroy,261513563,2022-03-20,1337,4522290,3,0,53,2,False,5,https://github.com/stream-utils/destroy
regenerator-runtime,258534114,2023-12-15,13548,4404245,1,0,3823,81,True,31,https://github.com/facebook/regenerator
is-potential-custom-element-name,257825611,2021-04-07,391,946146,1,0,9,0,False,2,https://github.com/mathiasbynens/is-potential-custom-element-name
object-hash,255821877,2022-02-18,2614,1803533,2,0,1473,40,False,47,https://github.com/puleos/object-hash
is-interactive,255019004,2021-05-03,654,704709,1,0,118,0,False,3,https://github.com/sindresorhus/is-interactive
whatwg-encoding,254925624,2023-11-12,616,2120358,6,0,26,0,True,10,https://github.com/jsdom/whatwg-encoding
extend-shallow,253129378,2017-12-20,1487,931824,2,0,34,4,False,13,https://github.com/jonschlinkert/extend-shallow
get-nonce,249198623,2020-04-17,23,64435,1,0,0,0,False,2,https://github.com/theKashey/get-nonce
detect-node-es,248713913,2021-03-18,29,74999,1,0,2,0,False,2,https://github.com/thekashey/detect-node
@types/connect,248359919,2023-11-07,436,1498356,1,0,51432,691,False,19,https://github.com/DefinitelyTyped/DefinitelyTyped
mimic-response,246913746,2021-08-11,530,887171,1,0,61,0,False,7,https://github.com/sindresorhus/mimic-response
object.fromentries,246261545,2024-03-18,808,1845167,1,0,32,1,False,11,https://github.com/es-shims/Object.fromEntries
@types/d3-ease,246010081,2023-11-07,158,21953,1,0,51419,680,False,21,https://github.com/DefinitelyTyped/DefinitelyTyped
redent,244940013,2021-05-03,754,2222532,1,0,55,0,False,4,https://github.com/sindresorhus/redent
ecdsa-sig-formatter,244736778,2019-01-25,96,731001,1,0,19,5,False,10,https://github.com/Brightspace/node-ecdsa-sig-formatter
@types/json5,244535558,2021-02-01,609,1794713,1,0,,,,13,
is-path-inside,243379881,2021-05-03,1018,3491616,1,0,40,0,False,10,https://github.com/sindresorhus/is-path-inside
istanbul-lib-source-maps,241537978,2024-07-02,1011,2609340,4,0,1103,202,False,42,https://github.com/istanbuljs/istanbuljs
jsonc-parser,240956627,2024-06-24,782,356275,7,0,758,28,False,39,https://github.com/microsoft/node-jsonc-parser
neo-async,237556674,2020-07-09,1383,1452098,1,0,654,15,False,77,https://github.com/suguru03/neo-async
utils-merge,237265514,2017-09-20,1591,4948638,1,0,69,8,False,2,https://github.com/jaredhanson/utils-merge
unist-util-stringify-position,236167538,2023-07-07,116,532663,2,0,6,0,False,13,https://github.com/syntax-tree/unist-util-stringify-position
lz-string,235891420,2023-03-04,1151,895003,1,0,4123,53,False,9,https://github.com/pieroxy/lz-string
@types/istanbul-reports,235552749,2023-11-07,69,1972747,1,0,51421,683,False,8,https://github.com/DefinitelyTyped/DefinitelyTyped
methods,234006967,2016-01-18,1452,4125259,6,0,180,3,False,7,https://github.com/jshttp/methods
mz,233791780,2017-09-13,2349,864353,9,0,1369,15,False,22,https://github.com/normalize/mz
abort-controller,231980919,2019-03-30,2366,593406,1,0,309,24,False,11,https://github.com/mysticatea/abort-controller
decimal.js-light,231720033,2020-09-30,4289,26901,1,0,411,6,False,17,https://github.com/MikeMcl/decimal.js-light
jsx-ast-utils,230302658,2023-07-29,711,1955342,3,0,164,21,False,35,https://github.com/jsx-eslint/jsx-ast-utils
type-detect,229600614,2024-07-25,1263,1341557,1,0,128,8,False,17,https://github.com/chaijs/type-detect
@protobufjs/path,229070126,2017-02-23,60,390695,2,0,10589,92,False,6,https://github.com/dcodeIO/protobuf.js
@types/yargs-parser,228894361,2023-11-07,433,1836231,1,0,51432,691,False,21,https://github.com/DefinitelyTyped/DefinitelyTyped
@protobufjs/aspromise,228412602,2017-04-24,63,390845,2,0,10585,83,False,7,https://github.com/dcodeIO/protobuf.js
is-extendable,227136595,2017-09-11,1051,990766,2,0,19,1,False,4,https://github.com/jonschlinkert/is-extendable
@protobufjs/float,226758119,2017-04-02,60,390575,2,0,10585,83,False,3,https://github.com/dcodeIO/protobuf.js
prompts,225057543,2021-10-07,7975,2075921,1,0,9310,151,False,36,https://github.com/terkelg/prompts
is-obj,223546682,2021-04-16,758,3285488,1,0,40,0,False,4,https://github.com/sindresorhus/is-obj
postgres-date,222834444,2021-12-08,12,221734,1,0,18,1,False,12,https://github.com/bendrucker/postgres-date
inflight,222211868,2016-10-13,2495,2061276,1,0,71,0,True,7,https://github.com/npm/inflight
@types/aria-query,220803714,2023-11-06,67,1229544,1,0,51432,691,False,10,https://github.com/DefinitelyTyped/DefinitelyTyped
@types/trusted-types,220080311,2023-11-21,81,741693,1,0,48512,736,False,15,https://github.com/DefinitelyTyped/DefinitelyTyped
vfile,220041686,2024-08-27,700,524329,1,0,531,0,False,42,https://github.com/vfile/vfile
loader-utils,219476946,2024-06-05,8210,1708802,3,3,771,14,True,50,https://github.com/webpack/loader-utils
thenify-all,218933383,2015-01-10,166,826147,4,0,57,1,False,9,https://github.com/thenables/thenify-all
fetch-blob,218481410,2023-05-18,371,59369,3,0,65,8,False,22,https://github.com/node-fetch/fetch-blob
@protobufjs/pool,218368048,2017-01-25,60,390696,2,0,10589,92,False,7,https://github.com/dcodeIO/protobuf.js
safe-stable-stringify,218327031,2024-08-24,250,75803,1,0,252,7,False,13,https://github.com/BridgeAR/safe-stable-stringify
pngjs,217830484,2023-02-20,1814,260735,1,0,686,47,False,24,https://github.com/pngjs/pngjs
@types/istanbul-lib-coverage,216249419,2023-11-07,97,1996416,1,0,51432,691,False,8,https://github.com/DefinitelyTyped/DefinitelyTyped
axobject-query,216042784,2024-07-15,245,2039445,2,0,34,8,False,19,https://github.com/A11yance/axobject-query
@types/mdast,215830411,2024-05-14,729,228245,1,0,51421,683,False,21,https://github.com/DefinitelyTyped/DefinitelyTyped
lodash.isboolean,215562154,2016-02-03,174,611406,2,0,61277,104,False,11,https://github.com/lodash/lodash
deep-eql,215070711,2024-06-03,692,425385,1,0,112,22,False,23,https://github.com/chaijs/deep-eql
character-entities-legacy,213663105,2021-10-29,91,409959,1,0,5,0,False,9,https://github.com/wooorm/character-entities-legacy
ansi-colors,213657748,2022-05-16,3032,3150703,2,0,454,19,False,29,https://github.com/doowb/ansi-colors
@types/istanbul-lib-report,213136815,2023-11-07,84,1972820,1,0,51421,683,False,6,https://github.com/DefinitelyTyped/DefinitelyTyped
escodegen,212777751,2023-06-29,3108,2366133,2,0,2689,144,False,60,https://github.com/estools/escodegen
@sinonjs/commons,212691606,2024-01-20,18,1806144,6,0,4,2,False,25,https://github.com/sinonjs/commons
setimmediate,211722260,2016-09-12,1342,983948,1,0,1303,19,False,6,https://github.com/yuzujs/setImmediate
any-promise,211715429,2016-05-08,912,841679,1,0,177,6,False,8,https://github.com/kevinbeaty/any-promise
array-union,211653050,2021-03-01,1900,3770523,1,0,79,0,False,8,https://github.com/sindresorhus/array-union
array-flatten,211498446,2019-11-21,1118,4097259,1,0,87,8,False,12,https://github.com/blakeembrey/array-flatten
@cspotcode/source-map-support,210789697,2022-05-02,37,228291,1,0,16,14,False,7,https://github.com/cspotcode/node-source-map-support
array.prototype.tosorted,210725811,2024-06-03,733,525562,1,0,10,2,False,6,https://github.com/es-shims/Array.prototype.toSorted
dir-glob,210584696,2019-06-29,1249,3220445,1,0,44,0,False,10,https://github.com/kevva/dir-glob
character-entities,208630827,2022-06-22,98,416996,1,0,10,0,False,10,https://github.com/wooorm/character-entities
process,207662985,2017-04-26,5072,951523,3,0,129,16,False,21,https://github.com/shtylman/node-process
@protobufjs/base64,206774070,2017-06-09,70,390737,2,0,10583,84,False,9,https://github.com/dcodeIO/protobuf.js
@types/range-parser,206647040,2023-11-07,62,1490192,1,0,51432,691,False,8,https://github.com/DefinitelyTyped/DefinitelyTyped
stack-utils,206347897,2022-11-08,1077,2122038,2,0,196,17,False,18,https://github.com/tapjs/stack-utils
thenify,205706546,2020-06-17,342,626473,3,1,109,2,False,9,https://github.com/thenables/thenify
unified,205211747,2024-06-19,2872,524269,2,0,5029,1,False,57,https://github.com/unifiedjs/unified
string.prototype.repeat,205088755,2020-05-21,113,75067,2,0,27,2,False,3,https://github.com/mathiasbynens/String.prototype.repeat
css.escape,204249907,2016-08-23,354,1100489,1,0,499,5,False,10,https://github.com/mathiasbynens/CSS.escape
postcss-load-config,203854481,2024-06-02,1791,2814519,2,0,663,11,False,30,https://github.com/postcss/postcss-load-config
mdast-util-to-string,203401490,2023-07-07,467,270842,2,0,46,0,False,17,https://github.com/syntax-tree/mdast-util-to-string
formdata-polyfill,203178653,2021-09-30,445,54660,1,0,359,4,False,44,https://github.com/jimmywarting/FormData
bluebird,202514522,2019-11-28,30080,8603,1,0,20486,131,False,223,https://github.com/petkaantonov/bluebird
progress,202448671,2018-12-05,4657,678995,5,0,2986,70,False,20,https://github.com/visionmedia/node-progress
archiver-utils,201300577,2024-03-10,63,180429,1,0,8,23,False,16,https://github.com/archiverjs/archiver-utils
object.groupby,200379339,2024-03-18,53,345709,1,0,4,1,False,4,https://github.com/es-shims/Object.groupBy
lodash.isstring,199681096,2016-02-03,1109,822612,2,0,61278,105,False,11,https://github.com/lodash/lodash
define-property,199573947,2018-01-26,1057,968223,2,0,21,4,False,12,https://github.com/jonschlinkert/define-property
rfdc,199117106,2024-06-12,584,773148,2,0,698,24,False,14,https://github.com/davidmarkclements/rfdc
get-package-type,198943827,2020-05-19,844,1077415,1,0,5,3,False,1,https://github.com/cfware/get-package-type
lie,198913842,2018-03-06,321,724435,1,0,741,5,False,47,https://github.com/calvinmetcalf/lie
defaults,198129692,2023-10-18,1246,1174952,1,0,76,0,False,9,https://github.com/sindresorhus/node-defaults
space-separated-tokens,197763707,2022-11-14,143,393761,1,0,10,0,False,10,https://github.com/wooorm/space-separated-tokens
bundle-name,197524635,2023-12-18,141,61806,1,0,11,0,False,9,https://github.com/sindresorhus/bundle-name
lodash.once,197241376,2016-08-13,250,731125,2,0,61277,104,False,12,https://github.com/lodash/lodash
react-transition-group,196979368,2022-08-01,7804,820354,3,0,10226,258,False,44,https://github.com/reactjs/react-transition-group
webpack-virtual-modules,196856985,2024-06-04,388,159121,1,0,518,4,False,27,https://github.com/sysgears/webpack-virtual-modules
lodash.camelcase,196740851,2016-08-13,4541,1028107,2,0,61277,104,False,8,https://github.com/lodash/lodash
jest-get-type,195927026,2023-08-21,988,2102211,6,0,45461,193,False,99,https://github.com/jestjs/jest
comma-separated-tokens,195307753,2022-11-14,105,392942,1,0,11,0,False,13,https://github.com/wooorm/comma-separated-tokens
client-only,195210804,2022-09-03,81,249350,1,0,,,,1,
is-decimal,194371145,2021-11-04,107,404248,1,0,5,0,False,7,https://github.com/wooorm/is-decimal
smart-buffer,194330811,2021-08-07,563,1127360,1,0,108,21,False,32,https://github.com/JoshGlazebrook/smart-buffer
json-bigint,192885004,2020-07-14,846,154682,1,1,878,58,False,17,https://github.com/sidorares/json-bigint
array.prototype.findlast,192480855,2024-03-19,319,194,1,0,4,1,False,9,https://github.com/es-shims/Array.prototype.findLast
lodash.debounce,190998829,2016-08-13,5499,1200377,2,0,61278,105,False,22,https://github.com/lodash/lodash
make-error,190889448,2020-02-19,928,1000848,3,0,70,20,False,22,https://github.com/JsCommunity/make-error
lodash.includes,190676049,2016-08-13,454,608242,2,0,61278,105,False,13,https://github.com/lodash/lodash
lodash.isnumber,190185036,2016-02-03,367,615644,2,0,58818,71,False,11,https://github.com/lodash/lodash
is-alphabetical,189732745,2021-11-04,108,404248,1,0,4,0,False,7,https://github.com/wooorm/is-alphabetical
devlop,189691063,2023-06-29,51,1568,1,0,41,0,False,2,https://github.com/wooorm/devlop
bser,188456333,2019-10-22,953,992341,2,0,13698,258,False,7,https://github.com/facebook/watchman
wordwrap,188299318,2015-05-07,1209,2192392,1,0,142,16,False,4,https://github.com/substack/node-wordwrap
trough,188271776,2024-02-05,100,521737,1,0,69,0,False,11,https://github.com/wooorm/trough
bail,188151781,2021-11-07,158,522552,1,0,12,0,False,9,https://github.com/wooorm/bail
character-reference-invalid,187924857,2021-10-27,87,401468,1,0,5,0,False,9,https://github.com/wooorm/character-reference-invalid
camelcase-css,187610403,2018-08-11,219,1073124,1,0,15,0,False,4,https://github.com/stevenvachon/camelcase-css
set-blocking,187416696,2016-05-17,1222,3960025,1,0,39,2,False,2,https://github.com/yargs/set-blocking
fb-watchman,187320625,2022-09-21,1100,992304,2,0,13698,258,False,17,https://github.com/facebook/watchman
@babel/plugin-syntax-import-meta,186548514,2020-06-30,4201,1681753,4,0,43990,780,False,33,https://github.com/babel/babel
node-int64,186362653,2015-04-04,1166,1430044,2,0,205,0,True,7,https://github.com/broofa/node-int64
wcwidth,186128534,2016-05-30,837,1107578,1,0,54,5,False,3,https://github.com/timoxley/wcwidth
@aws-crypto/util,185321726,2023-10-16,13,65199,2,0,69,33,False,11,https://github.com/aws/aws-sdk-js-crypto-helpers
lodash.isinteger,185230609,2016-08-13,100,610304,2,0,61277,104,False,5,https://github.com/lodash/lodash
@babel/plugin-syntax-optional-chaining,185051931,2020-01-13,168,3665838,4,0,43991,774,False,38,https://github.com/babel/babel
is-buffer,185020876,2020-11-03,1461,971086,1,0,94,8,False,16,https://github.com/feross/is-buffer
@babel/plugin-syntax-nullish-coalescing-operator,184847569,2020-01-13,84,3661245,4,0,43991,774,False,38,https://github.com/babel/babel
pg-int8,184741167,2017-11-14,5,204798,1,0,2,0,False,2,https://github.com/charmander/pg-int8
ccount,184268817,2021-10-28,89,432239,1,0,6,1,False,9,https://github.com/wooorm/ccount
longest-streak,184114710,2022-11-15,40,278360,1,0,9,1,False,9,https://github.com/wooorm/longest-streak
@types/stack-utils,183566356,2023-11-07,63,1905659,1,0,51432,691,False,6,https://github.com/DefinitelyTyped/DefinitelyTyped
mdast-util-phrasing,182923482,2024-02-01,22,43401,2,0,1,0,False,9,https://github.com/syntax-tree/mdast-util-phrasing
ts-node,182651561,2023-12-08,120593,883542,2,0,13129,232,False,128,https://github.com/TypeStrong/ts-node
min-indent,182476641,2020-05-28,665,1261772,2,0,19,2,False,2,https://github.com/thejameskyle/min-indent
damerau-levenshtein,182386795,2022-01-06,257,2038337,1,0,51,6,False,11,https://github.com/tad-lispy/node-damerau-levenshtein
tree-kill,181913822,2019-12-11,1298,1070896,2,3,359,24,False,13,https://github.com/pkrumins/node-tree-kill
cssom,181149179,2021-06-20,781,2147832,2,0,757,25,False,21,https://github.com/NV/CSSOM
immediate,180719993,2020-06-09,125,888684,1,0,145,13,False,31,https://github.com/calvinmetcalf/immediate
remark-parse,180603864,2023-09-18,1932,376321,3,0,8994,11,False,31,https://github.com/remarkjs/remark
is-alphanumerical,179876245,2021-11-04,100,404220,1,0,6,0,False,7,https://github.com/wooorm/is-alphanumerical
@rtsao/scc,179214874,2022-04-06,5,3,1,0,9,0,False,2,https://github.com/rtsao/scc
hast-util-whitespace,178926006,2023-07-31,56,121932,2,0,4,0,False,8,https://github.com/syntax-tree/hast-util-whitespace
diff-sequences,178345690,2023-08-21,866,1907072,8,0,45457,193,False,69,https://github.com/jestjs/jest
is-hexadecimal,178253505,2021-11-04,100,401903,1,0,2,0,False,7,https://github.com/wooorm/is-hexadecimal
through,178212479,2015-07-03,4094,829588,1,0,670,14,True,29,https://github.com/dominictarr/through
zwitch,178163384,2022-11-16,86,248296,1,0,17,0,False,11,https://github.com/wooorm/zwitch
@babel/plugin-syntax-async-generators,177084677,2020-01-13,208,4255829,4,0,43990,773,False,38,https://github.com/babel/babel
import-local,176868308,2024-07-22,2488,3448463,1,0,155,2,False,10,https://github.com/sindresorhus/import-local
@babel/plugin-syntax-numeric-separator,176736252,2020-06-30,38,3420436,4,0,43990,780,False,40,https://github.com/babel/babel
makeerror,176644292,2021-10-23,979,1401481,1,0,12,0,False,11,https://github.com/daaku/nodejs-makeerror
walker,176618763,2021-10-23,1074,983878,1,0,105,0,False,11,https://github.com/daaku/nodejs-walker
@babel/plugin-syntax-json-strings,176419492,2020-01-13,54,4444129,4,0,43990,780,False,19,https://github.com/babel/babel
crc-32,176333150,2022-04-04,656,157349,1,0,351,2,False,15,https://github.com/SheetJS/js-crc32
tmpl,176169789,2021-09-07,1004,1401565,1,1,20,0,False,5,https://github.com/daaku/nodejs-tmpl
unist-util-position,175946393,2023-07-07,179,213048,2,0,8,0,False,13,https://github.com/syntax-tree/unist-util-position
@babel/plugin-syntax-top-level-await,175936098,2021-06-09,301,3633475,4,0,43991,774,False,9,https://github.com/babel/babel
is-inside-container,175934735,2023-02-15,142,61752,1,0,74,0,False,1,https://github.com/sindresorhus/is-inside-container
uglify-js,175466961,2024-08-29,26568,2199119,3,3,13382,45,False,288,https://github.com/mishoo/UglifyJS
deep-extend,174658303,2018-05-22,1932,2907130,1,1,201,13,False,21,https://github.com/unclechu/node-deep-extend
@types/retry,174556124,2023-11-07,139,1092568,1,0,47049,681,False,9,https://github.com/DefinitelyTyped/DefinitelyTyped
@babel/plugin-syntax-object-rest-spread,174334344,2020-01-13,912,4657287,4,0,43991,774,False,38,https://github.com/babel/babel
json-schema,173789188,2021-11-09,2341,1556405,1,1,529,30,False,7,https://github.com/kriszyp/json-schema
detect-newline,173747687,2023-09-22,1122,2109804,1,0,56,0,False,13,https://github.com/sindresorhus/detect-newline
requires-port,173728037,2015-10-30,549,1725022,2,0,11,2,False,3,https://github.com/unshiftio/requires-port
resolve-cwd,172872231,2019-04-30,1547,3467571,1,0,70,0,False,3,https://github.com/sindresorhus/resolve-cwd
v8-to-istanbul,172804249,2024-06-22,897,1099851,2,0,136,39,False,55,https://github.com/istanbuljs/v8-to-istanbul
glob-to-regexp,171961990,2019-04-01,885,2209082,1,0,150,9,True,8,https://github.com/fitzgen/glob-to-regexp
graphemer,171530080,2022-09-19,245,780852,1,0,160,5,True,6,https://github.com/flmnt/graphemer
@istanbuljs/load-nyc-config,171291866,2020-05-20,45,1817306,5,0,3,7,False,5,https://github.com/istanbuljs/load-nyc-config
mimic-function,171126682,2024-03-14,5,4,1,0,96,0,False,2,https://github.com/sindresorhus/mimic-function
arrify,171040452,2021-04-28,1456,2398973,1,0,132,0,False,5,https://github.com/sindresorhus/arrify
fast-fifo,170483231,2023-08-21,34,36607,1,0,63,2,False,6,https://github.com/mafintosh/fast-fifo
@babel/plugin-syntax-class-properties,170464355,2021-02-03,675,3086265,4,0,43985,777,False,42,https://github.com/babel/babel
character-entities-html4,170213328,2021-10-29,17,215673,1,0,4,0,False,9,https://github.com/wooorm/character-entities-html4
@types/mime,168369138,2024-03-31,1428,1509678,1,0,46855,685,False,27,
@babel/plugin-syntax-optional-catch-binding,167615928,2020-01-13,65,4539577,4,0,43991,774,False,38,https://github.com/babel/babel
fs-constants,167523494,2018-04-26,179,608825,1,0,11,0,False,1,https://github.com/mafintosh/fs-constants
fast-diff,167312498,2023-05-19,721,731517,2,0,652,1,False,7,https://github.com/jhchen/fast-diff
path-browserify,167063412,2020-03-03,2997,745742,1,0,192,15,False,4,https://github.com/browserify/path-browserify
@babel/plugin-syntax-bigint,166939533,2020-01-13,235,1763011,4,0,43991,774,False,21,https://github.com/babel/babel
stringify-entities,166931803,2024-04-03,76,215704,1,0,20,0,False,16,https://github.com/wooorm/stringify-entities
spdx-exceptions,166352369,2024-02-15,1085,916734,1,0,16,2,False,12,https://github.com/kemitchell/spdx-exceptions.json
@aws-crypto/sha256-js,166100336,2023-10-16,1561,71832,2,0,69,33,False,19,https://github.com/aws/aws-sdk-js-crypto-helpers
require-main-filename,166019568,2019-01-28,1021,3489281,1,0,20,7,False,3,https://github.com/yargs/require-main-filename
@babel/plugin-syntax-logical-assignment-operators,165156784,2020-06-30,48,2661293,4,0,43991,774,False,28,https://github.com/babel/babel
he,164801203,2018-09-23,2111,2827549,2,0,3597,23,False,27,https://github.com/mathiasbynens/he
asap,164770496,2017-07-10,929,2638377,2,0,609,14,False,9,https://github.com/kriskowal/asap
chrome-trace-event,164265772,2024-05-29,677,1195361,2,0,27,0,False,9,https://github.com/samccone/chrome-trace-event
regenerate,163665649,2020-11-01,1313,3619401,1,0,378,6,False,26,https://github.com/mathiasbynens/regenerate
util,162549516,2022-10-16,5372,701284,6,0,255,23,False,14,https://github.com/browserify/node-util
ts-interface-checker,162392951,2021-10-11,151,697518,2,0,329,25,False,19,https://github.com/gristlabs/ts-interface-checker
unicode-canonical-property-names-ecmascript,162056002,2024-09-12,966,3422841,2,0,14,1,False,7,https://github.com/mathiasbynens/unicode-canonical-property-names-ecmascript
concat-stream,161870212,2018-12-21,4740,1049268,3,1,573,18,False,37,https://github.com/maxogden/concat-stream
minimalistic-assert,161853643,2018-04-11,652,1537126,2,0,18,1,False,2,https://github.com/calvinmetcalf/minimalistic-assert
co,161233427,2015-07-09,10884,1566701,3,0,11836,44,False,34,https://github.com/tj/co
@xtuc/ieee754,160582163,2018-07-19,8,1119262,1,0,122,5,False,1,https://github.com/feross/ieee754
which-module,160351673,2023-04-21,1003,3468922,1,0,27,8,False,4,https://github.com/nexdrew/which-module
fast-safe-stringify,159768385,2021-09-08,760,353584,3,0,359,9,False,36,https://github.com/davidmarkclements/fast-safe-stringify
h3,159354055,2016-10-16,330,10648,1,10,5415,61,False,151,h3js/h3
ast-types-flow,157285345,2023-04-15,547,2035986,1,0,16,0,False,8,https://github.com/kyldvs/ast-types-flow
xml2js,156693192,2023-07-26,8930,1065103,1,1,4963,249,False,52,https://github.com/Leonidas-from-XIV/node-xml2js
rc,156679894,2018-05-26,2071,2862005,9,1,1023,37,False,48,https://github.com/dominictarr/rc
tunnel-agent,155795504,2017-03-05,805,4021,4,1,117,33,False,8,https://github.com/mikeal/tunnel-agent
commondir,155691712,2015-03-14,1266,1447358,1,0,45,1,False,5,https://github.com/substack/node-commondir
micromark-extension-gfm-autolink-literal,155419001,2024-07-05,30,53688,1,0,9,0,False,20,https://github.com/micromark/micromark-extension-gfm-autolink-literal
json-stringify-safe,154521646,2015-05-19,2507,5239,2,0,555,7,False,5,https://github.com/isaacs/json-stringify-safe
pend,154266240,2014-11-23,252,742033,1,0,15,0,False,6,https://github.com/andrewrk/node-pend
@babel/plugin-syntax-private-property-in-object,154015087,2021-06-09,10,1674102,4,0,43990,780,False,2,https://github.com/babel/babel
spdx-correct,153982493,2023-03-07,1174,4063,2,0,35,2,False,18,https://github.com/jslicense/spdx-correct.js
compressible,153868882,2020-01-06,948,3417401,5,0,103,8,False,26,https://github.com/jshttp/compressible
jest-pnp-resolver,153715933,2022-11-15,2302,1909842,1,0,25,3,False,9,https://github.com/arcanis/jest-pnp-resolver
trim-lines,153070060,2022-07-03,23,106908,1,0,51,0,False,8,https://github.com/wooorm/trim-lines
mdast-util-gfm-table,153036676,2023-07-10,42,53511,2,0,15,1,False,16,https://github.com/syntax-tree/mdast-util-gfm-table
redux,152997394,2023-12-23,21274,932901,6,0,61486,25,False,85,https://github.com/reduxjs/redux
text-table,152806188,2013-10-05,2289,2282127,1,0,,,,5,https://github.com/substack/text-table
estree-util-is-identifier-name,152060404,2023-07-19,42,33503,2,0,3,0,False,6,https://github.com/syntax-tree/estree-util-is-identifier-name
@xtuc/long,151993981,2019-02-18,10,1612951,1,0,919,2,False,5,https://github.com/dcodeIO/long.js
dlv,151578997,2019-05-22,423,1110040,1,0,1251,10,False,7,https://github.com/developit/dlv
@aws-crypto/supports-web-crypto,151234829,2023-10-16,10,71361,2,0,69,33,False,14,https://github.com/aws/aws-sdk-js-crypto-helpers
unicode-match-property-ecmascript,151168242,2021-09-14,962,3422853,2,0,7,0,False,6,https://github.com/mathiasbynens/unicode-match-property-ecmascript
regjsgen,150863353,2023-06-06,785,3603178,1,0,32,2,False,13,https://github.com/bnjmnt4n/regjsgen
validate-npm-package-license,150771855,2018-08-05,1233,3917,1,0,29,0,False,10,https://github.com/kemitchell/validate-npm-package-license.js
micromark-extension-gfm-task-list-item,150691656,2024-07-05,22,53720,1,0,7,1,False,15,https://github.com/micromark/micromark-extension-gfm-task-list-item
mdast-util-gfm-task-list-item,150683405,2023-07-10,20,53375,2,0,6,2,False,11,https://github.com/syntax-tree/mdast-util-gfm-task-list-item
micromark-extension-gfm-strikethrough,150492988,2024-07-05,36,53804,1,0,3,0,False,21,https://github.com/micromark/micromark-extension-gfm-strikethrough
@babel/plugin-proposal-private-property-in-object,150326315,2023-06-05,1456,1660697,4,0,11,5,False,26,https://github.com/babel/babel-plugin-proposal-private-property-in-object
hoist-non-react-statics,150059805,2020-01-22,3585,1377622,1,0,1800,28,False,33,https://github.com/mridgway/hoist-non-react-statics
lower-case,150042225,2023-09-30,462,2498991,1,0,2405,17,False,14,https://github.com/blakeembrey/change-case
v8-compile-cache-lib,150022552,2022-04-16,351,191646,1,0,12,3,False,2,https://github.com/cspotcode/v8-compile-cache-lib
@types/tough-cookie,149416064,2023-11-07,595,111207,1,0,51432,691,False,18,https://github.com/DefinitelyTyped/DefinitelyTyped
micromark-extension-gfm-footnote,148766981,2024-07-05,21,41868,1,0,11,0,False,10,https://github.com/micromark/micromark-extension-gfm-footnote
no-case,148560098,2023-09-30,435,2491087,1,1,2405,17,False,12,https://github.com/blakeembrey/change-case
read-pkg-up,148534000,2023-11-03,2887,4757,1,0,267,0,False,14,https://github.com/sindresorhus/read-pkg-up
is-generator-fn,147947550,2021-08-11,836,1984793,1,0,24,0,False,4,https://github.com/sindresorhus/is-generator-fn
parse-ms,147903947,2024-01-07,180,149039,1,0,122,0,False,9,https://github.com/sindresorhus/parse-ms
mdast-util-gfm-autolink-literal,147234762,2024-08-19,27,53699,2,0,16,3,False,10,https://github.com/syntax-tree/mdast-util-gfm-autolink-literal
@types/eslint,147164242,2024-08-26,5603,1741976,1,0,51432,691,False,87,https://github.com/DefinitelyTyped/DefinitelyTyped
ret,147148404,2023-03-16,930,3789143,1,0,98,7,False,27,https://github.com/fent/ret.js
url-parse,147030946,2022-02-22,2573,2588673,4,8,1034,16,False,51,https://github.com/unshiftio/url-parse
didyoumean,146996387,2021-06-24,440,1087639,1,0,184,2,False,4,https://github.com/dcporter/didyoumean.js
lodash.memoize,146915045,2016-08-13,1176,2831604,2,0,61277,104,False,21,https://github.com/lodash/lodash
reflect-metadata,146376157,2024-03-29,21618,886822,1,0,3361,29,False,20,https://github.com/rbuckton/reflect-metadata
querystringify,146128409,2020-08-17,469,2603839,4,1,175,0,False,10,https://github.com/unshiftio/querystringify
mdast-util-mdx-expression,146034977,2024-09-13,20,35013,2,0,5,0,False,12,https://github.com/syntax-tree/mdast-util-mdx-expression
mdast-util-mdxjs-esm,145668275,2023-08-08,53,27883,2,0,7,0,False,11,https://github.com/syntax-tree/mdast-util-mdxjs-esm
@babel/plugin-syntax-class-static-block,143721694,2021-06-09,16,1658694,4,0,43990,780,False,4,https://github.com/babel/babel
@types/estree-jsx,143494919,2024-02-23,68,31670,1,0,51376,675,False,9,https://github.com/DefinitelyTyped/DefinitelyTyped
@js-sdsl/ordered-map,143470324,2023-07-21,1,0,2,0,800,19,False,8,https://github.com/js-sdsl/js-sdsl
mdast-util-gfm-strikethrough,143425206,2023-07-10,36,53792,2,0,5,1,False,10,https://github.com/syntax-tree/mdast-util-gfm-strikethrough
aggregate-error,142713407,2023-09-14,1297,1838394,1,0,247,2,False,11,https://github.com/sindresorhus/aggregate-error
@aws-crypto/sha256-browser,142686384,2023-10-16,1605,71363,2,0,69,33,False,20,https://github.com/aws/aws-sdk-js-crypto-helpers
@emotion/memoize,142538443,2024-07-19,49,774299,2,0,18020,393,False,19,https://github.com/emotion-js/emotion
typedarray,141767523,2022-10-12,895,830363,1,0,2,0,False,8,https://github.com/es-shims/typedarray
@swc/counter,141538164,2024-02-05,3,15828,1,0,59,9,False,4,https://github.com/swc-project/pkgs
pluralize,141522317,2019-05-25,4718,902979,1,0,2213,59,False,34,https://github.com/blakeembrey/pluralize
memoize-one,140323031,2021-10-20,2462,324484,1,0,2967,17,False,35,https://github.com/alexreardon/memoize-one
environment,140317505,2024-05-14,3,19,1,0,167,0,False,4,https://github.com/sindresorhus/environment
fs-minipass,139857855,2023-08-14,452,3246496,1,0,20,3,False,19,https://github.com/npm/fs-minipass
postgres-interval,138761742,2024-01-29,32,221734,1,0,38,0,False,14,https://github.com/bendrucker/postgres-interval
duplexify,137479121,2024-03-06,950,753415,1,0,191,12,False,40,https://github.com/mafintosh/duplexify
@humanwhocodes/config-array,137135951,2024-04-17,13,1468908,1,0,31,17,True,44,https://github.com/humanwhocodes/config-array
acorn-import-attributes,137002400,2024-03-29,15,0,1,0,22,4,False,6,https://github.com/xtuc/acorn-import-attributes
string-argv,136845332,2023-05-01,389,250580,2,0,63,4,False,10,https://github.com/mccormicka/string-argv
@types/resolve,136195657,2023-11-21,918,1339219,1,0,51421,683,False,19,https://github.com/DefinitelyTyped/DefinitelyTyped
@polka/url,136164555,2018-09-18,29,157279,1,0,5591,32,False,20,https://github.com/lukeed/polka
tweetnacl,135951997,2020-02-10,2661,923630,1,0,1923,7,False,25,https://github.com/dchest/tweetnacl-js
remark-stringify,134839210,2023-09-18,840,244882,3,0,8996,11,False,34,https://github.com/remarkjs/remark
@sindresorhus/merge-streams,134832152,2024-05-04,1,858,1,0,64,0,False,11,https://github.com/sindresorhus/merge-streams
micromark-extension-gfm-tagfilter,134474238,2023-06-23,12,53680,1,0,3,0,False,7,https://github.com/micromark/micromark-extension-gfm-tagfilter
micromark-extension-gfm,134240084,2023-06-26,61,53380,1,0,40,0,False,12,https://github.com/micromark/micromark-extension-gfm
big-integer,134035086,2023-11-21,1605,491934,1,0,1126,17,False,102,https://github.com/peterolson/BigInteger.js
@types/graceful-fs,133280569,2023-11-07,323,1747353,1,0,51432,691,False,23,https://github.com/DefinitelyTyped/DefinitelyTyped
@humanwhocodes/object-schema,133138014,2024-04-01,4,1469092,1,0,33,1,True,11,https://github.com/humanwhocodes/object-schema
p-finally,133005674,2021-04-09,1036,782912,1,0,47,0,True,4,https://github.com/sindresorhus/p-finally
is-windows,130975290,2018-02-14,1432,1041662,2,0,49,3,True,6,https://github.com/jonschlinkert/is-windows
fsevents,130657684,2023-08-21,5083,5289351,2,1,569,19,False,67,https://github.com/fsevents/fsevents
enquirer,130398529,2023-07-28,3808,727459,2,0,7951,207,False,37,https://github.com/enquirer/enquirer
lodash.uniq,130133203,2016-08-13,1679,2728170,2,0,58818,71,False,22,https://github.com/lodash/lodash
recharts-scale,129341838,2021-03-25,62,23656,2,0,4,7,False,24,https://github.com/recharts/recharts-scale
denque,128949544,2022-07-18,234,615261,1,0,373,15,True,24,https://github.com/invertase/denque
randombytes,128834743,2019-02-19,2276,1888601,5,0,102,8,False,9,https://github.com/crypto-browserify/randombytes
astral-regex,127814162,2019-04-05,1073,2279822,1,0,34,0,False,2,https://github.com/kevva/astral-regex
promise,127668894,2022-10-25,7398,2496111,2,0,2587,24,False,33,https://github.com/then/promise
dot-case,127319956,2023-09-30,227,1253468,1,0,2405,17,False,17,https://github.com/blakeembrey/change-case
d3-selection,127289552,2021-06-07,1623,72750,2,0,572,16,False,58,https://github.com/d3/d3-selection
invariant,126869095,2018-03-13,5321,2745293,3,0,1230,18,False,13,https://github.com/zertosh/invariant
lazystream,126612122,2021-10-23,107,450823,1,0,51,5,False,5,https://github.com/jpommerening/node-lazystream
is-typedarray,126586516,2015-05-17,1205,5513,1,0,22,7,False,2,https://github.com/hughsk/is-typedarray
totalist,126327269,2023-04-03,100,160599,1,0,150,2,False,7,https://github.com/lukeed/totalist
globrex,125979543,2018-12-16,202,127863,1,0,76,3,False,7,https://github.com/terkelg/globrex
cli-boxes,125736660,2024-08-04,558,1202957,1,0,110,1,False,8,https://github.com/sindresorhus/cli-boxes
@ampproject/remapping,124939725,2024-03-01,145,1514643,2,0,136,1,True,19,https://github.com/ampproject/remapping
p-cancelable,124613797,2022-07-19,659,1122037,1,0,451,0,False,15,https://github.com/sindresorhus/p-cancelable
classnames,124476008,2023-12-29,35031,1044974,2,0,17778,12,False,30,https://github.com/JedWatson/classnames
@emotion/unitless,123550109,2024-08-21,81,742916,2,0,18020,393,False,19,https://github.com/emotion-js/emotion
json-schema-to-ts,123342464,2024-08-29,164,3368,1,0,1781,32,False,80,https://github.com/ThomasAribart/json-schema-to-ts
on-exit-leak-free,122881947,2023-10-03,25,19551,1,0,145,5,False,7,https://github.com/mcollina/on-exit-or-gc
d3-dispatch,122744441,2021-06-05,207,79274,2,0,76,4,False,29,https://github.com/d3/d3-dispatch
fd-slicer,122499031,2018-06-03,212,743324,2,0,30,5,False,12,https://github.com/andrewrk/node-fd-slicer
unenv,122224078,2024-07-16,61,6760,1,0,768,37,False,83,https://github.com/unjs/unenv
csso,121940013,2022-08-10,982,2739126,3,0,3787,103,False,82,https://github.com/css/csso
performance-now,121907599,2017-02-19,1187,4469,1,0,0,2,False,11,https://github.com/braveg1rl/performance-now
stream-shift,121506199,2024-01-17,370,593454,1,0,22,1,False,4,https://github.com/mafintosh/stream-shift
asn1,121362732,2021-11-04,742,325120,10,0,63,20,False,18,https://github.com/joyent/node-asn1
cli-table3,121292008,2024-05-12,1709,497518,2,0,635,27,False,9,https://github.com/cli-table/cli-table3
d3-transition,121032968,2021-06-09,603,68594,2,0,226,12,False,48,https://github.com/d3/d3-transition
interpret,120975646,2022-06-29,1406,1629520,3,0,262,5,False,42,https://github.com/gulpjs/interpret
deep-equal,120421348,2023-11-09,3909,2827902,1,0,778,4,False,22,https://github.com/inspect-js/node-deep-equal
streamsearch,120420406,2021-12-19,111,470874,1,0,74,3,False,7,https://github.com/mscdex/streamsearch
@szmarczak/http-timer,119259522,2021-08-20,13,896216,1,0,191,6,False,20,https://github.com/szmarczak/http-timer
global-prefix,118937895,2024-08-17,400,959861,3,0,29,6,False,11,https://github.com/jonschlinkert/global-prefix
babel-plugin-macros,118673772,2021-05-05,2591,1650407,1,0,2632,12,False,37,https://github.com/kentcdodds/babel-plugin-macros
d3-drag,118169305,2021-06-09,317,62693,2,0,343,12,False,28,https://github.com/d3/d3-drag
component-emitter,118119649,2023-11-17,1656,567483,1,0,606,0,False,7,https://github.com/sindresorhus/component-emitter
lodash.defaults,117885351,2016-08-13,924,590723,2,0,61277,104,False,15,https://github.com/lodash/lodash
mitt,117711457,2023-07-04,2540,321160,1,0,11907,27,False,12,https://github.com/developit/mitt
create-require,117655797,2020-11-26,501,397926,1,0,31,2,False,7,https://github.com/nuxt-contrib/create-require
flat,117521203,2023-09-19,2250,441511,3,1,1770,51,False,28,https://github.com/hughsk/flat
busboy,117487906,2022-04-19,1087,428463,1,0,2999,39,False,41,https://github.com/mscdex/busboy
faye-websocket,117249683,2021-05-24,665,3105318,1,0,612,5,False,30,https://github.com/faye/faye-websocket-node
async-retry,117183675,2021-08-17,1689,135879,2,0,1919,30,False,18,https://github.com/vercel/async-retry
@babel/plugin-syntax-unicode-sets-regex,116574317,2022-06-27,5,310099,4,0,43991,774,False,7,https://github.com/babel/babel
node-gyp-build-optional-packages,115478955,2024-06-09,21,32618,1,0,124,32,False,19,https://github.com/prebuild/node-gyp-build
@aws-crypto/crc32,114489894,2023-10-16,24,16091,2,0,69,33,False,19,https://github.com/aws/aws-sdk-js-crypto-helpers
d3-geo,113860079,2024-03-12,409,71380,2,0,1100,34,False,54,https://github.com/d3/d3-geo
cacheable-lookup,113416207,2022-09-27,413,168825,1,0,221,20,False,34,https://github.com/szmarczak/cacheable-lookup
mkdirp-classic,113163809,2020-05-04,112,248497,1,0,4,0,False,2,https://github.com/mafintosh/mkdirp-classic
object-is,112937506,2024-02-28,392,2203157,1,0,24,1,False,11,https://github.com/es-shims/object-is
extsprintf,112476309,2021-11-02,610,6246,12,0,36,1,False,11,https://github.com/davepacheco/node-extsprintf
rechoir,112455620,2021-07-24,952,935404,1,0,48,2,False,13,https://github.com/gulpjs/rechoir
exit,112124716,2013-11-26,1183,2586560,1,0,67,8,False,3,https://github.com/cowboy/node-exit
lodash.isequal,111924648,2017-01-10,4209,499092,2,0,61277,104,False,23,https://github.com/lodash/lodash
global-modules,110719180,2018-12-15,756,959564,1,0,35,7,False,7,https://github.com/jonschlinkert/global-modules
dateformat,109848192,2022-02-19,3224,589718,6,0,1293,16,False,42,https://github.com/felixge/node-dateformat
hast-util-parse-selector,109201362,2023-08-01,68,356957,2,0,13,0,False,14,https://github.com/syntax-tree/hast-util-parse-selector
normalize-range,109172618,2015-09-13,296,3193916,1,0,17,1,False,3,https://github.com/jamestalmage/normalize-range
camel-case,108691457,2023-09-30,1211,2493883,1,0,2405,17,False,21,https://github.com/blakeembrey/change-case
redux-thunk,108587112,2023-12-04,7365,591408,5,0,17664,2,False,23,https://github.com/reduxjs/redux-thunk
change-case,108357112,2024-04-03,4046,155328,1,0,2405,17,False,45,https://github.com/blakeembrey/change-case
layout-base,108081187,2021-06-25,5,10135,6,0,5,4,False,5,https://github.com/iVis-at-Bilkent/layout-base
atomic-sleep,107666816,2020-03-09,68,45542,1,0,86,3,False,1,https://github.com/davidmarkclements/atomic-sleep
d3-zoom,107594598,2021-06-10,428,57906,2,0,535,23,False,36,https://github.com/d3/d3-zoom
http2-wrapper,107025561,2023-11-10,354,138437,2,0,250,14,False,59,https://github.com/szmarczak/http2-wrapper
is-regexp,106800033,2021-10-31,166,1682812,1,0,24,0,False,5,https://github.com/sindresorhus/is-regexp
unique-string,106189115,2021-04-05,610,1699885,1,0,89,0,False,3,https://github.com/sindresorhus/unique-string
stackframe,105983023,2022-06-06,512,1380694,4,0,82,12,False,21,https://github.com/stacktracejs/stackframe
file-uri-to-path,105874624,2019-10-11,488,457029,1,0,29,3,False,4,https://github.com/TooTallNate/file-uri-to-path
cose-base,105744382,2023-01-17,7,10285,1,0,11,2,False,7,https://github.com/iVis-at-Bilkent/cose-base
boxen,105684521,2024-08-05,5510,1199012,1,0,1675,9,False,41,https://github.com/sindresorhus/boxen
websocket-extensions,105624277,2020-06-02,395,3053754,1,1,75,1,False,5,https://github.com/faye/websocket-extensions-node
error-stack-parser,105367179,2022-06-06,971,1411254,5,0,486,24,False,35,https://github.com/stacktracejs/error-stack-parser
detect-node,104431329,2021-05-16,817,2961651,1,0,75,3,False,8,https://github.com/iliakan/detect-node
@types/node-fetch,104393029,2021-09-03,11906,232290,1,0,51421,683,False,56,https://github.com/DefinitelyTyped/DefinitelyTyped
@emotion/hash,103820750,2024-07-19,147,609897,2,0,18020,393,False,17,https://github.com/emotion-js/emotion
html-void-elements,103782431,2023-05-19,87,185986,1,0,28,0,False,9,https://github.com/wooorm/html-void-elements
param-case,103735837,2023-09-30,725,2431340,1,0,2405,17,False,17,https://github.com/blakeembrey/change-case
bindings,103304255,2019-02-27,3518,436775,1,0,415,35,False,19,https://github.com/TooTallNate/node-bindings
pascal-case,102878534,2023-09-30,1284,1291729,1,0,2405,17,False,16,https://github.com/blakeembrey/change-case
@types/d3-zoom,102414348,2023-11-07,165,11627,1,0,48512,736,False,45,https://github.com/DefinitelyTyped/DefinitelyTyped
simple-get,101963873,2022-01-25,497,342958,2,1,402,23,False,39,https://github.com/feross/simple-get
buffer-equal-constant-time,101740021,2013-12-16,119,732467,2,0,15,1,True,2,https://github.com/goinstant/buffer-equal-constant-time
url,101609338,2024-07-26,5559,895914,3,0,376,16,False,11,https://github.com/defunctzombie/node-url
whatwg-fetch,101562961,2023-12-13,9143,1998972,1,0,25852,23,False,51,https://github.com/github/fetch
promise-retry,101407704,2020-06-14,631,852861,3,0,319,11,False,17,https://github.com/IndigoUnited/node-promise-retry
lodash.clonedeep,101353288,2016-08-13,4580,1072070,2,0,61277,104,False,24,https://github.com/lodash/lodash
minipass-collect,100458607,2023-08-20,235,1432440,1,0,3,2,False,5,https://github.com/isaacs/minipass-collect
colors,100445735,2019-09-22,29121,535834,1,2,5161,91,False,26,https://github.com/Marak/colors.js
encoding,100159740,2020-07-10,937,1307827,1,0,89,7,False,13,https://github.com/andris9/encoding
fastest-levenshtein,100095363,2022-08-02,482,376705,1,0,774,2,False,17,https://github.com/ka-weihe/fastest-levenshtein
clone-deep,99924150,2018-11-22,1418,2208537,2,0,318,8,False,16,https://github.com/jonschlinkert/clone-deep
shallow-clone,99751739,2019-04-16,800,2182387,2,0,31,0,False,9,https://github.com/jonschlinkert/shallow-clone
jsbn,99664744,2017-02-13,832,900521,1,0,173,17,False,4,https://github.com/andyperlitch/jsbn
icss-utils,99554884,2020-11-19,449,2763117,4,0,22,18,False,10,https://github.com/css-modules/icss-utils
@types/normalize-package-data,99476425,2023-11-07,139,1399447,1,0,51432,691,False,5,https://github.com/DefinitelyTyped/DefinitelyTyped
duplexer2,99385053,2015-11-08,344,561797,3,0,70,6,False,7,https://github.com/deoxxa/duplexer2
emojis-list,99297016,2019-05-12,558,5586,1,0,93,1,False,8,https://github.com/kikobeats/emojis-list
w3c-keyname,98975052,2023-06-07,60,14037,1,0,34,2,True,22,https://github.com/marijnh/w3c-keyname
assert-plus,98512765,2016-01-27,1241,916223,9,0,118,12,False,8,https://github.com/mcavage/node-assert-plus
err-code,98433875,2021-02-05,384,846998,2,0,20,13,False,13,https://github.com/IndigoUnited/js-err-code
react-fast-compare,97581348,2023-05-18,784,392869,7,0,1665,13,False,15,https://github.com/FormidableLabs/react-fast-compare
@hapi/topo,97577630,2023-03-11,49,1934516,6,0,109,0,False,14,https://github.com/hapijs/topo
aws4,97279740,2024-08-28,1066,9726,1,0,718,39,False,75,https://github.com/mhart/aws4
@types/d3-format,97056392,2023-11-07,183,13257,1,0,51421,683,False,30,https://github.com/DefinitelyTyped/DefinitelyTyped
extract-zip,97011339,2020-06-10,1503,447828,2,2,399,60,False,24,https://github.com/maxogden/extract-zip
postcss-modules-extract-imports,96939259,2024-04-03,607,2821775,4,0,41,11,False,19,https://github.com/css-modules/postcss-modules-extract-imports
os-tmpdir,96526492,2018-11-08,1255,796790,1,0,37,0,True,4,https://github.com/sindresorhus/os-tmpdir
fecha,95265061,2022-04-15,409,155573,1,0,2067,8,False,25,https://github.com/taylorhakes/fecha
http-proxy,94589519,2020-05-17,3478,1171454,4,2,14125,619,False,85,https://github.com/http-party/node-http-proxy
d3-delaunay,94569686,2023-04-01,76,24641,3,0,655,1,False,41,https://github.com/d3/d3-delaunay
@types/d3-time-format,94460484,2023-11-07,151,11991,1,0,51432,691,False,22,https://github.com/DefinitelyTyped/DefinitelyTyped
simple-concat,94328643,2020-07-17,135,390207,1,0,23,1,False,2,https://github.com/feross/simple-concat
duplexer,94075681,2020-08-12,673,2218742,1,0,96,1,False,7,https://github.com/Raynos/duplexer
at-least-node,93784505,2020-02-01,478,1195589,1,0,3,0,False,1,https://github.com/RyanZim/at-least-node
acorn-globals,93581027,2022-09-02,689,2226795,3,0,47,3,False,27,https://github.com/ForbesLindesay/acorn-globals
snake-case,93220318,2023-09-30,469,170439,1,0,2405,17,False,16,https://github.com/blakeembrey/change-case
typedarray-to-buffer,93207463,2020-11-23,1047,1558644,1,0,66,0,False,19,https://github.com/feross/typedarray-to-buffer
@jridgewell/set-array,93145999,2024-02-29,5,1278647,1,0,4,1,False,7,https://github.com/jridgewell/set-array
proper-lockfile,92956095,2021-01-25,334,137128,2,0,232,19,False,33,https://github.com/moxystudio/node-proper-lockfile
@types/d3-drag,92777983,2023-11-07,137,11344,1,0,51432,691,False,31,https://github.com/DefinitelyTyped/DefinitelyTyped
base64-arraybuffer,92642984,2022-01-22,616,1121098,1,0,373,11,False,9,https://github.com/niklasvh/base64-arraybuffer
redis-errors,92639918,2017-06-01,45,69666,2,0,6,3,False,3,https://github.com/NodeRedis/redis-errors
load-json-file,92598735,2021-09-13,1639,5188,1,0,250,0,False,15,https://github.com/sindresorhus/load-json-file
postcss-modules-values,92565064,2020-10-13,708,2820939,4,0,41,14,False,18,https://github.com/css-modules/postcss-modules-values
@dnd-kit/utilities,92498308,2023-11-06,294,8341,1,0,17603,126,False,87,https://github.com/clauderic/dnd-kit
@emotion/weak-memoize,92207307,2024-07-19,64,394801,2,0,18020,393,False,15,https://github.com/emotion-js/emotion
is-node-process,92166480,2023-03-23,18,8302,1,0,12,2,False,4,https://github.com/mswjs/is-node-process
config-chain,92028006,2021-06-03,420,580206,2,0,105,3,True,24,https://github.com/dominictarr/config-chain
jsprim,91983703,2021-11-17,601,5049,12,0,33,4,False,29,https://github.com/joyent/node-jsprim
vfile-location,91773703,2024-07-15,126,323189,1,0,14,0,False,18,https://github.com/vfile/vfile-location
strict-event-emitter,91756674,2023-09-21,31,10496,1,0,67,0,False,22,https://github.com/open-draft/strict-event-emitter
domexception,91701686,2021-10-06,627,2042348,6,0,22,0,True,6,https://github.com/jsdom/domexception
abab,91692763,2022-04-17,889,2273720,1,0,91,0,True,12,https://github.com/jsdom/abab
@popperjs/core,91436781,2023-05-26,5137,622132,2,0,32741,61,False,75,https://github.com/popperjs/popper-core
tailwindcss-animate,91434347,2023-08-28,548,29990,1,0,,,,8,
expand-template,91271566,2018-11-27,50,237089,1,0,18,0,False,11,https://github.com/ralphtheninja/expand-template
is-installed-globally,90844923,2023-11-06,593,1091810,1,0,71,1,False,7,https://github.com/sindresorhus/is-installed-globally
joycon,90446698,2021-12-01,254,37908,1,0,150,12,False,24,https://github.com/egoist/joycon
symbol-observable,90361520,2021-04-15,613,1492619,3,0,187,3,False,19,https://github.com/blesh/symbol-observable
punycode.js,90140696,2023-10-30,6,3599,2,0,1691,47,False,3,https://github.com/mathiasbynens/punycode.js
common-tags,89999073,2021-11-16,1823,1658574,2,0,2027,16,False,26,https://github.com/zspecza/common-tags
redis-parser,89812691,2017-05-25,78,139495,2,0,86,9,False,18,https://github.com/NodeRedis/node-redis-parser
d3-hierarchy,89691228,2022-04-02,497,73704,2,0,1271,26,False,34,https://github.com/d3/d3-hierarchy
proto-list,89322660,2015-05-21,334,579880,1,0,20,13,False,7,https://github.com/isaacs/proto-list
one-time,89288178,2019-05-05,84,138677,3,0,9,0,False,6,https://github.com/3rd-Eden/one-time
aws-sign2,89015156,2017-04-12,681,9743,1,0,30,2,False,4,https://github.com/mikeal/aws-sign
ansi-align,88978051,2021-09-27,646,1198213,1,0,24,15,False,5,https://github.com/nexdrew/ansi-align
asn1.js,88634075,2020-06-18,667,814933,2,0,189,43,False,71,https://github.com/indutny/asn1.js
triple-beam,88614616,2023-07-10,309,135332,2,0,26,8,False,7,https://github.com/winstonjs/triple-beam
external-editor,88422995,2019-07-08,945,629749,1,0,44,11,False,18,https://github.com/mrkmg/node-external-editor
@types/d3-delaunay,88307078,2023-11-07,32,7119,1,0,51421,683,False,14,https://github.com/DefinitelyTyped/DefinitelyTyped
cluster-key-slot,88106280,2022-11-01,48,53351,1,0,22,2,False,16,https://github.com/Salakar/cluster-key-slot
@emotion/sheet,88050486,2024-07-20,43,394789,2,0,18020,393,False,40,https://github.com/emotion-js/emotion
defer-to-connect,87902321,2021-02-24,481,917975,1,0,9,0,False,9,https://github.com/szmarczak/defer-to-connect
web-namespaces,87866714,2021-11-05,56,313754,1,0,6,0,False,8,https://github.com/wooorm/web-namespaces
@nolyfill/is-core-module,87701863,2024-07-22,0,0,1,0,1186,39,False,5,https://github.com/SukkaW/nolyfill
dezalgo,87175059,2022-04-06,202,551330,1,0,93,4,False,5,https://github.com/npm/dezalgo
text-hex,87066568,2018-07-17,22,138711,2,0,8,1,False,2,https://github.com/3rd-Eden/text-hex
engine.io-parser,87063679,2024-07-11,215,1253645,2,0,63212,200,False,52,https://github.com/socketio/socket.io
has-values,86928313,2018-01-31,938,3781356,1,0,23,3,False,7,https://github.com/jonschlinkert/has-values
cheerio-select,86868235,2022-05-16,49,103761,1,0,27,13,False,12,https://github.com/cheeriojs/cheerio-select
repeat-string,86739151,2016-10-23,1219,4068394,2,0,50,4,False,17,https://github.com/jonschlinkert/repeat-string
fast-sha256,86735842,2020-01-16,195,4109,1,0,137,3,False,7,https://github.com/dchest/fast-sha256-js
d3-quadtree,86637784,2021-06-05,89,64945,2,0,238,9,False,28,https://github.com/d3/d3-quadtree
is-data-descriptor,86302870,2023-10-27,934,956019,2,0,21,0,False,13,https://github.com/inspect-js/is-data-descriptor
@aws-crypto/sha1-browser,86270858,2023-10-16,7,4980,2,0,69,33,False,8,https://github.com/aws/aws-sdk-js-crypto-helpers
help-me,86226236,2023-12-13,65,13945,1,0,15,0,False,13,https://github.com/mcollina/help-me
node-abort-controller,85939901,2023-01-26,406,105993,2,0,57,3,False,13,https://github.com/southpolesteve/node-abort-controller
outvariant,85891381,2024-07-05,40,8359,1,0,54,0,False,14,https://github.com/open-draft/outvariant
d3-scale-chromatic,85633721,2024-03-12,523,54331,2,0,819,8,False,20,https://github.com/d3/d3-scale-chromatic
qrcode,85612995,2024-08-05,2464,31627,2,0,8169,125,False,50,https://github.com/soldair/node-qrcode
verror,85598665,2021-11-02,1359,4047,12,0,1191,18,False,23,https://github.com/joyent/node-verror
loglevel,85573978,2024-09-06,2228,2916090,1,0,2749,19,False,31,https://github.com/pimterry/loglevel
dijkstrajs,85281229,2023-04-15,56,32111,1,0,49,7,False,5,https://github.com/tcort/dijkstrajs
hash.js,84301278,2018-11-30,1350,841002,1,0,323,14,False,17,https://github.com/indutny/hash.js
astring,83943780,2024-08-25,419,39839,1,0,1247,41,False,83,https://github.com/davidbonnet/astring
@aws-crypto/crc32c,83923718,2023-10-16,13,4980,2,0,69,33,False,12,https://github.com/aws/aws-sdk-js-crypto-helpers
kuler,83867280,2019-06-06,36,141288,2,0,22,3,False,4,https://github.com/3rd-Eden/kuler
resolve-alpn,83752529,2021-08-30,342,138405,1,0,8,0,False,7,https://github.com/szmarczak/resolve-alpn
clean-css,83424086,2023-11-30,3850,2829869,2,1,4201,45,False,211,https://github.com/clean-css/clean-css
strict-uri-encode,83350367,2016-10-11,323,2182990,1,0,62,3,False,5,https://github.com/kevva/strict-uri-encode
http-signature,83140567,2023-11-15,716,905940,10,1,404,34,False,28,https://github.com/TritonDataCenter/node-http-signature
postgres-bytea,83021406,2020-06-11,7,221750,1,0,13,0,False,4,https://github.com/bendrucker/postgres-bytea
style-loader,82933827,2024-04-08,86729,2565362,3,0,1667,9,True,76,https://github.com/webpack-contrib/style-loader
stream-events,82596201,2018-10-26,42,92226,1,0,7,0,False,6,https://github.com/stephenplusplus/stream-events
browserify-zlib,82519700,2017-06-03,1111,810875,2,0,58,21,False,6,https://github.com/devongovett/browserify-zlib
filter-obj,82513808,2024-05-27,200,201966,1,0,105,2,False,11,https://github.com/sindresorhus/filter-obj
jsonparse,82358303,2017-05-09,610,1035777,1,0,370,20,False,11,https://github.com/creationix/jsonparse
caseless,82128706,2017-01-26,689,8221,3,0,94,9,False,12,https://github.com/mikeal/caseless
rw,81805494,2017-01-20,176,97561,1,0,118,1,False,19,https://github.com/mbostock/rw
isomorphic-ws,81755825,2022-06-27,1209,81470,1,0,417,12,False,8,https://github.com/heineiuo/isomorphic-ws
gzip-size,81575731,2021-11-23,2565,2099829,1,0,173,0,False,18,https://github.com/sindresorhus/gzip-size
lodash.sortby,81449505,2016-08-13,988,1913259,2,0,61277,104,False,30,https://github.com/lodash/lodash
bs-logger,80937976,2018-11-10,299,360346,1,0,7,23,False,7,https://github.com/huafu/bs-logger
@tootallnate/quickjs-emscripten,80342019,2023-07-18,3,8662,1,0,1705,39,False,1,https://github.com/justjake/quickjs-emscripten
d3-force,80297750,2021-06-05,373,64420,2,0,2001,27,False,37,https://github.com/d3/d3-force
d3-dsv,80207934,2021-06-05,443,63389,2,0,446,15,False,38,https://github.com/d3/d3-dsv
gauge,79929736,2024-05-04,517,2839239,4,0,322,8,True,40,https://github.com/npm/gauge
@babel/plugin-syntax-dynamic-import,79868621,2020-01-13,13726,4180311,4,0,42703,759,False,38,https://github.com/babel/babel
stream-browserify,79375018,2020-04-16,3231,818738,39,0,105,6,False,14,https://github.com/browserify/stream-browserify
url-join,79309462,2022-03-23,3456,325671,2,0,366,7,False,13,https://github.com/jfromaniello/url-join
mri,79271656,2021-09-12,921,189367,1,0,679,9,False,10,https://github.com/lukeed/mri
enabled,79173585,2018-10-28,28,141086,1,0,5,3,False,3,https://github.com/3rd-Eden/enabled
@types/d3-hierarchy,79124434,2024-03-18,144,11835,1,0,47049,681,False,33,https://github.com/DefinitelyTyped/DefinitelyTyped
are-we-there-yet,79121956,2024-01-05,423,3119265,4,0,183,0,True,21,https://github.com/npm/are-we-there-yet
jsonpointer,78956220,2022-07-13,377,796865,2,1,197,2,False,11,https://github.com/janl/node-jsonpointer
webpack-merge,78827644,2024-07-02,32351,1382156,1,0,2683,6,False,91,https://github.com/survivejs/webpack-merge
sshpk,78679129,2023-10-19,671,4144,10,2,189,31,False,50,https://github.com/joyent/node-sshpk
@socket.io/component-emitter,78426052,2022-11-22,16,106816,1,0,5,0,False,6,https://github.com/socketio/emitter
@types/triple-beam,78156631,2023-11-07,177,24293,1,0,51421,683,False,6,https://github.com/DefinitelyTyped/DefinitelyTyped
json-parse-better-errors,77452882,2018-03-30,1175,925320,1,0,70,5,False,3,https://github.com/zkat/json-parse-better-errors
temp-dir,77361831,2022-09-26,607,889505,1,0,85,0,False,3,https://github.com/sindresorhus/temp-dir
fn.name,77318212,2018-06-14,24,84017,2,0,8,6,False,3,https://github.com/3rd-Eden/fn.name
has-value,76929610,2018-03-03,984,3780978,1,0,26,2,False,9,https://github.com/jonschlinkert/has-value
opener,76545878,2020-08-29,1645,638829,1,0,310,8,False,12,https://github.com/domenic/opener
isstream,76543279,2015-03-07,844,5275,1,0,63,1,False,4,https://github.com/rvagg/isstream
cookiejar,76340991,2023-01-13,179,449261,2,1,122,6,False,20,https://github.com/bmeck/node-cookiejar
@babel/helper-split-export-declaration,76294882,2024-06-05,30,3795636,4,0,43991,774,False,60,https://github.com/babel/babel
delegates,76245577,2015-12-14,650,2863488,2,0,427,13,False,5,https://github.com/visionmedia/node-delegates
d3-axis,76105991,2021-06-09,474,55033,2,0,208,13,False,28,https://github.com/d3/d3-axis
dashdash,75878568,2020-09-25,736,7118,1,0,176,24,False,29,https://github.com/trentm/node-dashdash
d3,75741267,2024-03-12,6155,86366,2,0,113723,20,False,273,https://github.com/d3/d3
d3-brush,75548316,2021-06-10,231,56557,2,0,155,12,False,38,https://github.com/d3/d3-brush
d3-random,75502105,2021-06-05,119,53026,2,0,139,6,False,25,https://github.com/d3/d3-random
getpass,75369779,2017-04-25,544,5797,7,0,18,4,False,8,https://github.com/arekinath/node-getpass
stubs,75331177,2017-01-13,13,91978,1,0,5,1,False,6,https://github.com/stephenplusplus/stubs
safe-regex,75330527,2019-10-21,1070,3777495,1,0,194,11,False,9,https://github.com/davisjam/safe-regex
@types/d3-force,75242120,2024-06-17,109,11392,1,0,51421,683,False,37,https://github.com/DefinitelyTyped/DefinitelyTyped
npmlog,75229360,2022-10-19,4279,2841641,4,0,439,1,True,34,https://github.com/npm/npmlog
lodash.escaperegexp,74753245,2016-07-25,475,109298,2,0,61277,104,False,8,https://github.com/lodash/lodash
lodash.flatten,74709160,2016-08-13,949,404857,2,0,61277,104,False,16,https://github.com/lodash/lodash
tunnel,74382254,2018-09-11,412,197917,1,0,535,13,True,7,https://github.com/koichik/node-tunnel
xdg-basedir,74365658,2021-08-05,608,1129251,1,0,94,0,False,8,https://github.com/sindresorhus/xdg-basedir
d3-fetch,74181088,2021-06-05,106,45596,2,0,227,3,False,13,https://github.com/d3/d3-fetch
connect,74055052,2019-05-18,5772,371870,1,3,9875,14,False,234,https://github.com/senchalabs/connect
functional-red-black-tree,74049516,2014-09-29,779,823559,1,0,387,13,False,3,https://github.com/mikolalysenko/functional-red-black-tree
lodash.get,73595508,2016-08-13,5364,680658,2,0,61277,104,False,13,https://github.com/lodash/lodash
@types/responselike,73568345,2022-09-04,62,163652,1,0,51432,691,False,5,https://github.com/DefinitelyTyped/DefinitelyTyped
github-from-package,73238397,2012-12-29,50,235247,1,0,9,1,False,1,https://github.com/substack/github-from-package
forever-agent,73046884,2015-04-07,641,6085,3,0,79,22,False,7,https://github.com/mikeal/forever-agent
@types/d3-quadtree,72962365,2023-11-22,24,11109,1,0,51421,683,False,27,https://github.com/DefinitelyTyped/DefinitelyTyped
raf,72863813,2018-11-02,5835,1549744,2,0,737,1,False,24,https://github.com/chrisdickinson/raf
@open-draft/logger,72712570,2023-04-14,2,3,1,0,19,5,False,6,https://github.com/open-draft/logger
walk-up-path,72690492,2024-07-08,45,48851,1,0,11,0,False,5,https://github.com/isaacs/walk-up-path
d3-polygon,72613989,2021-06-05,93,53066,2,0,100,6,False,20,https://github.com/d3/d3-polygon
color-support,72555592,2017-06-06,411,680554,1,0,23,6,False,5,https://github.com/isaacs/color-support
crypto-js,72233274,2023-10-24,11874,163892,1,3,16408,279,False,20,https://github.com/brix/crypto-js
lodash.union,72036199,2016-08-13,307,188843,2,0,61278,105,False,20,https://github.com/lodash/lodash
@types/d3-axis,72032896,2023-11-07,128,11568,1,0,51432,691,False,34,https://github.com/DefinitelyTyped/DefinitelyTyped
@types/d3-fetch,71980871,2023-11-07,17,9874,1,0,51419,680,False,28,https://github.com/DefinitelyTyped/DefinitelyTyped
@types/caseless,71967980,2023-11-07,20,61809,1,0,51421,683,False,6,https://github.com/DefinitelyTyped/DefinitelyTyped
global-dirs,71909356,2023-11-06,607,1137634,1,0,74,4,False,9,https://github.com/sindresorhus/global-dirs
@types/d3-contour,71750880,2023-11-07,20,9825,1,0,51421,683,False,28,https://github.com/DefinitelyTyped/DefinitelyTyped
queue,71716911,2023-04-11,497,99878,1,0,772,19,False,38,https://github.com/jessetane/queue
ecc-jsbn,71628159,2018-07-29,544,6664,3,0,23,3,False,4,https://github.com/quartzjer/ecc-jsbn
for-in,71577011,2017-02-28,1046,3955204,2,0,36,1,False,12,https://github.com/jonschlinkert/for-in
clone-response,71556434,2022-07-17,274,1068912,1,0,32,0,False,11,https://github.com/sindresorhus/clone-response
d3-contour,71451253,2023-01-11,74,48513,2,0,521,10,False,18,https://github.com/d3/d3-contour
lodash.difference,71328079,2016-08-13,508,167259,2,0,61277,104,False,23,https://github.com/lodash/lodash
trim-newlines,71114256,2023-03-20,732,1349635,1,1,49,0,False,10,https://github.com/sindresorhus/trim-newlines
es6-promise,71072463,2019-06-06,11715,1292194,2,0,7249,26,False,34,https://github.com/stefanpenner/es6-promise
shallowequal,71065153,2018-06-23,1583,707128,1,0,167,12,False,8,https://github.com/dashed/shallowequal
obuf,71043873,2018-03-10,311,2904278,1,0,11,5,False,10,https://github.com/indutny/offset-buffer
void-elements,70900509,2017-01-19,243,949941,2,0,23,3,False,6,https://github.com/pugjs/void-elements
remove-trailing-separator,70848477,2017-08-16,775,963085,1,0,12,0,False,4,https://github.com/darsain/remove-trailing-separator
@types/d3,70632094,2023-11-07,1581,15233,1,0,51432,691,False,110,https://github.com/DefinitelyTyped/DefinitelyTyped
throat,70302431,2023-01-03,1094,2093703,2,0,484,13,False,14,https://github.com/ForbesLindesay/throat
lodash.isfunction,70258570,2018-02-04,1158,114637,2,0,61277,104,False,17,https://github.com/lodash/lodash
tsutils,70215192,2021-03-07,2385,2391438,1,0,331,26,False,94,https://github.com/ajafff/tsutils
jwt-decode,70149579,2023-10-27,3465,143489,21,0,3090,5,False,29,https://github.com/auth0/jwt-decode
assert,70135058,2023-09-07,9537,650104,6,0,298,5,False,16,https://github.com/browserify/commonjs-assert
@types/d3-dsv,70121989,2023-11-07,107,11517,1,0,51421,683,False,55,https://github.com/DefinitelyTyped/DefinitelyTyped
html-minifier-terser,70100398,2023-04-11,463,1213814,2,0,481,39,False,19,https://github.com/terser/html-minifier-terser
xml,69955864,2016-01-31,596,81920,2,0,283,24,False,11,https://github.com/dylang/node-xml
lodash.throttle,69780166,2016-08-13,3280,601566,2,0,58818,71,False,16,https://github.com/lodash/lodash
d3-chord,69561655,2021-06-05,61,52760,2,0,124,6,False,22,https://github.com/d3/d3-chord
@types/mdurl,69504601,2024-05-01,26,47079,1,0,51432,691,False,7,https://github.com/DefinitelyTyped/DefinitelyTyped
rope-sequence,69399458,2023-05-17,12,6935,1,0,48,0,True,10,https://github.com/marijnh/rope-sequence
warning,69292473,2019-02-09,2872,924753,1,0,220,1,False,10,https://github.com/BerkeleyTrue/warning
bcrypt-pbkdf,69200514,2018-06-29,571,9016,10,0,7,3,False,3,https://github.com/joyent/node-bcrypt-pbkdf
append-field,69103505,2021-07-24,80,281881,1,0,7,3,False,3,https://github.com/LinusU/node-append-field
@graphql-typed-document-node/core,69090947,2023-03-20,270,87049,4,0,411,26,False,16,https://github.com/dotansimha/graphql-typed-document-node
lodash.groupby,68966913,2016-08-13,570,35888,2,0,58818,71,False,23,https://github.com/lodash/lodash
@isaacs/fs-minipass,68470789,2024-04-18,0,0,1,0,20,3,False,2,https://github.com/npm/fs-minipass
rehype-raw,68224266,2023-08-26,548,19241,3,0,,,,12,https://github.com/rehypejs/rehype-git
@types/doctrine,67968698,2023-11-07,116,10083,1,0,51432,691,False,9,https://github.com/DefinitelyTyped/DefinitelyTyped
text-segmentation,67778010,2022-01-22,66,14126,1,0,18,1,False,4,https://github.com/niklasvh/text-segmentation
@types/d3-chord,67703683,2023-11-07,18,11082,1,0,51432,691,False,28,https://github.com/DefinitelyTyped/DefinitelyTyped
@types/d3-polygon,67682290,2023-11-07,34,11132,1,0,51432,691,False,17,https://github.com/DefinitelyTyped/DefinitelyTyped
expand-tilde,67655222,2016-12-08,424,220465,3,0,24,1,False,9,https://github.com/jonschlinkert/expand-tilde
dns-packet,67518764,2023-08-25,535,2905460,1,1,216,30,False,39,https://github.com/mafintosh/dns-packet
@types/js-yaml,67504088,2023-11-07,5451,55507,1,0,51432,691,False,44,https://github.com/DefinitelyTyped/DefinitelyTyped
@lukeed/csprng,66982091,2023-03-31,8,30754,1,0,71,0,False,3,https://github.com/lukeed/csprng
wide-align,66706602,2021-10-15,512,2924368,1,0,20,4,False,8,https://github.com/iarna/wide-align
mustache,66653629,2021-03-28,5281,224460,3,2,16725,122,False,39,https://github.com/janl/mustache.js
map-cache,66624901,2016-05-10,988,992496,1,0,20,0,False,5,https://github.com/jonschlinkert/map-cache
@svgr/core,66579101,2023-08-15,805,1842062,1,0,11060,149,False,45,https://github.com/gregberge/svgr
@svgr/babel-preset,66456359,2023-08-15,17,1788256,1,0,11053,148,False,31,https://github.com/gregberge/svgr
connect-history-api-fallback,66417336,2022-06-27,5939,3115839,1,0,1854,37,False,13,https://github.com/bripkens/connect-history-api-fallback
@svgr/babel-plugin-transform-react-native-svg,66416272,2023-08-15,4,1788250,1,0,10560,113,False,14,https://github.com/gregberge/svgr
dependency-graph,66350134,2023-12-06,311,694186,1,0,348,9,False,19,https://github.com/jriecken/dependency-graph
@svgr/babel-plugin-svg-dynamic-title,66272934,2023-05-09,3,1788248,1,0,11057,150,False,16,https://github.com/gregberge/svgr
md5,66145693,2020-08-02,6615,447709,2,0,914,13,False,7,https://github.com/pvorb/node-md5
orderedmap,66113458,2023-05-17,34,7476,1,0,45,2,True,13,https://github.com/marijnh/orderedmap
crypt,66110893,2016-12-22,60,463924,1,0,19,1,False,3,https://github.com/pvorb/node-crypt
@svgr/hast-util-to-babel-ast,66035866,2023-05-09,7,1788267,1,0,11060,149,False,24,https://github.com/gregberge/svgr
@types/linkify-it,65984262,2024-05-01,66,30142,1,0,51432,691,False,13,https://github.com/DefinitelyTyped/DefinitelyTyped
url-template,65826436,2023-12-13,248,58671,2,0,195,3,False,13,https://github.com/bramstein/url-template
stream-buffers,65693990,2024-06-17,999,367834,1,0,227,11,False,18,https://github.com/samcday/node-stream-buffer
generate-function,65652902,2018-08-31,129,478770,1,0,78,2,False,11,https://github.com/mafintosh/generate-function
lodash.isarguments,65618135,2016-08-13,130,583784,2,0,61277,104,False,18,https://github.com/lodash/lodash
eventemitter2,65601794,2022-09-12,2110,239949,2,0,2940,50,False,62,https://github.com/hij1nx/EventEmitter2
@types/keyv,65362037,2022-10-18,149,163850,1,0,,,,8,
homedir-polyfill,65351468,2019-02-21,285,263971,1,0,7,0,False,4,https://github.com/doowb/homedir-polyfill
@types/long,65258230,2022-08-10,748,397739,1,0,,,,19,
@prisma/engines-version,65167339,2020-10-15,11,33063,4,0,24,10,False,3542,https://github.com/prisma/engines-wrapper
css-line-break,65140583,2022-01-22,152,28125,1,0,129,14,False,9,https://github.com/niklasvh/css-line-break
multicast-dns,65099282,2022-05-16,408,2890983,2,0,532,20,False,41,https://github.com/mafintosh/multicast-dns
@svgr/babel-plugin-remove-jsx-attribute,64733651,2023-05-09,53,1788257,1,0,10320,102,False,13,https://github.com/gregberge/svgr
@svgr/babel-plugin-remove-jsx-empty-expression,64726709,2023-05-09,2,1788252,1,0,11057,150,False,11,https://github.com/gregberge/svgr
console-control-strings,64570630,2016-06-15,405,2830527,1,0,31,3,False,2,https://github.com/iarna/console-control-strings
type,64500777,2024-05-30,231,1301928,1,0,37,5,False,21,https://github.com/medikoo/type
@types/d3-brush,63910211,2023-11-07,57,11222,1,0,51371,689,False,33,https://github.com/DefinitelyTyped/DefinitelyTyped
@iconify/types,63897654,2022-09-08,578,11130,1,0,6300,19,False,21,https://github.com/iconify/iconify
unist-util-remove-position,63675794,2023-07-07,212,286781,2,0,12,0,False,13,https://github.com/syntax-tree/unist-util-remove-position
eslint-utils,63649797,2021-05-14,1189,2601363,1,1,76,16,False,13,https://github.com/mysticatea/eslint-utils
to-fast-properties,63470691,2021-08-08,1647,4631839,1,0,235,1,False,8,https://github.com/sindresorhus/to-fast-properties
utrie,63379921,2022-01-22,5,13517,1,0,4,1,False,3,https://github.com/niklasvh/utrie
es6-error,63302137,2018-01-03,673,213014,1,0,212,6,False,15,https://github.com/bjyoungblood/es6-error
@svgr/babel-plugin-add-jsx-attribute,63174950,2023-05-09,25,1788266,1,0,11060,149,False,13,https://github.com/gregberge/svgr
lodash.truncate,63172273,2016-08-13,304,626800,2,0,61278,105,False,11,https://github.com/lodash/lodash
@yarnpkg/lockfile,63169067,2018-09-10,317,643143,2,0,41485,2056,False,4,https://github.com/yarnpkg/yarn
compare-versions,63042152,2024-07-13,1653,747419,1,0,637,9,False,37,https://github.com/omichelsen/compare-versions
is-url,62961017,2018-03-26,1132,328531,2,1,168,13,False,10,https://github.com/segmentio/is-url
@svgr/babel-plugin-svg-em-dimensions,62906301,2023-05-09,2,1788253,1,0,11057,150,False,14,https://github.com/gregberge/svgr
html2canvas,62896545,2022-01-22,2597,30559,1,0,31918,1052,False,42,https://github.com/niklasvh/html2canvas
@types/minimist,62891708,2023-11-07,3419,495225,1,0,51419,680,False,17,https://github.com/DefinitelyTyped/DefinitelyTyped
wildcard,62884104,2023-04-24,368,523867,1,0,37,5,False,11,https://github.com/DamonOehlman/wildcard
import-lazy,62832890,2019-04-27,591,1153440,1,0,248,0,False,4,https://github.com/sindresorhus/import-lazy
hast-util-is-element,62826128,2023-07-31,135,107096,2,0,12,0,False,13,https://github.com/syntax-tree/hast-util-is-element
@svgr/babel-plugin-transform-svg-component,62729551,2023-05-09,18,1788252,1,0,11057,150,False,24,https://github.com/gregberge/svgr
@svgr/babel-plugin-replace-jsx-attribute-value,62694833,2023-05-09,16,1788264,1,0,11057,150,False,12,https://github.com/gregberge/svgr
fast-querystring,62559386,2023-06-05,14,7750,1,0,280,6,False,20,https://github.com/anonrig/fast-querystring
@storybook/global,62540578,2022-12-09,111,4816,12,0,2,0,False,1,https://github.com/storybookjs/global
base64id,62454584,2019-05-27,227,1236685,2,0,16,1,False,3,https://github.com/faeldt/base64id
ajv-draft-04,62332713,2021-05-23,80,3278,1,0,11,4,False,3,https://github.com/ajv-validator/ajv-draft-04
is-retry-allowed,62315411,2021-04-17,187,1118096,1,0,80,0,False,7,https://github.com/sindresorhus/is-retry-allowed
is-property,62111772,2014-12-25,81,483715,1,0,12,2,False,4,https://github.com/mikolalysenko/is-property
parse-passwd,61977504,2016-10-19,276,263959,1,0,10,0,False,1,https://github.com/doowb/parse-passwd
arr-diff,61709602,2017-04-14,1141,1034112,2,0,45,4,False,11,https://github.com/jonschlinkert/arr-diff
is-module,61465647,2014-04-01,401,686074,13,0,11,7,False,1,https://github.com/component/is-module
minimist-options,61362666,2020-05-16,562,475611,1,0,53,3,False,12,https://github.com/vadimdemedes/minimist-options
fstream,61360034,2019-05-15,750,953814,4,1,207,33,True,46,https://github.com/npm/fstream
buffers,61273679,2011-10-12,244,123541,1,0,96,13,False,6,https://github.com/substack/node-buffers
@types/html-minifier-terser,61258419,2023-11-07,213,1431560,1,0,51421,683,False,9,https://github.com/DefinitelyTyped/DefinitelyTyped
chainsaw,61130880,2011-07-17,31,127823,1,0,106,6,False,9,https://github.com/substack/node-chainsaw
pkg-up,61086552,2023-11-04,1125,849427,1,0,166,0,False,7,https://github.com/sindresorhus/pkg-up
stackback,60915772,2012-10-20,17,24614,1,0,14,0,True,2,https://github.com/shtylman/node-stackback
thunky,60880321,2019-10-14,509,2870641,2,0,94,1,False,6,https://github.com/mafintosh/thunky
@types/fs-extra,60868905,2023-11-07,17213,137977,1,0,48512,736,False,76,https://github.com/DefinitelyTyped/DefinitelyTyped
formdata-node,60836250,2023-10-24,320,12953,1,0,146,2,False,76,https://github.com/octet-stream/form-data
hpack.js,60262030,2016-09-18,299,2912523,1,0,41,3,False,9,https://github.com/indutny/hpack.js
relateurl,60227671,2016-07-14,261,2386120,1,0,56,2,False,9,https://github.com/stevenvachon/relateurl
prr,60199193,2014-07-22,436,718801,1,0,26,0,True,3,https://github.com/rvagg/prr
wbuf,60058599,2018-03-10,302,2880775,1,0,8,4,False,15,https://github.com/indutny/wbuf
has-unicode,60008633,2016-06-23,450,2839706,1,0,18,3,False,4,https://github.com/iarna/has-unicode
@svgr/plugin-jsx,59595118,2023-08-15,327,1788363,1,0,11060,149,False,36,https://github.com/gregberge/svgr
brotli,59582779,2022-06-08,458,45693,1,0,537,30,False,9,https://github.com/devongovett/brotli.js
@babel/plugin-proposal-class-properties,59329059,2022-06-27,47155,2715291,4,0,43991,774,False,65,https://github.com/babel/babel
querystring,59280539,2021-02-15,4874,689417,2,0,283,16,False,5,https://github.com/Gozala/querystring
batch,59188283,2017-05-16,618,3143451,2,0,316,3,False,17,https://github.com/visionmedia/batch
charenc,59001271,2016-12-22,54,463780,1,0,16,1,False,3,https://github.com/pvorb/node-charenc
ansi-html-community,58945249,2021-09-05,318,1141321,1,0,17,4,False,1,https://github.com/mahdyar/ansi-html-community
lodash.isnil,58834699,2016-01-13,298,16193,2,0,61278,105,False,1,https://github.com/lodash/lodash
simple-update-notifier,58639975,2023-06-26,113,268671,1,0,16,4,False,11,https://github.com/alexbrazier/simple-update-notifier
fast-decode-uri-component,58496305,2019-03-15,28,17031,1,0,30,1,False,2,https://github.com/delvedor/fast-decode-uri-component
server-only,58437372,2022-09-03,88,4666,1,0,,,,1,
set-value,58410039,2021-09-12,1539,3784516,2,2,276,13,False,25,https://github.com/jonschlinkert/set-value
nullthrows,58243484,2018-12-10,752,394670,2,0,18,17,False,6,https://github.com/zertosh/nullthrows
lodash.isundefined,58238828,2015-04-16,380,16320,2,0,61277,104,False,9,https://github.com/lodash/lodash
find-root,58108494,2017-06-29,784,602026,0,0,47,1,False,5,https://github.com/js-n/find-root
blake3-wasm,57970821,2022-10-09,14,3733,1,0,199,16,False,2,https://github.com/connor4312/blake3
handle-thing,57763708,2020-03-25,307,2913713,2,0,19,9,False,11,https://github.com/indutny/handle-thing
brorand,57761691,2017-02-22,478,666374,1,0,18,4,False,10,https://github.com/indutny/brorand
arch,57594272,2024-02-12,166,673262,2,0,81,10,False,10,https://github.com/feross/arch
binary,57344144,2012-05-11,190,121238,1,0,377,22,False,25,https://github.com/substack/node-binary
has,57264441,2023-10-03,2511,2161770,1,0,60,1,False,6,https://github.com/tarruda/has
spdy,57189263,2020-04-04,677,2882748,4,0,2789,74,False,206,https://github.com/indutny/node-spdy
d3-sankey,57098447,2019-09-02,129,9774,2,0,821,35,False,33,https://github.com/d3/d3-sankey
spdy-transport,57047734,2018-11-08,298,2882507,3,0,101,17,False,50,https://github.com/spdy-http2/spdy-transport
select-hose,57028874,2015-07-14,299,2883774,1,0,5,1,False,2,https://github.com/indutny/select-hose
fbjs,57002889,2023-06-01,1586,588552,5,0,1961,82,False,58,https://github.com/facebook/fbjs
upper-case,56873999,2023-09-30,444,1333421,1,0,2405,17,False,13,https://github.com/blakeembrey/change-case
@babel/helper-function-name,56833178,2024-06-05,44,3758398,4,0,43991,774,False,76,https://github.com/babel/babel
sockjs,56768491,2021-12-03,754,2898020,6,2,2099,18,False,36,https://github.com/sockjs/sockjs-node
create-hash,56690081,2018-04-11,1497,820458,5,0,54,6,False,8,https://github.com/crypto-browserify/createHash
@leichtgewicht/ip-codec,56523391,2024-03-27,9,761913,1,0,4,0,False,7,https://github.com/martinheidegger/ip-codec
github-slugger,56488781,2022-10-27,642,160640,5,0,411,4,False,12,https://github.com/Flet/github-slugger
camelize,56481488,2022-10-12,294,500348,1,0,13,1,False,7,https://github.com/ljharb/camelize
http-deceiver,56371418,2016-05-17,301,2911733,2,0,17,6,False,10,https://github.com/indutny/http-deceiver
tinycolor2,56159525,2023-02-03,2720,280168,1,0,5249,109,False,27,https://github.com/bgrins/TinyColor
unicode-trie,56130893,2019-11-17,74,90855,1,0,69,4,False,8,https://github.com/devongovett/unicode-trie
pretty-error,56106652,2021-10-23,1010,2235717,1,0,1524,27,False,35,https://github.com/AriaMinaei/pretty-error
renderkid,56061637,2021-10-23,206,2232933,1,0,162,6,False,26,https://github.com/AriaMinaei/RenderKid
source-map-resolve,55889436,2020-03-21,1036,4169843,1,0,93,2,True,14,https://github.com/lydell/source-map-resolve
points-on-curve,55450091,2023-09-23,30,422,1,0,92,1,False,6,https://github.com/pshihn/bezier-points
q,55327290,2015-01-31,11894,1457536,2,0,15010,115,True,76,https://github.com/kriskowal/q
resize-observer-polyfill,55133850,2018-12-09,5584,344170,1,0,1752,59,False,17,https://github.com/que-etc/resize-observer-polyfill
dset,55087540,2024-09-09,150,21685,1,3,782,11,False,12,https://github.com/lukeed/dset
shimmer,55043743,2019-01-17,377,118600,1,0,251,12,False,14,https://github.com/othiym23/shimmer
is-relative,55000964,2017-07-13,487,598070,2,0,14,0,False,7,https://github.com/jonschlinkert/is-relative
is-absolute,54687624,2017-07-13,499,512266,2,0,22,1,False,15,https://github.com/jonschlinkert/is-absolute
deprecation,54660808,2019-06-13,415,199600,1,0,3,3,False,7,https://github.com/gr2m/deprecation
call-me-maybe,54657729,2022-10-31,275,1405360,1,0,40,3,False,4,https://github.com/limulus/call-me-maybe
d,54641478,2024-03-01,288,486328,1,0,44,6,False,5,https://github.com/medikoo/d
linebreak,54387698,2022-05-20,120,21850,1,0,229,9,False,9,https://github.com/devongovett/linebreaker
compare-func,54381752,2020-05-15,668,190290,1,0,16,2,False,12,https://github.com/stevemao/compare-func
atob,54240218,2018-08-18,2787,1169690,1,1,,,,11,git://git.coolaj86.com/coolaj86/atob.js.git
oauth-sign,54161697,2018-08-02,630,691549,3,0,60,6,False,10,https://github.com/mikeal/oauth-sign
strip-eof,54131317,2018-10-28,865,764107,1,0,38,0,False,2,https://github.com/sindresorhus/strip-eof
regexp-tree,53956101,2023-04-30,72,551948,1,0,425,50,False,114,https://github.com/DmitrySoshnikov/regexp-tree
@trysound/sax,53817650,2021-08-30,9,991283,1,0,15,2,False,3,https://github.com/svg/sax
es6-symbol,53800746,2024-03-01,539,612719,1,0,179,2,False,14,https://github.com/medikoo/es6-symbol
arr-union,53792888,2016-02-23,1059,903862,1,0,24,2,False,6,https://github.com/jonschlinkert/arr-union
exceljs,53724136,2023-10-19,1098,4295,2,1,15461,803,False,166,https://github.com/exceljs/exceljs
extglob,53537856,2018-04-30,981,3940381,2,0,32,4,False,12,https://github.com/micromatch/extglob
hyperdyperid,53494857,2022-04-23,2,175,1,0,12,1,False,4,https://github.com/streamich/hyperdyperid
@types/connect-history-api-fallback,53483896,2023-11-20,133,1071944,1,0,51400,689,False,11,https://github.com/DefinitelyTyped/DefinitelyTyped
resolve-dir,53427950,2017-08-05,308,1263115,3,0,14,3,False,4,https://github.com/jonschlinkert/resolve-dir
upper-case-first,53379232,2023-09-30,153,163667,1,0,2405,17,False,10,https://github.com/blakeembrey/change-case
fault,53345350,2021-11-07,50,106198,1,0,17,0,False,8,https://github.com/wooorm/fault
object.pick,53295125,2017-08-19,1115,977420,2,0,41,2,False,8,https://github.com/jonschlinkert/object.pick
@jsdevtools/ono,53285380,2020-07-15,64,29760,4,0,109,8,False,7,https://github.com/JS-DevTools/ono
escape-goat,53234585,2021-04-16,522,663876,1,0,552,1,False,10,https://github.com/sindresorhus/escape-goat
request,53122520,2020-02-11,58231,847768,4,2,25507,143,False,126,https://github.com/request/request
hast-util-to-text,53073609,2024-04-16,70,15480,2,0,25,0,False,11,https://github.com/syntax-tree/hast-util-to-text
utila,53006368,2014-10-22,203,2220777,1,0,5,0,True,10,https://github.com/AriaMinaei/utila
@types/cookiejar,52834669,2023-11-20,18,134742,1,0,48512,736,False,6,https://github.com/DefinitelyTyped/DefinitelyTyped
@types/raf,52636444,2023-11-07,291,13688,1,0,51400,689,False,4,https://github.com/DefinitelyTyped/DefinitelyTyped
aws-ssl-profiles,52625809,2024-08-30,0,0,2,0,8,3,False,5,https://github.com/mysqljs/aws-ssl-profiles
auto-bind,52614427,2021-10-18,633,120584,1,0,462,0,False,12,https://github.com/sindresorhus/auto-bind
har-schema,52606424,2017-04-18,512,841087,2,0,23,1,False,10,https://github.com/ahmadnassri/har-schema
decamelize-keys,52373453,2022-10-30,530,475675,1,0,57,4,False,5,https://github.com/sindresorhus/decamelize-keys
dom-converter,52299701,2018-09-11,190,2251614,1,0,7,4,False,6,https://github.com/AriaMinaei/dom-converter
assign-symbols,52278198,2018-08-07,1006,871923,3,0,18,1,False,6,https://github.com/jonschlinkert/assign-symbols
ssf,52226629,2020-06-27,354,33771,1,0,157,6,False,38,https://github.com/SheetJS/ssf
lodash.snakecase,52204745,2016-08-13,664,91284,2,0,61277,104,False,8,https://github.com/lodash/lodash
@sideway/formula,52180720,2022-12-16,14,267498,2,1,17,0,False,2,https://github.com/sideway/formula
adler-32,52076540,2022-03-30,380,34023,1,0,142,1,False,10,https://github.com/SheetJS/js-adler32
package-json,52068510,2024-07-14,1010,1079918,1,0,251,0,False,35,https://github.com/sindresorhus/package-json
es-get-iterator,51975287,2023-01-13,429,414731,1,0,12,1,False,7,https://github.com/ljharb/es-get-iterator
minimalistic-crypto-utils,51923533,2017-02-22,420,663202,1,0,25,1,False,2,https://github.com/indutny/minimalistic-crypto-utils
tsscmp,51898901,2018-07-31,104,176169,1,0,88,2,False,6,https://github.com/suryagh/tsscmp
khroma,51460203,2023-10-12,19,14012,1,0,41,2,False,10,https://github.com/fabiospampinato/khroma
union-value,51456990,2019-06-20,936,3781195,2,0,24,6,False,11,https://github.com/jonschlinkert/union-value
standard-as-callback,51402103,2021-03-14,44,40067,1,0,0,3,False,6,https://github.com/luin/asCallback
uncrypto,51379326,2023-06-06,46,10222,1,0,259,17,False,4,https://github.com/unjs/uncrypto
format,51360462,2016-01-27,125,106749,1,0,53,0,True,8,https://github.com/samsonjs/format
esbuild-register,51356972,2024-07-25,985,18697,1,0,,,,31,
cfb,51289856,2022-04-06,356,34045,1,0,78,7,False,32,https://github.com/SheetJS/js-cfb
@types/serve-index,51242105,2023-11-07,66,968215,1,0,51421,683,False,18,https://github.com/DefinitelyTyped/DefinitelyTyped
des.js,51204517,2023-05-29,364,644536,1,0,28,7,False,3,https://github.com/indutny/des.js
hard-rejection,51190819,2019-04-02,609,338680,1,0,107,0,False,4,https://github.com/sindresorhus/hard-rejection
cytoscape-cose-bilkent,51170203,2019-09-09,48,10337,10,0,137,31,False,53,https://github.com/cytoscape/cytoscape.js-cose-bilkent
@types/sockjs,51048034,2023-11-07,51,967144,1,0,51421,683,False,20,https://github.com/DefinitelyTyped/DefinitelyTyped
@types/methods,50923831,2023-11-07,25,4082,1,0,51432,691,False,5,https://github.com/DefinitelyTyped/DefinitelyTyped
buffer-indexof-polyfill,50911214,2020-09-09,44,57632,1,0,2,0,False,3,https://github.com/sarosia/buffer-indexof-polyfill
constant-case,50859937,2023-09-30,139,156715,1,0,2405,17,False,14,https://github.com/blakeembrey/change-case
cytoscape-fcose,50848231,2023-01-17,34,10156,1,0,183,12,False,9,https://github.com/iVis-at-Bilkent/cytoscape.js-fcose
tiny-warning,50747908,2019-07-09,4918,1038282,1,0,184,19,False,7,https://github.com/alexreardon/tiny-warning
sentence-case,50533317,2023-09-30,131,155019,1,0,2407,16,False,22,https://github.com/blakeembrey/change-case
codepage,50445393,2021-07-29,351,34862,1,0,151,7,False,31,https://github.com/SheetJS/js-codepage
unist-util-find-after,50358493,2023-07-07,51,16288,2,0,7,0,False,11,https://github.com/syntax-tree/unist-util-find-after
unbzip2-stream,50311624,2020-05-27,156,301650,1,0,30,10,False,25,https://github.com/regular/unbzip2-stream
touch,50259796,2024-05-14,1501,1127588,1,0,125,9,False,11,https://github.com/isaacs/node-touch
@babel/helper-environment-visitor,50242973,2024-06-05,32,1614822,4,0,43991,774,False,28,https://github.com/babel/babel
es5-ext,50168746,2024-02-27,386,477130,1,1,179,46,False,83,https://github.com/medikoo/es5-ext
points-on-path,49889924,2020-05-01,13,419,1,0,42,4,False,5,https://github.com/pshihn/points-on-path
yaml-ast-parser,49824126,2018-11-15,106,34579,2,0,89,21,True,26,https://github.com/mulesoft-labs/yaml-ast-parser
@kwsites/file-exists,49814882,2020-06-10,4,17779,1,0,4,13,False,3,https://github.com/kwsites/file-exists
@types/bonjour,49794800,2023-11-07,57,967710,1,0,51419,680,False,13,https://github.com/DefinitelyTyped/DefinitelyTyped
unc-path-regex,49793645,2016-04-10,379,547040,3,0,8,1,False,3,https://github.com/regexhq/unc-path-regex
address,49778707,2024-06-19,1339,1880434,1,0,237,22,False,17,https://github.com/node-modules/address
p-defer,49713439,2024-04-01,577,1946747,1,0,87,0,False,7,https://github.com/sindresorhus/p-defer
har-validator,49659549,2020-07-30,708,684116,1,0,64,11,False,53,https://github.com/ahmadnassri/node-har-validator
path-case,49612306,2023-09-30,43,153305,1,0,2405,17,False,17,https://github.com/blakeembrey/change-case
quickselect,49596905,2024-07-03,126,62096,1,0,96,6,False,6,https://github.com/mourner/quickselect
hachure-fill,49566720,2023-09-27,3,6,1,0,29,1,False,7,https://github.com/pshihn/hachure-fill
array-unique,49488040,2016-08-01,1271,696961,2,0,59,5,False,4,https://github.com/jonschlinkert/array-unique
openapi-types,49458085,2023-05-24,994,14323,1,0,921,145,False,36,https://github.com/kogosoftwarellc/open-api
react-native,49326061,2024-01-31,23543,358355,6,1,126537,1183,False,2676,https://github.com/react/react-native
ignore-by-default,49285920,2022-05-02,139,1050681,1,0,23,0,False,4,https://github.com/novemberborn/ignore-by-default
ip-regex,49191172,2022-01-01,486,2482074,1,0,197,0,False,12,https://github.com/sindresorhus/ip-regex
css-to-react-native,49121921,2023-02-14,211,456212,3,0,1177,3,False,23,https://github.com/styled-components/css-to-react-native
pinkie,49112831,2016-02-01,541,750502,1,0,,,,9,
pinkie-promise,49064808,2016-04-10,1010,751452,1,0,114,3,True,3,https://github.com/floatdrop/pinkie-promise
errno,48998494,2020-12-16,761,702325,2,0,245,6,False,15,https://github.com/rvagg/node-errno
expand-brackets,48828640,2018-04-30,982,696484,4,0,27,2,False,16,https://github.com/micromatch/expand-brackets
header-case,48560696,2023-09-30,51,133896,1,0,2405,17,False,8,https://github.com/blakeembrey/change-case
lodash.mergewith,48149597,2019-07-10,835,448896,2,2,61278,105,False,20,https://github.com/lodash/lodash
jsonify,48090468,2022-10-12,347,382705,1,0,2,2,False,2,https://github.com/ljharb/jsonify
klona,48083283,2023-01-16,427,1164103,1,2,1733,18,False,12,https://github.com/lukeed/klona
is-unc-path,48065231,2017-07-13,382,547052,1,0,8,0,False,3,https://github.com/jonschlinkert/is-unc-path
vlq,48060980,2021-10-18,507,459493,1,0,221,6,False,12,https://github.com/Rich-Harris/vlq
array-timsort,47860118,2020-10-01,5,13004,1,0,3,0,False,4,https://github.com/kaelzhang/node-array-timsort
JSONStream,47731975,2018-10-14,2104,794191,10,0,1928,54,True,54,https://github.com/dominictarr/JSONStream
undefsafe,47695838,2021-10-17,119,1025859,1,1,72,1,False,13,https://github.com/remy/undefsafe
hmac-drbg,47651320,2017-04-09,446,663202,1,0,25,2,False,2,https://github.com/indutny/hmac-drbg
promise-inflight,47648430,2017-02-26,439,682693,1,0,17,3,False,2,https://github.com/iarna/promise-inflight
pstree.remy,47530088,2020-05-16,104,999930,1,0,9,1,False,9,https://github.com/remy/pstree
split-string,47521645,2019-04-22,974,3781840,2,0,60,5,False,19,https://github.com/jonschlinkert/split-string
iterare,47516069,2020-06-06,105,71769,1,0,283,21,False,15,https://github.com/felixfbecker/iterare
semver-compare,47460175,2014-11-08,397,398992,1,0,,,,1,https://github.com/substack/semver-compare
class-transformer,47460169,2021-11-22,3730,53190,2,1,7342,268,False,31,https://github.com/typestack/class-transformer
confusing-browser-globals,47397179,2021-12-14,981,1644562,5,0,103259,2411,False,45,https://github.com/facebook/create-react-app
uid,47388656,2023-03-31,684,17513,1,0,667,2,False,6,https://github.com/lukeed/uid
wmf,47176543,2020-03-16,64,18221,1,0,17,2,False,14,https://github.com/SheetJS/js-wmf
fontkit,47131726,2024-08-09,197,22273,1,0,1486,135,False,38,https://github.com/foliojs/fontkit
acorn-import-assertions,47015085,2023-05-12,478,1172026,1,0,22,4,False,22,https://github.com/xtuc/acorn-import-assertions
sourcemap-codec,47007558,2020-01-16,574,1176185,1,0,69,7,True,15,https://github.com/Rich-Harris/sourcemap-codec
es6-iterator,46949488,2017-10-17,198,486078,1,0,19,0,False,10,https://github.com/medikoo/es6-iterator
restructure,46852560,2024-06-14,35,25710,1,0,143,13,False,26,https://github.com/devongovett/restructure
next-tick,46702175,2020-02-11,308,448508,1,0,74,2,False,6,https://github.com/medikoo/next-tick
source-map-loader,46584998,2024-01-15,10530,914893,3,0,373,5,True,29,https://github.com/webpack-contrib/source-map-loader
debounce-fn,46499778,2023-11-05,47,13830,1,0,133,0,False,13,https://github.com/sindresorhus/debounce-fn
split,46372118,2017-08-03,1720,628444,1,0,345,6,True,20,https://github.com/dominictarr/split
array-ify,46357454,2015-06-14,533,190209,1,0,5,1,False,2,https://github.com/stevemao/array-ify
@svgr/plugin-svgo,46351799,2023-08-15,307,1786060,1,0,11057,150,False,25,https://github.com/gregberge/svgr
title-case,46288026,2024-09-15,349,137242,1,0,2405,17,False,24,https://github.com/blakeembrey/change-case
frac,46270409,2018-02-20,20,33435,1,0,72,0,False,12,https://github.com/SheetJS/frac
unist-util-position-from-estree,46236416,2023-07-07,14,24435,2,0,0,0,False,5,https://github.com/syntax-tree/unist-util-position-from-estree
mdast-util-mdx,46188303,2023-07-12,97,27797,2,0,25,1,False,7,https://github.com/syntax-tree/mdast-util-mdx
buffer-xor,46137484,2017-08-21,475,653302,2,0,32,5,False,7,https://github.com/crypto-browserify/buffer-xor
classcat,46121474,2024-04-02,159,2644,1,0,910,1,False,31,https://github.com/jorgebucaran/classcat
estree-util-visit,46078238,2023-07-19,33,24429,2,0,6,0,False,5,https://github.com/syntax-tree/estree-util-visit
micromark-extension-mdxjs-esm,46019828,2023-10-19,11,27831,1,0,16,0,False,14,https://github.com/micromark/micromark-extension-mdxjs-esm
async-lock,45994842,2023-12-22,491,7201,1,0,393,5,False,36,https://github.com/rogierschouten/async-lock
xpath,45971252,2023-12-16,803,25504,2,0,221,19,False,23,https://github.com/goto100/xpath
capital-case,45908584,2023-09-30,58,55293,1,0,2405,17,False,6,https://github.com/blakeembrey/change-case
roughjs,45742088,2023-11-20,138,717,1,0,19407,35,False,47,https://github.com/pshihn/rough
is-nan,45732694,2020-12-24,121,195058,1,0,12,1,False,8,https://github.com/es-shims/is-nan
parse-filepath,45714470,2017-12-19,280,408571,3,0,30,1,False,16,https://github.com/jonschlinkert/parse-filepath
regexpp,45595264,2021-06-14,852,972745,1,0,157,12,False,10,https://github.com/mysticatea/regexpp
pdf-lib,45539277,2021-11-06,363,2364,1,0,8622,316,False,84,https://github.com/Hopding/pdf-lib
import-from,45498283,2021-06-01,514,2225516,1,0,85,1,False,3,https://github.com/sindresorhus/import-from
is-lambda,45498168,2017-05-24,142,372719,1,0,28,0,False,2,https://github.com/watson/is-lambda
history,45495599,2022-02-22,6468,930208,1,0,8300,125,False,101,https://github.com/remix-run/history
bottleneck,45455322,2019-08-03,585,55261,1,0,2005,88,False,79,https://github.com/SGrondin/bottleneck
async-mutex,45376522,2024-03-11,1028,28896,1,0,1431,15,False,18,https://github.com/DirtyHairy/async-mutex
toposort,45262793,2018-04-28,555,961157,1,0,310,4,False,22,https://github.com/marcelklehr/toposort
randexp,45173953,2018-07-21,412,144799,1,0,1806,12,False,20,https://github.com/fent/randexp.js
hyphenate-style-name,45161126,2024-06-17,128,487121,1,0,35,2,False,7,https://github.com/rexxars/hyphenate-style-name
sqlstring,45075942,2022-03-06,432,236967,2,0,398,6,False,10,https://github.com/mysqljs/sqlstring
quick-format-unescaped,45012991,2021-09-21,37,61622,1,0,18,4,False,15,https://github.com/davidmarkclements/quick-format
jpeg-js,44977856,2022-06-07,439,157635,5,2,588,26,False,21,https://github.com/eugeneware/jpeg-js
pumpify,44881369,2019-10-01,781,702585,1,0,252,4,False,22,https://github.com/mafintosh/pumpify
common-path-prefix,44853680,2019-11-03,202,785447,1,0,10,0,False,3,https://github.com/novemberborn/common-path-prefix
xdg-app-paths,44829871,2023-02-06,30,117,1,0,22,1,False,25,https://github.com/rivy/js.xdg-app-paths
word,44750435,2020-07-21,48,14917,1,0,1321,5,False,8,https://github.com/SheetJS/js-word
xlsx,44737505,2022-03-24,4752,39551,1,5,36336,133,False,108,https://github.com/SheetJS/sheetjs
@babel/plugin-proposal-object-rest-spread,44503440,2022-12-22,19208,4084197,4,0,43990,780,False,86,https://github.com/babel/babel
fbjs-css-vars,44490518,2018-12-17,127,367811,1,0,1961,82,False,3,https://github.com/facebook/fbjs
@babel/helper-hoist-variables,44475350,2024-06-05,29,3318577,4,0,43990,780,False,71,https://github.com/babel/babel
findup-sync,44280331,2021-10-31,927,176740,3,0,98,1,False,16,https://github.com/gulpjs/findup-sync
query-selector-shadow-dom,44223795,2022-11-17,45,2507,1,0,260,24,False,34,https://github.com/webdriverio/query-selector-shadow-dom
public-encrypt,44106138,2018-10-01,376,791978,5,0,28,5,False,11,https://github.com/crypto-browserify/publicEncrypt
micromark-extension-mdx-md,44097028,2023-06-22,10,32697,1,0,1,0,False,5,https://github.com/micromark/micromark-extension-mdx-md
convert-hrtime,44007493,2021-04-14,101,110054,1,0,55,0,False,5,https://github.com/sindresorhus/convert-hrtime
generic-pool,43907903,2022-09-10,769,50046,3,0,2406,65,False,74,https://github.com/coopernurse/node-pool
regenerator-transform,43894380,2023-08-04,1133,3406360,1,0,3823,81,True,36,https://github.com/facebook/regenerator
path-is-inside,43893991,2016-09-10,468,528354,1,0,44,3,False,3,https://github.com/domenic/path-is-inside
@sideway/pinpoint,43633514,2020-10-24,7,267499,1,0,6,0,False,1,https://github.com/sideway/pinpoint
pseudomap,43594637,2016-01-05,405,519331,1,0,21,14,False,3,https://github.com/isaacs/pseudomap
cpu-features,43183668,2024-05-03,13,6085,1,0,49,4,False,10,https://github.com/mscdex/cpu-features
ext,43067926,2022-08-31,159,1131085,1,0,179,46,False,15,https://github.com/medikoo/es5-ext
miller-rabin,42923674,2017-09-27,369,769484,2,0,27,2,False,14,https://github.com/indutny/miller-rabin
jju,42893488,2018-07-30,177,157183,1,0,69,20,False,21,https://github.com/rlidwka/jju
urix,42862648,2014-03-01,955,3824956,1,0,64,0,True,1,https://github.com/lydell/urix
randomfill,42837717,2018-02-16,343,503072,3,0,9,0,False,5,https://github.com/crypto-browserify/randomfill
css-color-keywords,42687662,2017-01-20,65,455135,1,0,9,0,False,1,https://github.com/sonicdoe/css-color-keywords
os-browserify,42592283,2017-04-20,1279,637295,2,0,20,0,False,6,https://github.com/CoderPuppy/os-browserify
collection-visit,42428291,2017-04-09,937,968919,2,0,20,1,False,6,https://github.com/jonschlinkert/collection-visit
tty-browserify,42362115,2018-01-27,630,634678,39,0,18,2,False,2,https://github.com/browserify/tty-browserify
create-hmac,42356799,2018-04-11,1022,819567,5,0,60,11,False,11,https://github.com/crypto-browserify/createHmac
pascalcase,42346319,2021-12-29,1261,940554,1,0,36,2,False,4,https://github.com/jonschlinkert/pascalcase
posix-character-classes,42261738,2017-04-20,920,968234,1,0,30,2,False,3,https://github.com/jonschlinkert/posix-character-classes
browserify-aes,42252368,2018-04-03,610,824929,5,0,62,11,False,27,https://github.com/crypto-browserify/browserify-aes
jsc-safe-url,42038716,2023-05-18,106,35151,1,0,4,0,False,7,https://github.com/robhogan/jsc-safe-url
object-copy,42019682,2017-06-25,915,895611,1,0,15,3,False,2,https://github.com/jonschlinkert/object-copy
@types/set-cookie-parser,42000684,2024-07-09,165,11036,1,0,51432,691,False,18,https://github.com/DefinitelyTyped/DefinitelyTyped
file-loader,41909187,2020-10-27,62566,2867787,3,0,1843,1,True,52,https://github.com/webpack-contrib/file-loader
time-span,41839252,2022-06-26,183,44905,1,0,83,0,False,7,https://github.com/sindresorhus/time-span
collapse-white-space,41773536,2021-10-27,115,268073,1,0,10,0,False,9,https://github.com/wooorm/collapse-white-space
os-homedir,41756879,2018-11-08,683,482056,1,0,60,0,True,5,https://github.com/sindresorhus/os-homedir
micromark-extension-mdxjs,41718107,2023-10-19,55,27839,1,0,10,0,False,7,https://github.com/micromark/micromark-extension-mdxjs
isomorphic-fetch,41699067,2020-09-23,7832,886123,2,0,6905,57,False,23,https://github.com/matthew-andrews/isomorphic-fetch
unset-value,41671937,2022-02-11,961,3780809,2,0,35,3,False,6,https://github.com/jonschlinkert/unset-value
to-regex,41652676,2018-02-24,944,3780644,1,0,58,2,False,8,https://github.com/jonschlinkert/to-regex
latest-version,41619621,2024-02-27,1392,1069484,1,0,177,0,False,16,https://github.com/sindresorhus/latest-version
builtin-status-codes,41596574,2016-06-29,336,633314,1,0,19,0,False,3,https://github.com/bendrucker/builtin-status-codes
diffie-hellman,41485543,2018-04-11,384,796557,5,0,95,8,False,21,https://github.com/crypto-browserify/diffie-hellman
md5.js,41418160,2018-10-02,441,642573,5,0,44,0,False,9,https://github.com/crypto-browserify/md5.js
source-map-url,41374232,2021-02-01,1055,3877255,1,0,46,2,True,5,https://github.com/lydell/source-map-url
vm-browserify,41345376,2019-11-04,703,618735,39,0,207,14,False,10,https://github.com/substack/vm-browserify
path-data-parser,41336712,2020-04-11,16,419,1,0,26,3,False,3,https://github.com/pshihn/path-data-parser
async-limiter,41320130,2019-11-20,767,684524,1,0,32,12,False,3,https://github.com/strml/async-limiter
hpagent,41308233,2022-10-29,200,5515,1,0,192,21,False,6,https://github.com/delvedor/hpagent
repeat-element,41286470,2021-04-07,990,3941861,1,0,19,0,False,6,https://github.com/jonschlinkert/repeat-element
event-emitter,41229321,2017-03-15,731,783671,1,0,244,6,False,15,https://github.com/medikoo/event-emitter
@babel/plugin-proposal-nullish-coalescing-operator,41217013,2022-06-27,6261,3182368,4,0,43990,780,False,59,https://github.com/babel/babel
xml-js,41117840,2019-02-13,1532,76938,1,0,1341,126,False,49,https://github.com/nashwaan/xml-js
webpack-node-externals,41009946,2021-04-21,14658,183292,1,0,1294,56,False,27,https://github.com/liady/webpack-node-externals
polished,40942994,2024-02-01,4874,111009,3,0,7664,34,False,94,https://github.com/styled-components/polished
fast-redact,40920983,2024-03-19,80,51843,2,1,337,16,False,38,https://github.com/davidmarkclements/fast-redact
identity-obj-proxy,40895672,2016-08-03,12472,1394802,1,0,507,10,False,3,https://github.com/keyanzhang/identity-obj-proxy
console-browserify,40869460,2019-10-28,500,454456,39,0,33,1,False,12,https://github.com/browserify/console-browserify
stream-http,40792063,2021-04-14,1293,781294,2,0,356,26,False,43,https://github.com/jhiesey/stream-http
swap-case,40696882,2024-01-14,32,123467,1,0,2405,17,False,14,https://github.com/blakeembrey/change-case
mixin-deep,40614908,2019-06-19,1279,971683,2,2,80,8,False,13,https://github.com/jonschlinkert/mixin-deep
path-root-regex,40585806,2016-03-29,86,415182,1,0,13,1,False,3,https://github.com/regexhq/path-root-regex
resolve-url,40463254,2014-02-25,1047,3826097,1,0,53,0,True,3,https://github.com/lydell/resolve-url
infer-owner,40457057,2019-07-19,382,2113203,1,0,6,0,False,2,https://github.com/npm/infer-owner
timers-browserify,40443486,2020-10-27,666,636103,39,0,24,1,False,24,https://github.com/jryans/timers-browserify
micromark-extension-math,40422738,2024-07-08,12,12513,1,0,30,1,False,12,https://github.com/micromark/micromark-extension-math
@types/shimmer,40376963,2024-07-08,167,1178,1,0,51421,683,False,7,https://github.com/DefinitelyTyped/DefinitelyTyped
is-electron,40326683,2023-02-21,134,21980,1,0,103,0,False,6,https://github.com/cheton/is-electron
@tokenizer/token,40253816,2021-07-12,19,69519,1,0,2,0,False,4,https://github.com/Borewit/tokenizer-token
boolean,40130295,2022-02-16,155,67815,1,0,38,1,False,22,https://github.com/thenativeweb/boolean
@kwsites/promise-deferred,40122345,2020-07-01,2,16856,1,0,0,12,False,6,https://github.com/kwsites/promise-deferred
yargs-unparser,40122280,2020-10-02,410,287661,3,0,21,7,False,15,https://github.com/yargs/yargs-unparser
abstract-logging,40044420,2020-10-17,96,19588,1,0,34,1,False,3,https://github.com/jsumners/abstract-logging
svg-tags,39931013,2014-09-03,114,576802,1,0,10,1,False,2,https://github.com/element-io/svg-tags
archy,39923595,2014-09-14,518,535948,1,0,203,6,False,4,https://github.com/substack/node-archy
throttle-debounce,39806628,2024-06-24,3309,156795,1,0,1044,6,False,18,https://github.com/niksy/throttle-debounce
utility-types,39772621,2024-01-18,1427,74057,1,0,5763,67,False,20,https://github.com/piotrwitek/utility-types
esniff,39766890,2024-02-21,6,17982,1,0,12,2,False,10,https://github.com/medikoo/esniff
js-levenshtein,39747236,2019-01-10,219,1046601,1,0,510,7,False,8,https://github.com/gustf/js-levenshtein
copy-descriptor,39578727,2016-06-09,920,968762,1,0,11,1,False,2,https://github.com/jonschlinkert/copy-descriptor
path-root,39578394,2016-03-29,88,415186,1,0,6,0,False,2,https://github.com/jonschlinkert/path-root
@webcontainer/env,39565034,2024-03-28,12,14,6,0,4634,811,False,4,https://github.com/stackblitz/webcontainer-core
flow-enums-runtime,39473894,2021-09-13,83,20030,2,0,22285,518,False,6,https://github.com/facebook/flow
@types/bunyan,39445309,2023-11-07,883,8553,1,0,51432,691,False,30,https://github.com/DefinitelyTyped/DefinitelyTyped
better-opn,39383030,2022-01-21,322,177303,1,0,0,0,False,15,https://github.com/ExiaSR/better-opn
cli-progress,39222275,2023-02-19,2225,40559,1,0,1256,26,False,39,https://github.com/npkgz/cli-progress
use,39215646,2018-07-12,949,3780112,2,0,26,4,False,13,https://github.com/jonschlinkert/use
nx,39194175,2020-11-16,617,21460,8,4,29310,455,False,2676,https://github.com/nrwl/nx
tinyqueue,39182870,2024-07-06,194,34422,1,0,468,3,False,12,https://github.com/mourner/tinyqueue
browser-stdout,39027430,2018-02-27,434,494253,1,0,37,4,False,7,https://github.com/kumavis/browser-stdout
update-notifier,39002759,2024-09-09,5424,1317099,1,0,1762,22,False,52,https://github.com/yeoman/update-notifier
@babel/plugin-proposal-optional-chaining,38956254,2023-02-20,10598,3189941,4,0,43223,779,False,70,https://github.com/babel/babel
get-func-name,38955902,2023-09-26,279,325251,1,1,12,4,False,5,https://github.com/chaijs/get-func-name
source-list-map,38931778,2018-10-10,459,1028490,1,0,41,6,True,16,https://github.com/webpack/source-list-map
constants-browserify,38919600,2015-07-13,851,635041,1,0,30,2,False,3,https://github.com/juliangruber/constants-browserify
xcode,38718860,2020-05-19,773,320476,17,0,217,30,False,1519,https://github.com/apache/cordova-node-xcode
@types/webidl-conversions,38693088,2023-11-07,6,258652,1,0,51432,691,False,10,https://github.com/DefinitelyTyped/DefinitelyTyped
bs58,38690400,2024-06-24,3383,111659,7,0,214,1,False,15,https://github.com/cryptocoinjs/bs58
parse-node-version,38604110,2021-11-22,219,623275,1,0,2,0,False,3,https://github.com/gulpjs/parse-node-version
semver-regex,38590362,2022-06-08,393,378837,1,2,143,0,False,16,https://github.com/sindresorhus/semver-regex
lodash.flattendeep,38589523,2016-08-13,371,370223,2,0,61277,104,False,9,https://github.com/lodash/lodash
memory-fs,38504252,2019-10-08,2441,586382,1,0,878,30,True,7,https://github.com/webpack/memory-fs
base,38381654,2018-03-30,1040,762347,2,0,105,13,False,46,https://github.com/node-base/base
memory-pager,38342649,2019-01-09,45,664718,1,0,32,2,False,10,https://github.com/mafintosh/memory-pager
dargs,38336601,2021-06-30,698,230429,1,0,187,0,False,20,https://github.com/sindresorhus/dargs
muggle-string,38146985,2023-12-06,27,19181,1,0,8,2,False,8,https://github.com/johnsoncodehk/muggle-string
react-lifecycles-compat,38114615,2018-05-11,1021,786273,2,0,459,34,False,17,https://github.com/reactjs/react-lifecycles-compat
create-ecdh,38102369,2020-08-04,390,644823,5,0,24,7,False,13,https://github.com/crypto-browserify/createECDH
markdown-extensions,38056898,2023-08-05,30,15797,1,0,23,0,False,4,https://github.com/sindresorhus/markdown-extensions
domain-browser,38054025,2023-12-29,540,776804,1,0,32,3,False,91,https://github.com/bevry/domain-browser
@npmcli/move-file,38051402,2022-10-14,11,950627,4,0,0,0,True,8,https://github.com/npm/move-file
to-object-path,38016848,2016-01-31,922,3784348,1,0,16,2,False,3,https://github.com/jonschlinkert/to-object-path
p-filter,37944676,2023-12-27,194,98390,1,0,83,0,False,6,https://github.com/sindresorhus/p-filter
sparse-bitfield,37900467,2017-03-05,52,664739,1,0,28,2,False,10,https://github.com/mafintosh/sparse-bitfield
@hapi/address,37871387,2023-03-11,19,1718656,6,0,33,2,False,16,https://github.com/hapijs/address
prepend-http,37852613,2021-08-09,394,2699993,1,0,66,0,False,9,https://github.com/sindresorhus/prepend-http
for-own,37839773,2017-02-27,360,1710262,3,0,23,0,False,7,https://github.com/jonschlinkert/for-own
rehype-sanitize,37822327,2023-08-26,182,3977,3,0,219,0,False,10,https://github.com/rehypejs/rehype-sanitize
object-visit,37772993,2017-05-30,930,968952,1,0,21,2,False,10,https://github.com/jonschlinkert/object-visit
browserify-cipher,37763193,2018-04-11,421,644363,1,0,19,2,False,2,https://github.com/crypto-browserify/browserify-cipher
estree-util-to-js,37599686,2023-07-31,23,7957,2,0,17,0,False,5,https://github.com/syntax-tree/estree-util-to-js
@types/js-cookie,37574143,2023-11-07,2026,25764,1,0,51419,680,False,27,https://github.com/DefinitelyTyped/DefinitelyTyped
snapdragon-node,37558935,2018-11-24,926,3778633,2,0,27,0,False,13,https://github.com/here-be/snapdragon-node
spark-md5,37531575,2021-08-25,947,114284,1,0,2606,14,False,9,https://github.com/satazor/js-spark-md5
simple-plist,37527628,2022-07-10,271,320670,1,1,57,11,False,19,https://github.com/wollardj/simple-plist
harmony-reflect,37444420,2021-04-15,240,1393273,1,0,482,8,False,35,https://github.com/tvcutsem/harmony-reflect
static-extend,37419425,2016-06-09,922,3781103,1,0,11,2,False,3,https://github.com/jonschlinkert/static-extend
ts-toolbelt,37408903,2021-03-10,1076,19205,1,0,7150,84,False,916,https://github.com/millsp/ts-toolbelt
codemirror,37309012,2022-07-20,4580,112084,1,1,27230,437,True,155,https://github.com/codemirror/CodeMirror
load-tsconfig,37234267,2023-03-19,36,6296,1,0,,,,8,
property-expr,37173734,2023-10-13,63,155556,1,1,26,3,False,16,https://github.com/jquense/expr
temp,37155888,2020-11-10,3073,507440,2,0,450,8,False,16,https://github.com/bruce/node-temp
@svgr/webpack,37153857,2023-08-15,6698,1831506,1,0,11057,150,False,50,https://github.com/gregberge/svgr
jmespath,37147972,2022-01-19,231,136508,1,0,847,64,False,10,https://github.com/jmespath/jmespath.js
stable,36893927,2018-04-25,429,2520174,1,0,80,0,True,9,https://github.com/Two-Screen/stable
find-versions,36883303,2024-04-03,217,332524,1,0,46,0,False,17,https://github.com/sindresorhus/find-versions
postcss-media-query-parser,36867185,2016-10-27,68,192635,1,0,20,5,False,5,https://github.com/dryoma/postcss-media-query-parser
cache-base,36862691,2021-11-06,929,762323,2,0,57,5,False,23,https://github.com/jonschlinkert/cache-base
cross-inspect,36757241,2024-08-05,2,1,1,0,5433,117,False,25,https://github.com/ardatan/graphql-tools
globjoin,36716450,2016-02-16,50,158555,1,0,7,1,False,4,https://github.com/amobiz/globjoin
number-is-nan,36710852,2021-04-07,540,5557,1,0,30,0,True,4,https://github.com/sindresorhus/number-is-nan
@types/prettier,36655030,2023-07-29,6947,1748823,1,0,,,,65,
snapdragon,36599087,2021-04-09,943,3779990,3,0,225,10,False,33,https://github.com/here-be/snapdragon
css-in-js-utils,36377038,2020-08-11,101,199141,1,0,77,15,False,12,https://github.com/robinweser/css-in-js-utils
lodash.startcase,36302064,2016-08-13,494,26534,3,0,61277,104,False,8,https://github.com/lodash/lodash
strip-bom-string,36276271,2017-03-30,41,225174,1,0,8,0,False,4,https://github.com/jonschlinkert/strip-bom-string
unicode-properties,36163218,2022-06-19,44,27627,1,0,58,7,False,9,https://github.com/devongovett/unicode-properties
w3c-hr-time,36127711,2020-03-06,515,2023817,6,0,11,0,True,3,https://github.com/jsdom/w3c-hr-time
https-browserify,36092255,2017-04-04,1328,638099,2,0,32,1,False,3,https://github.com/substack/https-browserify
querystring-es3,36036384,2014-10-13,748,635628,1,0,4,3,False,4,https://github.com/SpainTrain/querystring-es3
ajv-errors,35986433,2021-03-27,773,487583,1,0,289,41,False,14,https://github.com/epoberezkin/ajv-errors
is-upper-case,35985793,2023-09-30,37,123514,1,0,2405,17,False,10,https://github.com/blakeembrey/change-case
is-lower-case,35983170,2023-09-30,30,123467,1,0,2405,17,False,10,https://github.com/blakeembrey/change-case
@tweenjs/tween.js,35963158,2024-07-26,681,8498,4,0,9665,14,False,49,https://github.com/tweenjs/tween.js
estree-util-attach-comments,35932001,2023-07-31,9,13218,2,0,8,0,False,6,https://github.com/syntax-tree/estree-util-attach-comments
async-sema,35929763,2021-08-17,241,35406,6,0,660,11,False,19,https://github.com/vercel/async-sema
inline-style-prefixer,35887852,2024-07-04,506,207248,1,0,393,8,False,70,https://github.com/robinweser/inline-style-prefixer
babel-plugin-transform-flow-enums,35833089,2021-09-13,78,20895,2,0,22285,518,False,2,https://github.com/facebook/flow
arr-flatten,35824539,2017-07-05,1185,1034261,1,0,58,6,False,8,https://github.com/jonschlinkert/arr-flatten
map-visit,35791466,2017-04-09,924,968889,2,0,17,2,False,7,https://github.com/jonschlinkert/map-visit
case-sensitive-paths-webpack-plugin,35739304,2021-02-22,16271,1869888,1,0,428,43,False,14,https://github.com/Urthen/case-sensitive-paths-webpack-plugin
estree-util-build-jsx,35382391,2023-10-22,21,12975,2,0,23,0,False,9,https://github.com/syntax-tree/estree-util-build-jsx
v8-compile-cache,35377068,2023-08-14,1143,2512522,2,0,743,22,False,13,https://github.com/zertosh/v8-compile-cache
prom-client,35282580,2024-06-27,1281,12116,3,0,3481,94,False,84,https://github.com/siimon/prom-client
default-require-extensions,35278258,2022-10-07,87,917241,2,0,11,0,False,4,https://github.com/avajs/default-require-extensions
fragment-cache,35255898,2017-03-14,926,3779677,1,0,14,1,False,3,https://github.com/jonschlinkert/fragment-cache
regex-not,35220544,2018-02-20,923,968882,1,0,31,0,False,6,https://github.com/jonschlinkert/regex-not
@tufjs/canonical-json,35206089,2023-08-17,3,82512,2,0,83,4,False,2,https://github.com/theupdateframework/tuf-js
snapdragon-util,35178042,2018-01-11,921,3777798,2,0,21,1,False,17,https://github.com/here-be/snapdragon-util
unfetch,35038356,2022-12-31,781,185725,1,0,5697,30,False,16,https://github.com/developit/unfetch
class-utils,34905232,2018-01-11,913,856124,2,0,19,2,False,14,https://github.com/jonschlinkert/class-utils
nanomatch,34785026,2018-06-27,1051,968494,2,0,97,8,False,28,https://github.com/micromatch/nanomatch
lower-case-first,34744639,2023-09-30,70,122309,1,0,2405,17,False,7,https://github.com/blakeembrey/change-case
browser-process-hrtime,34696487,2018-09-23,601,2037289,1,0,27,4,False,8,https://github.com/kumavis/browser-process-hrtime
mdast-util-definitions,34674345,2023-07-08,154,209345,2,0,11,0,False,20,https://github.com/syntax-tree/mdast-util-definitions
cachedir,34663631,2023-07-24,151,152551,1,0,26,3,False,15,https://github.com/LinusU/node-cachedir
localforage,34639825,2021-08-18,2798,87321,1,0,24217,249,False,62,https://github.com/localForage/localForage
scroll-into-view-if-needed,34633110,2023-09-13,769,87508,1,0,1451,30,False,83,https://github.com/scroll-into-view/scroll-into-view-if-needed
quill-delta,34585490,2023-05-22,288,35091,2,0,1039,20,False,19,https://github.com/quilljs/delta
code-point-at,34579265,2021-10-13,473,3327025,1,0,23,0,True,4,https://github.com/sindresorhus/code-point-at
mdast-util-math,34530000,2023-07-16,11,12612,2,0,21,1,False,9,https://github.com/syntax-tree/mdast-util-math
gray-matter,34519880,2021-04-24,1725,188573,3,0,4489,81,False,55,https://github.com/jonschlinkert/gray-matter
is-text-path,34505123,2024-04-30,436,180939,1,0,21,0,False,4,https://github.com/sindresorhus/is-text-path
resolve-url-loader,34467739,2022-01-17,5306,1583039,1,0,558,13,False,51,https://github.com/bholloway/resolve-url-loader
seek-bzip,34462536,2020-07-31,70,278070,1,0,26,2,False,10,https://github.com/cscott/seek-bzip
bintrees,34429167,2017-08-05,79,12190,1,0,222,18,False,13,https://github.com/vadimg/js_bintrees
@rollup/plugin-json,34370204,2023-12-12,19764,94136,4,0,3633,85,False,11,https://github.com/rollup/plugins
es-array-method-boxes-properly,34284724,2019-09-28,388,711197,1,0,3,1,False,1,https://github.com/ljharb/es-array-method-boxes-properly
axios-retry,34273708,2024-08-02,990,44415,1,0,2014,58,False,48,https://github.com/softonic/axios-retry
@babel/plugin-proposal-private-methods,34269642,2022-06-27,1903,2465070,4,0,43990,780,False,30,https://github.com/babel/babel
react-easy-router,34242626,2017-10-29,1,1,1,0,14,3,False,33,https://github.com/yousufkalim/react-easy-router
sade,34164014,2022-01-06,894,105611,1,0,1079,15,False,23,https://github.com/lukeed/sade
adjust-sourcemap-loader,33949053,2022-10-14,81,1508724,1,0,11,0,False,11,https://github.com/bholloway/adjust-sourcemap-loader
@lukeed/ms,33905817,2023-11-28,11,4009,1,0,248,1,False,4,https://github.com/lukeed/ms
date-format,33639630,2022-09-26,392,646415,2,0,59,4,False,23,https://github.com/nomiddlename/date-format
cli-highlight,33626785,2021-03-28,666,386660,1,0,335,30,False,24,https://github.com/felixfbecker/cli-highlight
sponge-case,33618304,2024-01-14,13,17604,1,0,2404,17,False,6,https://github.com/blakeembrey/change-case
@sideway/address,33494533,2022-05-02,17,267540,2,0,33,2,False,7,https://github.com/sideway/address
yarn,33466146,2021-09-06,3296,71861,1,5,41477,2056,False,120,https://github.com/yarnpkg/yarn
vue-demi,33439924,2024-07-25,1788,46304,2,0,3127,41,False,88,https://github.com/antfu/vue-demi
seq-queue,33384439,2012-11-20,81,110191,1,0,43,4,False,3,https://github.com/changchang/seq-queue
radix3,33383075,2024-03-25,79,7639,1,0,438,7,False,11,https://github.com/unjs/radix3
seedrandom,33320426,2019-09-17,1382,195411,1,0,2132,11,False,21,https://github.com/davidbau/seedrandom
ip,33310567,2024-02-19,4157,2948597,5,2,1544,88,False,26,https://github.com/indutny/node-ip
strip-comments,33238947,2019-11-13,351,1448020,1,0,120,33,False,21,https://github.com/jonschlinkert/strip-comments
default-gateway,33229079,2023-06-10,430,2735340,1,0,90,4,True,54,https://github.com/silverwind/default-gateway
streamroller,33200306,2023-02-15,155,664191,2,0,38,10,False,51,https://github.com/log4js-node/streamroller
zen-observable,33123985,2022-11-28,515,212403,1,0,892,2,False,37,https://github.com/zenparsing/zen-observable
from2,33062887,2016-08-15,608,681663,2,0,131,9,False,15,https://github.com/hughsk/from2
babel-runtime,33047008,2017-08-16,31333,2121303,3,0,43990,780,False,191,https://github.com/babel/babel
keygrip,32822765,2019-05-08,153,119839,5,0,931,3,False,16,https://github.com/crypto-utils/keygrip
bytestreamjs,32648040,2022-09-07,8,371,2,0,13,2,False,23,https://github.com/PeculiarVentures/ByteStream.js
parse-srcset,32321919,2016-12-10,29,53690,1,0,66,2,False,3,https://github.com/albell/parse-srcset
array-differ,32256311,2021-08-10,188,465933,1,0,40,0,False,9,https://github.com/sindresorhus/array-differ
@nicolo-ribaudo/eslint-scope-5-internals,32246065,2022-09-05,3,576758,1,0,,,,2,
prosemirror-collab,32207544,2023-05-17,63,1951,1,0,158,0,True,24,https://github.com/prosemirror/prosemirror-collab
@babel/plugin-syntax-export-namespace-from,32190785,2020-01-13,254,2302530,4,0,43991,774,False,34,https://github.com/babel/babel
is-utf8,32163004,2015-12-19,670,1425693,1,0,106,2,False,3,https://github.com/wayfind/is-utf8
kolorist,32047725,2023-04-22,1327,14335,1,0,321,7,False,23,https://github.com/marvinhagemeister/kolorist
prosemirror-trailing-node,32014732,2024-07-30,5,1958,1,0,3035,208,False,208,https://github.com/remirror/remirror
strip-dirs,31817892,2018-09-14,70,277922,1,0,8,0,False,11,https://github.com/shinnn/node-strip-dirs
parchment,31732106,2024-04-17,177,35055,2,0,701,17,False,49,https://github.com/quilljs/parchment
array-uniq,31728372,2021-05-03,615,2875330,1,0,74,0,False,9,https://github.com/sindresorhus/array-uniq
opentracing,31719294,2022-01-06,344,103866,6,0,1083,35,True,40,https://github.com/opentracing/opentracing-javascript
fromentries,31654321,2020-11-04,113,65613,1,0,69,1,False,10,https://github.com/feross/fromentries
@expo/sdk-runtime-versions,31636063,2021-04-06,5,44359,12,0,,,,1,
stream-combiner,31572352,2015-06-05,334,263949,1,0,100,7,False,8,https://github.com/dominictarr/stream-combiner
evp_bytestokey,31497603,2017-09-05,369,653240,3,0,21,1,False,4,https://github.com/crypto-browserify/EVP_BytesToKey
remark-math,31484293,2023-09-19,296,9601,3,0,513,4,False,24,https://github.com/remarkjs/remark-math
esast-util-from-estree,31472505,2023-07-31,3,3,2,0,1,0,False,7,https://github.com/syntax-tree/esast-util-from-estree
nearley,31327830,2020-12-06,398,133071,2,0,3743,199,False,92,https://github.com/hardmath123/nearley
@aws-sdk/util-utf8-browser,31249224,2023-01-26,590,71874,2,0,3664,147,False,50,https://github.com/aws/aws-sdk-js-v3
lodash.kebabcase,31209650,2016-08-13,1161,494723,2,0,61278,105,False,8,https://github.com/lodash/lodash
replace-ext,31116320,2020-05-04,624,934938,2,0,46,0,False,4,https://github.com/gulpjs/replace-ext
get-own-enumerable-keys,31085400,2023-01-16,2,23,1,0,23,0,False,2,https://github.com/sindresorhus/get-own-enumerable-keys
web-push,31050160,2024-01-16,154,3921,1,0,3543,45,False,47,https://github.com/web-push-libs/web-push
http-status-codes,30989896,2023-09-20,1482,23607,1,0,1121,32,False,40,https://github.com/prettymuchbryce/http-status-codes
fast-json-patch,30909809,2022-03-24,655,23391,4,1,1981,83,False,46,https://github.com/Starcounter-Jack/JSON-Patch
varint,30804471,2020-09-28,475,70864,2,0,95,8,False,15,https://github.com/chrisdickinson/varint
p-is-promise,30772970,2021-04-16,294,1941973,1,0,45,0,False,6,https://github.com/sindresorhus/p-is-promise
tiny-emitter,30712773,2019-02-05,563,158799,1,0,975,8,False,22,https://github.com/scottcorgan/tiny-emitter
@types/tmp,30709394,2023-11-07,1786,153382,1,0,51371,689,False,25,https://github.com/DefinitelyTyped/DefinitelyTyped
passport,30665464,2023-11-27,4444,264838,1,1,23530,398,False,33,https://github.com/jaredhanson/passport
@types/validate-npm-package-name,30424304,2023-11-07,533,1172,1,0,51421,683,False,7,https://github.com/DefinitelyTyped/DefinitelyTyped
byline,30396408,2016-07-21,578,125940,1,0,324,14,False,21,https://github.com/jahewson/node-byline
utf8-byte-length,30356242,2024-05-14,19,96466,2,0,6,2,False,6,https://github.com/parshap/utf8-byte-length
@gar/promisify,30282963,2022-02-16,4,512151,2,0,12,0,False,6,https://github.com/wraithgar/gar-promisify
stack-generator,30268595,2022-06-06,26,46501,4,0,26,8,False,20,https://github.com/stacktracejs/stack-generator
warn-once,30262909,2022-08-07,45,54750,1,0,9,0,False,3,https://github.com/satya164/warn-once
dc-polyfill,30229519,2023-10-05,1,0,1,0,3,6,False,14,https://github.com/DataDog/dc-polyfill
postcss-font-variant,30217013,2021-01-12,108,1648471,3,0,24,10,False,11,https://github.com/postcss/postcss-font-variant
unixify,30107527,2017-04-15,169,86963,2,0,44,2,False,3,https://github.com/jonschlinkert/unixify
lazy-cache,30088696,2016-11-08,519,1316797,2,0,51,3,False,17,https://github.com/jonschlinkert/lazy-cache
istanbul-lib-hook,30085076,2019-12-20,129,923071,4,0,1103,202,False,28,https://github.com/istanbuljs/istanbuljs
append-transform,30052547,2019-09-10,91,923713,5,0,24,13,False,7,https://github.com/istanbuljs/append-transform
@babel/plugin-proposal-numeric-separator,29913510,2022-06-27,4384,2901468,4,0,43991,774,False,56,https://github.com/babel/babel
section-matter,29677278,2017-10-23,21,155693,1,0,22,1,False,2,https://github.com/jonschlinkert/section-matter
jest-serializer,29634178,2022-04-25,703,2011529,2,0,45457,193,False,63,https://github.com/facebook/jest
isomorphic.js,29599546,2022-03-26,10,2434,1,0,12,6,False,12,https://github.com/dmonad/isomorphic.js
@types/jsesc,29381728,2023-11-07,71,6022,1,0,51421,683,False,17,https://github.com/DefinitelyTyped/DefinitelyTyped
package-hash,29354417,2019-04-09,49,105736,2,0,19,1,False,6,https://github.com/novemberborn/package-hash
skin-tone,29353746,2024-01-07,9,1259,1,0,64,0,False,7,https://github.com/sindresorhus/skin-tone
memorystream,29347417,2015-03-04,397,250312,1,0,84,5,False,10,https://github.com/JSBizon/node-memorystream
fontfaceobserver,29325997,2022-05-16,383,149189,1,0,4336,10,False,57,https://github.com/bramstein/fontfaceobserver
postcss-page-break,29266847,2020-09-27,78,1630965,1,0,6,16,False,7,https://github.com/shrpne/postcss-page-break
@remirror/core-constants,29198743,2024-07-30,17,1964,2,0,3035,208,False,230,https://github.com/remirror/remirror
forwarded-parse,29198149,2021-11-03,10,654,1,0,12,0,False,6,https://github.com/lpinca/forwarded-parse
just-extend,29158026,2022-12-17,182,112139,1,1,6201,58,False,38,https://github.com/angus-c/just
@types/history,29019837,2022-01-18,1534,254312,1,0,,,,59,
columnify,28873167,2022-02-03,740,202643,1,0,434,27,False,23,https://github.com/timoxley/columnify
detect-file,28870429,2017-08-06,247,162245,2,0,12,1,False,2,https://github.com/doowb/detect-file
find-yarn-workspace-root,28840331,2020-06-11,239,90099,11,0,51,5,False,6,https://github.com/square/find-yarn-workspace-root
@typescript-eslint/experimental-utils,28808985,2023-07-10,498,1566706,2,0,16389,275,False,2612,https://github.com/typescript-eslint/typescript-eslint
@wry/trie,28759988,2023-10-24,15,42702,1,0,91,25,False,11,https://github.com/benjamn/wryware
json-stringify-pretty-compact,28569399,2022-05-14,407,18893,1,0,269,0,False,10,https://github.com/lydell/json-stringify-pretty-compact
truncate-utf8-bytes,28491719,2016-09-29,35,95666,2,0,16,3,False,3,https://github.com/parshap/truncate-utf8-bytes
koa-compose,28438601,2020-09-10,1275,83228,12,0,1018,11,False,16,https://github.com/koajs/compose
rehype-katex,28418818,2024-08-19,166,6606,3,0,513,4,False,22,https://github.com/remarkjs/remark-math
platform,28351598,2020-07-04,793,208389,3,0,3242,34,True,15,https://github.com/bestiejs/platform.js
colorspace,28322840,2021-10-20,20,141082,1,0,4,3,False,7,https://github.com/3rd-Eden/colorspace
postcss-resolve-nested-selector,28284928,2024-08-12,76,159121,2,0,13,0,False,6,https://github.com/csstools/postcss-resolve-nested-selector
browserify-des,28272705,2018-07-10,349,644347,3,0,10,7,False,3,https://github.com/crypto-browserify/browserify-des
is-yarn-global,28231482,2022-11-14,407,726461,1,0,5,1,False,5,https://github.com/LitoMore/is-yarn-global
http-server,28215810,2022-05-31,10203,145277,3,0,14234,108,False,49,https://github.com/http-party/http-server
is-directory,28134987,2016-05-21,688,2639327,1,0,27,1,False,8,https://github.com/jonschlinkert/is-directory
lunr,28042767,2020-08-19,597,42125,1,0,9200,130,False,64,https://github.com/olivernn/lunr.js
executable,27988319,2018-02-07,82,291583,1,0,28,3,False,15,https://github.com/kevva/executable
caching-transform,27929529,2019-06-03,65,134482,4,0,20,12,False,10,https://github.com/istanbuljs/caching-transform
node-preload,27914128,2019-12-22,50,47152,1,0,4,0,False,7,https://github.com/cfware/node-preload
http-assert,27899971,2021-08-25,95,81760,4,0,153,13,False,13,https://github.com/jshttp/http-assert
mem,27859364,2023-11-14,752,2201056,2,1,1163,4,False,29,https://github.com/sindresorhus/mem
postcss-scss,27857842,2023-09-28,5525,182291,1,0,672,4,False,42,https://github.com/postcss/postcss-scss
mini-svg-data-uri,27680278,2022-03-09,419,153856,1,0,326,1,False,9,https://github.com/tigt/mini-svg-data-uri
@types/memcached,27676217,2023-11-07,67,569,1,0,51400,689,False,11,https://github.com/DefinitelyTyped/DefinitelyTyped
secure-compare,27646338,2015-03-30,62,26833,1,1,48,0,False,2,https://github.com/vdemedes/secure-compare
release-zalgo,27626770,2017-02-03,33,100168,1,0,1,0,False,1,https://github.com/novemberborn/release-zalgo
@types/q,27539209,2023-11-07,556,2619172,1,0,51421,683,False,43,https://github.com/DefinitelyTyped/DefinitelyTyped
check-more-types,27534049,2017-03-20,240,100351,3,0,65,9,False,81,https://github.com/kensho/check-more-types
base-64,27459716,2020-10-17,1489,38532,1,0,502,12,False,2,https://github.com/mathiasbynens/base64
global,27364084,2019-06-10,3053,549162,3,0,253,6,False,21,https://github.com/Raynos/global
caller-path,27307973,2021-10-08,692,598200,1,0,67,0,False,6,https://github.com/sindresorhus/caller-path
merge-options,27283701,2020-11-23,439,64931,1,1,69,2,False,10,https://github.com/schnittstabil/merge-options
table-layout,27248269,2024-07-31,63,53400,1,0,24,1,False,27,https://github.com/75lb/table-layout
array-find-index,27140834,2016-09-30,426,1283983,1,0,33,0,False,3,https://github.com/sindresorhus/array-find-index
function-timeout,27134612,2024-05-17,3,283,1,0,125,0,False,5,https://github.com/sindresorhus/function-timeout
aws4fetch,27118126,2024-08-28,43,69,1,0,881,22,False,24,https://github.com/mhart/aws4fetch
zen-observable-ts,27098194,2022-05-13,176,178126,2,0,7,11,False,40,https://github.com/apollographql/zen-observable-ts
@pdf-lib/upng,27094449,2020-02-20,38,2050,1,0,10,2,False,2,https://github.com/Hopding/upng
@aashutoshrathi/word-wrap,27018026,2023-06-28,5,400874,1,0,13,2,False,3,https://github.com/aashutoshrathi/word-wrap
railroad-diagrams,27015724,2015-03-09,33,133040,2,0,1763,22,False,1,https://github.com/tabatkins/railroad-diagrams
log4js,26987177,2023-03-08,4246,769846,2,1,5828,96,False,152,https://github.com/log4js-node/log4js-node
@flmngr/flmngr-server-node-express,26984142,2023-08-25,1,2,2,0,0,3,False,4,https://github.com/flmngr/flmngr-server-node-express
esm,26983540,2019-05-17,10048,197673,1,1,5248,87,True,140,https://github.com/standard-things/esm
requireindex,26953237,2018-02-10,2609,210518,1,0,84,1,False,15,https://github.com/stephenhandley/requireindex
es6-weak-map,26950266,2019-06-07,244,888066,1,0,30,1,False,13,https://github.com/medikoo/es6-weak-map
@iarna/toml,26804719,2020-04-23,639,162694,1,0,340,32,False,29,https://github.com/iarna/iarna-toml
grapheme-splitter,26746040,2018-09-11,518,590714,1,0,985,9,False,4,https://github.com/orling/grapheme-splitter
@balena/dockerignore,26734413,2020-05-13,20,7852,2,0,5,1,False,21,https://github.com/balena-io-modules/dockerignore
tiny-case,26700196,2022-03-03,13,27225,1,0,6,2,False,4,https://github.com/jquense/tiny-case
ext-name,26694776,2017-06-07,84,202215,1,0,26,0,False,9,https://github.com/kevva/ext-name
babel-core,26680217,2018-04-27,147359,811989,3,0,43990,780,False,257,https://github.com/babel/babel
@types/lodash-es,26643092,2023-11-21,6206,21231,1,0,51400,689,False,21,https://github.com/DefinitelyTyped/DefinitelyTyped
@wry/context,26641352,2023-10-24,23,95545,1,0,91,25,False,30,https://github.com/benjamn/wryware
postcss-replace-overflow-wrap,26613443,2020-09-16,86,1647876,1,0,9,0,False,4,https://github.com/MattDiMu/postcss-replace-overflow-wrap
file-saver,26601806,2020-11-19,5113,57636,2,0,21981,214,False,18,https://github.com/eligrey/FileSaver.js
state-local,26561225,2021-01-07,22,4256,1,0,24,0,False,8,https://github.com/suren-atoyan/state-local
p-reduce,26545014,2021-04-08,291,1018646,1,0,73,0,False,4,https://github.com/sindresorhus/p-reduce
resolve-protobuf-schema,26519560,2018-07-20,18,61046,1,0,19,7,False,5,https://github.com/mafintosh/resolve-protobuf-schema
leaflet,26445377,2023-05-18,2635,50451,6,0,39882,534,False,48,https://github.com/Leaflet/Leaflet
duplexer3,26443570,2022-07-07,303,1218661,1,0,17,0,False,3,https://github.com/sindresorhus/duplexer3
lodash.upperfirst,26377222,2016-08-13,630,50936,2,0,61277,104,False,9,https://github.com/lodash/lodash
union,26375005,2024-01-18,154,52752,4,0,138,18,False,27,https://github.com/flatiron/union
stacktrace-gps,26347759,2022-06-06,25,36916,4,0,115,22,False,32,https://github.com/stacktracejs/stacktrace-gps
string-env-interpolation,26341636,2020-06-02,23,43981,1,0,4,2,False,2,https://github.com/kamilkisiela/string-env-interpolation
stacktrace-js,26318218,2020-01-07,278,38888,4,0,4002,45,False,25,https://github.com/stacktracejs/stacktrace.js
qrcode-terminal,26250713,2018-03-20,1360,163211,2,0,1279,32,False,18,https://github.com/gtanner/qrcode-terminal
outdent,26195845,2020-12-16,497,18748,1,0,181,1,False,14,https://github.com/cspotcode/outdent
passport-strategy,26177304,2013-08-01,730,191067,1,0,115,10,False,1,https://github.com/jaredhanson/passport-strategy
sort-keys-length,26166657,2017-07-03,24,200825,1,0,11,0,False,3,https://github.com/kevva/sort-keys-length
es6-promisify,26039483,2021-05-26,1009,849854,1,0,519,3,False,17,https://github.com/mikehall314/es6-promisify
buffer-alloc,25939246,2018-05-29,132,947679,1,0,14,1,False,5,https://github.com/LinusU/buffer-alloc
@juggle/resize-observer,25896814,2022-08-18,610,22150,1,0,991,14,False,63,https://github.com/juggle/resize-observer
ncp,25886368,2015-02-22,7159,243786,2,0,679,78,False,24,https://github.com/AvianFlu/ncp
js-md4,25885598,2017-01-24,24,3838,1,0,9,0,False,4,https://github.com/emn178/js-md4
corser,25880205,2016-08-16,120,52899,1,0,94,2,False,11,https://github.com/agrueneberg/Corser
mdast-util-frontmatter,25877649,2023-09-14,50,15867,2,0,19,0,False,6,https://github.com/syntax-tree/mdast-util-frontmatter
react-freeze,25863960,2024-02-28,31,29671,3,0,1652,17,False,5,https://github.com/software-mansion/react-freeze
term-size,25795471,2023-11-04,319,1214982,1,0,148,2,False,14,https://github.com/sindresorhus/term-size
@egjs/hammerjs,25727438,2019-12-16,79,120411,12,0,45,1,False,10,https://github.com/naver/hammer.js
scule,25704236,2024-02-06,252,35727,1,0,514,34,False,13,https://github.com/unjs/scule
request-progress,25698106,2016-12-01,479,238036,1,0,216,10,False,15,https://github.com/IndigoUnited/node-request-progress
base64url,25657106,2018-11-26,1064,121533,2,1,230,12,False,20,https://github.com/brianloveswords/base64url
lodash.castarray,25613999,2016-02-16,71,37411,2,0,61277,104,False,1,https://github.com/lodash/lodash
@use-gesture/core,25601423,2024-03-21,18,7860,1,0,9623,54,False,67,https://github.com/pmndrs/use-gesture
ts-invariant,25548380,2022-05-13,232,142201,1,0,94,12,False,36,https://github.com/apollographql/invariant-packages
lodash.uniqby,25448244,2016-08-13,698,68248,2,0,61278,105,False,13,https://github.com/lodash/lodash
@cypress/xvfb,25442676,2018-09-28,10,92179,1,0,53,14,False,15,https://github.com/cypress-io/xvfb
url-loader,25432405,2020-10-09,46970,1710143,3,0,1394,4,True,32,https://github.com/webpack-contrib/url-loader
@wry/equality,25408937,2023-10-24,69,132888,1,0,91,25,False,27,https://github.com/benjamn/wryware
btoa,25372221,2018-03-28,1572,133540,1,0,,,,6,git://git.coolaj86.com/coolaj86/btoa.js.git
memoizerific,25371593,2018-03-23,176,63545,1,0,110,3,False,32,https://github.com/thinkloop/memoizerific
map-or-similar,25364730,2017-01-20,73,63502,1,0,4,0,False,16,https://github.com/thinkloop/map-or-similar
ansi-html,25348892,2022-03-01,431,2414385,1,1,110,12,False,9,https://github.com/Tjatse/ansi-html
diff-match-patch,25115500,2020-05-20,472,43712,2,0,271,9,False,6,https://github.com/JackuB/diff-match-patch
unicode-emoji-modifier-base,25095520,2016-06-23,2,516,1,0,10,0,False,1,https://github.com/mathiasbynens/unicode-emoji-modifier-base
tippy.js,25047320,2021-11-10,908,18220,1,0,12247,104,True,152,https://github.com/atomiks/tippyjs
remove-accents,24994075,2023-08-08,92,54679,2,0,170,13,False,9,https://github.com/tyxla/remove-accents
raf-schd,24968568,2021-04-13,286,37725,1,0,458,9,False,13,https://github.com/alexreardon/raf-schd
@stoplight/types,24948879,2019-05-30,97,3320,3,0,6,10,False,110,https://github.com/stoplightio/types
pause,24927665,2015-07-02,77,246103,3,0,27,0,False,2,https://github.com/stream-utils/pause
@use-gesture/react,24913760,2024-03-21,353,13691,1,0,9621,54,False,67,https://github.com/pmndrs/use-gesture
normalize-svg-path,24904563,2020-09-18,45,10700,2,0,51,4,False,4,https://github.com/jkroso/normalize-svg-path
@mixmark-io/domino,24871485,2024-04-06,0,0,2,0,2,6,False,1,https://github.com/mixmark-io/domino
sift,24816828,2024-04-17,524,649567,2,0,1703,15,False,155,https://github.com/crcn/sift.js
array-slice,24803126,2017-11-30,268,741008,2,0,21,1,False,8,https://github.com/jonschlinkert/array-slice
webpack-hot-middleware,24802166,2024-02-01,10601,343600,3,0,2377,84,False,67,https://github.com/webpack-contrib/webpack-hot-middleware
svg-arc-to-cubic-bezier,24797857,2019-07-07,42,10928,1,0,76,21,False,10,https://github.com/colinmeinke/svg-arc-to-cubic-bezier
@types/offscreencanvas,24777220,2023-11-07,450,14573,1,0,47049,681,False,10,https://github.com/DefinitelyTyped/DefinitelyTyped
esast-util-from-js,24758376,2023-07-31,10,4,2,0,14,0,False,6,https://github.com/syntax-tree/esast-util-from-js
v8flags,24756087,2023-09-03,353,629794,1,0,57,0,False,36,https://github.com/gulpjs/v8flags
tmp-promise,24748057,2021-10-26,1149,47740,1,0,133,4,False,14,https://github.com/benjamingr/tmp-promise
path-dirname,24477531,2016-10-18,399,642486,2,0,13,1,False,1,https://github.com/es128/path-dirname
fast-text-encoding,24451865,2022-08-30,207,157448,1,0,114,6,False,7,https://github.com/samthor/fast-text-encoding
convert-to-spaces,24388546,2022-02-06,28,32413,1,0,4,0,False,5,https://github.com/vadimdemedes/convert-to-spaces
mpath,24332226,2022-04-17,107,668928,1,2,46,8,False,19,https://github.com/aheckmann/mpath
postcss-clamp,24304155,2022-03-11,54,700458,1,0,30,3,False,8,https://github.com/polemius/postcss-clamp
ansicolors,24285938,2013-12-03,233,283426,1,0,27,0,False,6,https://github.com/thlorenz/ansicolors
@vscode/l10n,24262567,2023-12-10,17,7317,6,0,113,25,False,16,https://github.com/Microsoft/vscode-l10n
buffer-alloc-unsafe,24239772,2018-05-29,95,917524,1,0,15,0,False,4,https://github.com/LinusU/buffer-alloc-unsafe
map-stream,24239394,2014-01-09,1081,305048,1,0,120,12,True,8,https://github.com/dominictarr/map-stream
rgbcolor,24133517,2017-04-26,38,23044,1,0,3,0,False,8,https://github.com/yetzt/node-rgbcolor
libbase64,24121177,2024-02-23,50,61100,1,0,10,1,False,10,https://github.com/nodemailer/libbase64
semver-truncate,24023584,2021-04-28,23,212430,1,0,17,0,False,6,https://github.com/sindresorhus/semver-truncate
rsvp,23996754,2019-06-06,1617,402008,6,0,3597,17,False,51,https://github.com/tildeio/rsvp.js
read-package-json,23971330,2024-05-04,408,547019,4,0,225,0,True,91,https://github.com/npm/read-package-json
value-or-promise,23919723,2023-01-03,19,61715,1,0,7,0,False,13,https://github.com/yaacovCR/value-or-promise
stat-mode,23867672,2019-11-08,123,110971,1,0,51,0,False,7,https://github.com/TooTallNate/stat-mode
superstruct,23857917,2024-07-06,589,17088,2,0,7131,104,False,90,https://github.com/ianstormtaylor/superstruct
pause-stream,23845813,2013-09-20,80,247632,1,0,40,2,True,11,https://github.com/dominictarr/pause-stream
event-stream,23781500,2018-09-29,4085,301456,1,1,2175,7,True,84,https://github.com/dominictarr/event-stream
code-excerpt,23771852,2022-02-06,44,32420,1,0,9,0,False,9,https://github.com/vadimdemedes/code-excerpt
@types/wrap-ansi,23728227,2023-10-31,165,2589,1,0,,,,16,
ext-list,23726841,2017-07-03,27,202489,1,0,8,0,False,10,https://github.com/kevva/ext-list
is-stream-ended,23703546,2018-04-01,17,95136,1,0,3,0,False,5,https://github.com/stephenplusplus/is-stream-ended
lcid,23696340,2024-04-30,333,2398719,1,0,39,1,False,8,https://github.com/sindresorhus/lcid
@contenthook/node,23652716,2024-07-05,0,0,2,0,,,,7,
stream-to-array,23644974,2016-02-28,390,160973,3,0,100,2,True,8,https://github.com/stream-utils/stream-to-array
eslint-config-airbnb-base,23521067,2021-11-09,40487,504670,5,0,148151,164,False,45,https://github.com/airbnb/javascript
@semantic-release/error,23512972,2023-06-07,313,40333,3,0,12,5,False,8,https://github.com/semantic-release/error
@babel/plugin-proposal-optional-catch-binding,23497738,2022-06-27,493,4043673,4,0,43985,777,False,54,https://github.com/babel/babel
klaw,23475040,2022-12-30,983,769742,3,0,324,5,False,16,https://github.com/jprichardson/node-klaw
urijs,23466224,2022-04-03,1163,187610,1,8,6229,104,False,28,https://github.com/medialize/URI.js
contenthook,23413765,2024-07-05,0,0,1,0,,,,30,
lodash.isobject,23411574,2015-05-19,813,156389,2,0,61277,104,False,10,https://github.com/lodash/lodash
string.prototype.padend,23401897,2024-03-21,187,380522,1,0,10,1,False,8,https://github.com/es-shims/String.prototype.padEnd
recursive-readdir,23324118,2022-10-25,2528,1560794,2,0,343,24,False,16,https://github.com/jergason/recursive-readdir
from,23248302,2017-03-11,168,262979,1,0,70,1,False,7,https://github.com/dominictarr/from
postcss-opacity-percentage,23234474,2024-09-03,24,723185,1,0,10,2,False,10,https://github.com/mrcgrtz/postcss-opacity-percentage
@contenthook/browser,23190553,2024-07-05,0,0,2,0,,,,13,
is-finite,23103447,2021-04-07,371,1533701,1,0,20,0,True,5,https://github.com/sindresorhus/is-finite
topojson-client,23074502,2019-11-06,340,20534,1,0,238,18,False,8,https://github.com/topojson/topojson-client
buffer-fill,23064835,2018-05-29,79,917312,1,0,11,1,False,3,https://github.com/linusu/buffer-fill
just-diff,23049729,2023-03-26,94,48136,1,0,6201,58,False,24,https://github.com/angus-c/just
redeyed,23027923,2018-05-22,62,211771,1,0,25,1,False,20,https://github.com/thlorenz/redeyed
foreach,22996170,2022-05-11,253,707430,1,0,25,3,False,8,https://github.com/manuelstofer/foreach
listenercount,22892210,2016-02-17,37,57639,0,0,1,0,False,2,https://github.com/jden/node-listenercount
async-each,22769402,2023-02-04,656,676890,2,0,104,0,False,14,https://github.com/paulmillr/async-each
resolve-pathname,22758315,2018-12-02,186,968290,1,0,65,9,False,13,https://github.com/mjackson/resolve-pathname
react-popper,22731944,2022-04-28,2779,267029,2,0,2488,40,False,72,https://github.com/popperjs/react-popper
micromark-extension-frontmatter,22657264,2023-06-27,45,15872,1,0,26,2,False,9,https://github.com/micromark/micromark-extension-frontmatter
@types/through,22652261,2023-11-07,104,36712,1,0,51400,689,False,16,https://github.com/DefinitelyTyped/DefinitelyTyped
cardinal,22582439,2018-05-22,247,212209,1,0,174,7,False,22,https://github.com/thlorenz/cardinal
is-path-in-cwd,22576794,2021-05-03,195,2551635,1,0,23,0,False,8,https://github.com/sindresorhus/is-path-in-cwd
map-age-cleaner,22576771,2021-08-23,212,1910180,1,0,19,2,False,5,https://github.com/SamVerschueren/map-age-cleaner
@types/docker-modem,22572102,2023-11-07,10,750,1,0,51432,691,False,7,https://github.com/DefinitelyTyped/DefinitelyTyped
blob-util,22464140,2018-05-21,138,62400,1,0,509,3,False,10,https://github.com/nolanlawson/blob-util
propagate,22423210,2019-04-12,27,45981,4,0,24,16,False,11,https://github.com/nock/propagate
@babel/plugin-proposal-async-generator-functions,22391238,2022-12-22,439,3047658,4,0,43991,774,False,74,https://github.com/babel/babel
hast-util-from-html-isomorphic,22294012,2023-08-08,9,7337,2,0,9,0,False,2,https://github.com/syntax-tree/hast-util-from-html-isomorphic
lazy-ass,22206213,2021-10-18,261,100317,1,0,71,6,False,25,https://github.com/bahmutov/lazy-ass
css-box-model,22193684,2020-04-27,147,67242,1,0,165,15,False,20,https://github.com/alexreardon/css-box-model
@epic-web/invariant,22164832,2023-12-14,0,0,3,0,273,0,False,1,https://github.com/epicweb-dev/invariant
dnd-core,22064844,2022-04-19,159,55227,5,0,21630,474,False,93,https://github.com/react-dnd/react-dnd
rbush,22060695,2024-08-21,367,35392,1,0,2423,11,False,29,https://github.com/mourner/rbush
treeverse,22018469,2022-10-14,64,48031,1,0,134,3,False,7,https://github.com/npm/treeverse
app-root-path,21967901,2022-08-16,2793,613945,1,0,603,14,False,16,https://github.com/inxilpro/node-app-root-path
@xstate/fsm,21938770,2023-06-21,117,1841,2,0,26171,125,False,28,https://github.com/statelyai/xstate
de-indent,21886689,2016-01-05,251,652612,1,0,13,1,False,3,https://github.com/yyx990803/de-indent
command-exists,21856848,2020-04-15,1532,482392,1,1,147,17,False,16,https://github.com/mathisonian/command-exists
async-exit-hook,21818889,2017-08-03,275,49205,1,0,117,9,False,7,https://github.com/tapppi/async-exit-hook
unquote,21804009,2017-12-18,222,2337561,1,0,6,1,False,3,https://github.com/lakenen/node-unquote
invert-kv,21758067,2022-02-26,323,2398894,1,0,37,0,False,8,https://github.com/sindresorhus/invert-kv
flush-write-stream,21738972,2019-02-08,416,539796,1,0,33,1,False,7,https://github.com/mafintosh/flush-write-stream
@types/mute-stream,21648577,2023-11-07,39,12,1,0,51432,691,False,5,https://github.com/DefinitelyTyped/DefinitelyTyped
value-equal,21640062,2018-12-03,44,965642,1,0,30,8,False,16,https://github.com/mjackson/value-equal
abs-svg-path,21604031,2013-11-25,58,14236,1,0,20,1,False,2,https://github.com/jkroso/abs-svg-path
safe-json-stringify,21546951,2018-05-24,190,93465,8,0,57,3,False,6,https://github.com/debitoor/safe-json-stringify
nlcst-to-string,21536891,2023-07-17,124,70085,2,0,19,0,False,21,https://github.com/syntax-tree/nlcst-to-string
babel-plugin-dynamic-import-node,21508605,2020-04-21,5287,2991665,6,0,574,6,False,12,https://github.com/airbnb/babel-plugin-dynamic-import-node
@types/quill,21506651,2023-11-07,440,11991,1,0,51421,683,False,42,https://github.com/DefinitelyTyped/DefinitelyTyped
check-types,21479499,2023-09-07,511,1105180,1,0,26,4,True,90,https://gitlab.com/philbooth/check-types.js
promise-call-limit,21471029,2024-09-08,37,48017,1,0,25,1,False,6,https://github.com/isaacs/promise-call-limit
xss,21441277,2024-03-03,899,111112,1,0,5311,68,False,71,https://github.com/leizongmin/js-xss
react-dnd,21415974,2022-04-19,3570,59169,5,0,21630,474,False,140,https://github.com/react-dnd/react-dnd
murmurhash-js,21322040,2014-04-29,195,32182,1,0,55,0,False,3,https://github.com/mikolalysenko/murmurhash-js
node-dir,21255988,2017-05-30,1170,239026,1,0,221,24,False,22,https://github.com/fshost/node-dir
direction,21208079,2021-11-07,144,59892,1,0,45,0,False,16,https://github.com/wooorm/direction
bmp-js,21181502,2018-04-23,79,135491,1,0,91,20,False,4,https://github.com/shaozilee/bmp-js
split-ca,21062317,2016-03-01,19,9134,1,0,6,0,False,2,https://github.com/bushong1/split-ca
remark,21037454,2023-09-18,2187,221029,3,0,8994,11,False,49,https://github.com/remarkjs/remark
nested-error-stacks,20977459,2022-03-28,156,196827,1,0,93,2,False,12,https://github.com/mdlavin/nested-error-stacks
javascript-natural-sort,20973242,2014-01-02,132,33818,2,0,47,3,False,2,https://github.com/Bill4Time/javascript-natural-sort
memoizee,20921915,2024-05-24,839,243190,1,0,1699,26,False,38,https://github.com/medikoo/memoizee
promise-polyfill,20848105,2023-01-20,1756,328399,1,0,2142,7,False,46,https://github.com/taylorhakes/promise-polyfill
babel-plugin-syntax-trailing-function-commas,20827554,2017-01-20,1194,970392,3,0,43990,780,False,34,https://github.com/babel/babel
@types/readdir-glob,20823931,2023-11-21,2,1214,1,0,51400,689,False,6,https://github.com/DefinitelyTyped/DefinitelyTyped
just-diff-apply,20805967,2022-12-17,38,48044,1,0,6026,51,False,18,https://github.com/angus-c/just
sumchecker,20799810,2019-11-25,42,84888,1,0,14,9,False,10,https://github.com/malept/sumchecker
is-primitive,20774950,2018-06-10,307,1031305,2,0,37,3,False,5,https://github.com/jonschlinkert/is-primitive
@types/supercluster,20758009,2023-11-07,123,974,1,0,51432,691,False,12,https://github.com/DefinitelyTyped/DefinitelyTyped
gonzales-pe,20657271,2020-03-30,142,177871,1,0,328,46,False,69,https://github.com/tonyganch/gonzales-pe
react-dnd-html5-backend,20646982,2022-04-19,3331,58038,5,0,21630,474,False,79,https://github.com/react-dnd/react-dnd
@types/react-router,20645647,2022-12-23,1987,162817,1,0,47049,681,False,140,https://github.com/DefinitelyTyped/DefinitelyTyped
@babel/plugin-proposal-unicode-property-regex,20601366,2022-06-27,186,3943693,4,0,43990,780,False,59,https://github.com/babel/babel
browser-assert,20594637,2015-08-24,62,14541,2,0,3,2,False,5,https://github.com/socialally/browser-assert
uid-safe,20577179,2017-08-03,356,302585,4,0,142,0,False,12,https://github.com/crypto-utils/uid-safe
@lukeed/uuid,20576082,2023-03-31,172,1040,1,0,409,5,False,4,https://github.com/lukeed/uuid
timers-ext,20555194,2024-06-03,56,235316,1,0,3,3,False,10,https://github.com/medikoo/timers-ext
@isaacs/string-locale-compare,20547922,2021-09-28,13,36977,1,0,5,1,False,3,https://github.com/isaacs/string-locale-compare
change-case-all,20524786,2023-11-27,124,17591,1,0,20,1,False,18,https://github.com/btxtiger/change-case-all
generic-names,20521760,2021-12-22,253,98913,2,0,16,4,False,9,https://github.com/css-modules/generic-names
path,20453423,2015-09-13,20628,191341,3,0,134,14,False,4,https://github.com/jinder/path
osenv,20428059,2018-02-16,826,2539491,4,0,136,13,True,9,https://github.com/npm/osenv
should,20419731,2018-07-30,29283,271587,3,0,1905,11,True,114,https://github.com/shouldjs/should.js
google-p12-pem,20408262,2023-08-15,16,162789,4,0,27,0,True,29,https://github.com/googleapis/google-p12-pem
lru_map,20395023,2020-10-22,125,74132,1,0,798,7,False,6,https://github.com/rsms/js-lru
spawn-command,20373392,2024-09-15,176,216247,1,0,47,4,False,6,https://github.com/mmalecki/spawn-command
fetch-retry,20338861,2024-03-17,197,52832,1,0,317,6,False,37,https://github.com/jonbern/fetch-retry
popper.js,20308142,2020-01-22,3897,856079,1,0,32709,58,False,114,https://github.com/FezVrasta/popper.js
@types/which,20215749,2024-05-30,594,12809,1,0,51400,689,False,22,https://github.com/DefinitelyTyped/DefinitelyTyped
should-equal,20214434,2017-08-28,16,36734,1,0,12,2,False,28,https://github.com/shouldjs/equal
ospath,20140551,2016-09-07,74,70827,1,0,5,4,False,6,https://github.com/jprichardson/ospath
uvu,20136898,2022-07-03,1980,83154,1,0,3031,88,False,50,https://github.com/lukeed/uvu
coa,20126155,2018-12-11,276,2561415,2,1,142,27,False,29,https://github.com/veged/coa
@contenthook/cli,20117692,2024-07-05,0,0,2,0,,,,15,
tiny-inflate,20099539,2019-11-17,88,102161,1,0,52,8,False,4,https://github.com/devongovett/tiny-inflate
@types/react-router-dom,20091543,2022-01-18,9212,166781,1,0,51421,683,False,37,https://github.com/DefinitelyTyped/DefinitelyTyped
@types/testing-library__jest-dom,20076597,2023-08-15,4523,1142077,1,0,,,,25,
string-natural-compare,20074143,2020-01-21,376,654592,1,0,51,1,False,10,https://github.com/nwoltman/string-natural-compare
repeating,20074044,2021-05-03,436,1531232,1,0,35,0,False,10,https://github.com/sindresorhus/repeating
flagged-respawn,20073620,2021-11-21,97,373646,2,0,21,2,False,10,https://github.com/gulpjs/flagged-respawn
@types/nlcst,20067652,2023-11-07,51,12490,1,0,51400,689,False,9,https://github.com/DefinitelyTyped/DefinitelyTyped
@surma/rollup-plugin-off-main-thread,19969427,2021-11-02,43,1150763,2,0,313,18,False,12,https://github.com/surma/rollup-plugin-off-main-thread
license-webpack-plugin,19951532,2022-02-10,249,664104,1,0,171,13,False,79,https://github.com/xz64/license-webpack-plugin
@mapbox/whoots-js,19940788,2018-07-13,93,28703,28,0,24,4,True,2,https://github.com/mapbox/whoots-js
please-upgrade-node,19900438,2019-08-08,328,329470,1,0,240,12,False,9,https://github.com/typicode/please-upgrade-node
rollup-pluginutils,19893720,2019-09-13,1425,654473,4,0,45,0,True,29,https://github.com/rollup/rollup-pluginutils
p-each-series,19855508,2021-04-09,596,1351751,1,0,52,0,False,5,https://github.com/sindresorhus/p-each-series
@sinonjs/text-encoding,19805090,2024-08-19,16,84179,6,0,3,0,True,3,https://github.com/sinonjs/text-encoding
fined,19773125,2021-10-31,89,363168,1,0,12,1,False,7,https://github.com/gulpjs/fined
dir-compare,19746800,2024-05-04,414,29501,1,0,203,8,False,38,https://github.com/gliviu/dir-compare
@redis/graph,19720454,2023-11-20,5,8464,2,0,16908,346,False,7,https://github.com/redis/node-redis
opencollective-postinstall,19706665,2020-05-29,571,248663,2,0,51,6,False,25,https://github.com/opencollective/opencollective-postinstall
fuzzy,19691447,2016-10-01,1001,59360,1,0,835,29,False,4,https://github.com/mattyork/fuzzy
weak-lru-cache,19677291,2022-02-02,22,41717,1,0,31,2,False,25,https://github.com/kriszyp/weak-lru-cache
pony-cause,19665278,2024-04-15,22,4364,1,0,54,12,False,17,https://github.com/voxpelli/pony-cause
easy-table,19641270,2021-10-06,408,29165,1,0,315,5,False,9,https://github.com/eldargab/easy-table
static-eval,19575114,2024-01-01,109,132071,39,3,177,15,False,19,https://github.com/browserify/static-eval
find-file-up,19559634,2018-03-28,29,24918,1,0,9,0,False,8,https://github.com/jonschlinkert/find-file-up
tiny-async-pool,19557613,2022-05-10,124,1919,1,0,822,2,False,11,https://github.com/rxaviers/async-pool
lop,19546114,2024-09-02,50,1716,1,0,7,2,False,9,https://github.com/mwilliamson/lop
whatwg-url-without-unicode,19545531,2020-02-07,8,4325,1,0,4,3,False,8,https://github.com/charpeni/whatwg-url
json-stringify-nice,19531374,2021-05-06,38,48021,1,0,25,3,False,7,https://github.com/isaacs/json-stringify-nice
postcss-flexbugs-fixes,19488658,2020-11-20,8597,1631784,1,0,742,8,True,22,https://github.com/luisrudge/postcss-flexbugs-fixes
trim-repeated,19464264,2021-04-21,64,522622,1,0,21,0,False,2,https://github.com/sindresorhus/trim-repeated
@babel/plugin-proposal-dynamic-import,19462949,2022-06-27,112,2723689,4,0,43991,774,False,22,https://github.com/babel/babel
browser-resolve,19424416,2020-08-03,558,1249073,39,0,100,5,False,42,https://github.com/browserify/browser-resolve
node-notifier,19386130,2022-02-01,8208,1792650,1,1,5845,128,False,73,https://github.com/mikaelbr/node-notifier
@microsoft/api-extractor,19325222,2019-02-18,4195,26838,3,0,6494,1111,False,553,https://github.com/microsoft/rushstack
uniq,19302190,2014-05-25,432,2339857,1,0,82,10,False,4,https://github.com/mikolalysenko/uniq
cssfilter,19289445,2024-08-15,26,108546,1,0,29,2,False,12,https://github.com/leizongmin/js-css-filter
@types/sax,19259121,2023-11-07,245,24232,1,0,51421,683,False,21,https://github.com/DefinitelyTyped/DefinitelyTyped
@apidevtools/openapi-schemas,19252638,2021-05-01,18,12306,3,0,45,3,False,7,https://github.com/APIDevTools/openapi-schemas
swagger-ui-express,19241182,2024-05-31,1367,38679,1,0,1384,41,False,61,https://github.com/scottie1984/swagger-ui-express
node-machine-id,19230981,2019-05-29,447,15356,1,0,554,25,False,11,https://github.com/automation-stack/node-machine-id
css-select-base-adapter,19221379,2018-10-24,164,2352285,1,0,4,0,False,2,https://github.com/nrkn/css-select-base-adapter
pretty-hrtime,19191983,2016-11-05,886,534349,1,0,67,1,False,7,https://github.com/robrich/pretty-hrtime
endent,19137720,2021-06-21,203,59566,1,0,36,5,False,19,https://github.com/ZhouHansen/endent
react-quill,19098322,2022-08-03,691,11386,2,0,7007,433,False,49,https://github.com/zenoamaro/react-quill
postcss-initial,19062080,2021-04-14,201,1648558,1,0,190,11,False,16,https://github.com/maximkoretskiy/postcss-initial
sorted-array-functions,19059655,2020-08-24,31,28319,1,0,56,3,False,4,https://github.com/mafintosh/sorted-array-functions
webpack-subresource-integrity,19056239,2022-01-12,172,649528,1,1,374,34,False,50,https://github.com/waysact/webpack-subresource-integrity
find-pkg,19026056,2018-03-28,137,24926,1,0,9,1,False,5,https://github.com/jonschlinkert/find-pkg
lru-queue,18995644,2014-04-26,30,235377,1,0,14,0,False,1,https://github.com/medikoo/lru-queue
should-type-adaptors,18974110,2017-12-27,7,32601,1,0,1,1,False,3,https://github.com/shouldjs/type-adaptors
is-object,18939560,2020-12-02,351,453312,2,0,22,1,False,4,https://github.com/inspect-js/is-object
hsl-to-rgb-for-reals,18916711,2019-09-24,85,3741,1,0,0,2,False,3,https://github.com/davidmarkclements/hsl_rgb_converter
clone-stats,18914363,2016-05-17,107,412484,1,0,11,2,False,3,https://github.com/hughsk/clone-stats
@hapi/boom,18912254,2023-02-11,839,120238,6,1,2928,6,False,22,https://github.com/hapijs/boom
suspend-react,18894610,2023-06-13,63,9295,1,0,1411,13,False,15,https://github.com/pmndrs/suspend-react
should-type,18875357,2016-08-14,16,36602,1,0,4,0,False,15,https://github.com/shouldjs/type
@types/file-saver,18859195,2023-11-07,1132,8282,1,0,51421,683,False,12,https://github.com/DefinitelyTyped/DefinitelyTyped
uhyphen,18854801,2022-11-13,9,1937,1,0,6,0,False,3,https://github.com/WebReflection/uhyphen
@ionic/utils-terminal,18853502,2023-12-19,16,20256,1,0,2003,369,False,31,https://github.com/ionic-team/ionic-cli
@types/webpack,18850282,2023-11-07,8332,811314,1,0,51400,689,False,185,https://github.com/DefinitelyTyped/DefinitelyTyped
buffer-equal,18822402,2022-10-12,438,479914,1,0,3,0,False,5,https://github.com/inspect-js/buffer-equal
omggif,18821646,2019-07-16,167,129906,1,0,682,2,False,6,https://github.com/deanm/omggif
screenfull,18792638,2022-06-19,1724,32583,1,0,7137,14,False,29,https://github.com/sindresorhus/screenfull
strip-outer,18729798,2021-08-19,71,522634,1,0,23,0,False,3,https://github.com/sindresorhus/strip-outer
@babel/plugin-proposal-export-namespace-from,18683016,2022-07-18,6099,2283198,4,0,43991,774,False,53,https://github.com/babel/babel
unifont,18639621,2019-05-25,0,0,2,0,268,7,False,28,https://github.com/unjs/unifont
fs-readdir-recursive,18582674,2017-11-10,735,377031,6,0,63,3,False,7,https://github.com/fs-utils/fs-readdir-recursive
iterall,18527710,2020-01-03,333,278067,1,0,813,17,False,13,https://github.com/leebyron/iterall
remark-breaks,18521880,2023-09-22,142,8338,3,0,155,0,False,14,https://github.com/remarkjs/remark-breaks
node-cache,18507649,2020-07-01,1885,69983,2,0,2372,76,False,34,https://github.com/node-cache/node-cache
patch-console,18506442,2022-02-04,33,4744,1,0,19,1,False,2,https://github.com/vadimdemedes/patch-console
front-matter,18490487,2020-05-29,1285,32173,1,0,696,32,False,37,https://github.com/jxson/front-matter
json2mq,18482338,2015-01-15,405,156416,1,0,169,2,False,2,https://github.com/akiran/json2mq
@peculiar/json-schema,18451736,2020-07-22,15,13678,7,0,3,6,False,16,https://github.com/PeculiarVentures/json-schema
valid-url,18398884,2013-07-31,997,212266,2,0,214,20,False,9,https://github.com/ogt/valid-url
defined,18356100,2022-10-12,523,1619645,1,0,6,0,False,3,https://github.com/inspect-js/defined
@whatwg-node/events,18336518,2024-07-29,5,2325,2,0,199,8,False,128,https://github.com/ardatan/whatwg-node
@storybook/react-docgen-typescript-plugin,18333607,2021-07-30,32,26734,12,0,3,4,False,21,https://github.com/storybookjs/react-docgen-typescript-plugin
@types/keygrip,18317978,2023-11-21,20,66923,1,0,51421,683,False,7,https://github.com/DefinitelyTyped/DefinitelyTyped
promise-all-reject-late,18307484,2020-01-28,38,48017,1,0,,,,2,
speakingurl,18289931,2017-08-23,153,21825,1,0,1117,30,False,79,https://github.com/pid/speakingurl
hash-sum,18288733,2019-06-28,1550,785145,1,0,312,7,False,4,https://github.com/bevacqua/hash-sum
object.hasown,18268212,2024-03-22,518,1229961,1,0,17,1,False,6,https://github.com/es-shims/Object.hasOwn
string-hash,18235611,2017-02-11,802,247224,2,0,306,1,True,4,https://github.com/darkskyapp/string-hash
array-each,18234908,2017-02-27,87,353687,1,0,16,0,False,4,https://github.com/jonschlinkert/array-each
@sendgrid/helpers,18222300,2023-12-05,22,22566,1,0,3051,101,False,34,https://github.com/sendgrid/sendgrid-nodejs
tildify,18182315,2021-08-12,649,210831,1,0,96,0,False,9,https://github.com/sindresorhus/tildify
wait-port,18116071,2023-09-20,391,25989,1,0,345,10,False,22,https://github.com/dwmkerr/wait-port
fast-json-parse,18099894,2017-07-30,218,73848,1,0,91,2,False,4,https://github.com/mcollina/fast-json-parse
@types/command-line-args,18094062,2023-11-07,670,6348,1,0,51432,691,False,14,https://github.com/DefinitelyTyped/DefinitelyTyped
@babel/plugin-proposal-json-strings,18070876,2022-06-27,3687,3908875,4,0,43990,780,False,37,https://github.com/babel/babel
npm-run-all,18063053,2018-11-24,51551,309025,1,0,5837,114,False,58,https://github.com/mysticatea/npm-run-all
babylon,18051880,2017-08-15,1973,1883337,5,0,43991,774,False,132,https://github.com/babel/babel
typanion,18040209,2023-08-06,97,6026,1,0,274,19,False,32,https://github.com/arcanis/typanion
random-bytes,18037425,2016-01-17,56,259739,2,0,29,0,False,1,https://github.com/crypto-utils/random-bytes
node-schedule,18031163,2023-01-11,1513,32836,5,0,9203,174,False,45,https://github.com/node-schedule/node-schedule
stoppable,18005681,2018-11-10,214,17690,3,0,404,28,False,9,https://github.com/hunterloftis/stoppable
update-check,18004118,2020-04-13,377,46883,6,0,169,5,False,12,https://github.com/zeit/update-check
typed-assert,18001826,2022-02-17,18,115422,1,0,53,8,False,8,https://github.com/elierotenberg/typed-assert
is-url-superb,17965920,2021-11-01,162,27046,1,0,84,0,False,8,https://github.com/sindresorhus/is-url-superb
any-base,17947857,2017-10-09,31,113897,1,0,31,6,False,3,https://github.com/HarasimowiczKamil/any-base
cli-table,17923137,2021-12-06,3682,294383,4,0,2294,18,False,15,https://github.com/Automattic/cli-table
locate-character,17906792,2023-06-15,130,17986,1,0,0,0,False,8,https://gitlab.com/Rich-Harris/locate-character
growly,17875587,2016-03-26,422,1787793,1,0,45,1,False,5,https://github.com/theabraham/growly
amdefine,17874861,2016-11-02,587,1287376,1,0,210,7,False,12,https://github.com/jrburke/amdefine
is-root,17851087,2021-04-07,445,1549428,1,0,79,0,False,5,https://github.com/sindresorhus/is-root
babel-plugin-transform-react-remove-prop-types,17824651,2019-02-01,4924,1495127,2,0,887,17,False,43,https://github.com/oliviertassinari/babel-plugin-transform-react-remove-prop-types
@babel/regjsgen,17802431,2023-01-25,3,413300,4,0,32,0,False,1,https://github.com/bnjmnt4n/regjsgen
uri-js-replace,17794792,2024-08-08,0,0,1,0,15,1,False,16,https://github.com/andreinwald/uri-js-replace
should-format,17793321,2017-02-06,11,36583,1,0,4,2,False,18,https://github.com/shouldjs/format
mv,17758731,2015-06-22,694,109879,1,0,157,16,False,12,https://github.com/andrewrk/node-mv
clipanion,17740712,2023-06-05,317,8523,1,0,1256,42,False,84,https://github.com/arcanis/clipanion
currently-unhandled,17726759,2016-06-02,237,1558373,1,0,24,3,False,3,https://github.com/jamestalmage/currently-unhandled
@ionic/utils-subprocess,17690070,2023-12-19,15,20240,1,0,2003,369,False,43,https://github.com/ionic-team/ionic-cli
bin-version-check,17665299,2024-04-03,65,212917,1,0,23,0,False,9,https://github.com/sindresorhus/bin-version-check
scuid,17654797,2018-02-04,23,16641,1,0,19,1,False,3,https://github.com/jhermsmeier/node-scuid
is2,17640729,2022-09-08,36,50964,2,0,10,4,False,30,https://github.com/stdarg/is2
@types/accepts,17634839,2023-11-06,133,84350,1,0,51432,691,False,9,https://github.com/DefinitelyTyped/DefinitelyTyped
bin-version,17601705,2024-04-03,32,212701,1,0,43,2,False,13,https://github.com/sindresorhus/bin-version
textextensions,17595566,2023-12-29,55,86112,1,0,15,1,False,115,https://github.com/bevry/textextensions
stealthy-require,17594484,2017-05-09,334,1590783,1,0,22,3,False,4,https://github.com/analog-nico/stealthy-require
remark-frontmatter,17570783,2023-09-18,857,25059,3,0,323,0,False,13,https://github.com/remarkjs/remark-frontmatter
oas-schema-walker,17570715,2020-07-31,22,9555,1,0,747,45,False,11,https://github.com/Mermade/oas-kit
inspect-with-kind,17569118,2018-08-28,96,1985,1,0,1,0,False,7,https://github.com/shinnn/inspect-with-kind
@emotion/stylis,17547737,2019-12-22,69,481565,2,0,18020,393,False,22,https://github.com/emotion-js/emotion
should-util,17496797,2019-06-24,7,32601,1,0,1,1,False,2,https://github.com/shouldjs/util
to-readable-stream,17445879,2022-10-26,246,847625,1,0,93,0,False,5,https://github.com/sindresorhus/to-readable-stream
num2fraction,17404487,2015-09-14,161,2504920,1,0,50,5,False,6,https://github.com/yisibl/num2fraction
regexparam,17398865,2023-12-03,143,15566,1,0,597,9,False,15,https://github.com/lukeed/regexparam
regexp-ast-analysis,17386292,2023-09-13,6,1338,1,0,5,1,False,17,https://github.com/RunDevelopment/regexp-ast-analysis
hast-util-has-property,17383036,2023-08-01,86,39207,2,0,1,0,False,8,https://github.com/syntax-tree/hast-util-has-property
getopts,17378431,2021-02-15,195,59276,1,0,635,5,False,21,https://github.com/jorgebucaran/getopts
