slug,nimi,aktiiviset_asennukset,viimeinen_paivitys,tested,varoitus_3_paaversiota,arvosana,arvosteluja,tukiketjut_avoinna,tukiketjut_ratkaistu,lisatty,tekija
template-kit-import,Template Kit &#8211; Import,400000,2024-08-01,6.4.10,True,68,16,0,0,2020-01-09,envato
limit-login-attempts,Limit Login Attempts,300000,2023-04-04,6.2.11,True,92,202,0,0,2009-01-15,Automattic
health-check,Health Check &amp; Troubleshooting,200000,2024-07-25,6.6.7,True,72,181,1,0,2018-06-09,WordPress.org
layout-grid,Layout Grid Block,200000,2023-07-11,6.2.11,True,94,13,0,0,2019-11-07,Automattic
search-and-replace,Search &amp; Replace,100000,2024-08-26,6.5.10,True,86,283,1,0,2007-05-14,WP Media
addquicktag,AddQuicktag,100000,2021-05-20,5.7.17,True,94,44,0,0,2007-05-04,Frank Bueltge
woosidebars,WooSidebars,100000,2024-04-03,6.5.10,True,78,48,1,0,2012-12-04,WooThemes
wp-downgrade,WP Downgrade | Specific Core Version,100000,2023-05-08,6.2.11,True,96,169,0,0,2016-04-30,Reisetiger
backupwordpress,BackUpWordPress,80000,2024-04-24,6.5.10,True,94,1373,1,0,2007-09-02,Tom Willmot
disable-json-api,Disable REST API,80000,2023-09-14,6.3.10,True,96,38,0,0,2014-10-03,Dave McHale
heartbeat-control,Heartbeat Control,80000,2023-08-31,6.3.10,True,84,68,0,0,2014-11-16,WP Media
q2w3-fixed-widget,Fixed Widget and Sticky Elements for WordPress,70000,2023-03-30,6.2.11,True,94,262,0,0,2012-11-19,monetizemore
php-code-widget,PHP Code Widget,70000,2022-03-30,5.9.16,True,94,61,0,0,2008-03-20,Samuel Wood (Otto)
facebook-messenger-customer-chat,Facebook Chat Plugin &#8211; Live Chat Plugin for WordPress,70000,2022-07-05,5.9.16,True,70,302,0,0,2018-09-26,Facebook
title-remover,Title Remover,70000,2021-06-03,5.7.17,True,78,68,0,0,2014-06-16,WPGurus
hotjar,Hotjar,70000,2023-10-25,6.0.14,True,58,18,1,0,2019-01-16,Hotjar
async-javascript,Async JavaScript,70000,2023-06-22,6.2.11,True,94,102,0,0,2014-12-11,David Clough
wp-show-posts,WP Show Posts,60000,2024-04-16,6.1.12,True,94,80,1,0,2016-07-23,Tom
woocommerce-extra-checkout-fields-for-brazil,Brazilian Market on WooCommerce,60000,2024-02-17,6.4.10,True,96,515,0,0,2012-11-11,Claudio Sanches
easy-theme-and-plugin-upgrades,Easy Theme and Plugin Upgrades,60000,2022-04-20,5.7.17,True,94,117,0,0,2011-07-06,Chris Jean
enhanced-media-library,Enhanced Media Library,60000,2024-07-15,6.5.10,True,86,298,1,0,2013-11-03,webbistro
column-shortcodes,Column Shortcodes,60000,2022-10-11,6.0.14,True,96,134,0,0,2012-08-02,Tobias Schutter
all-in-one-favicon,All In One Favicon,60000,2023-08-08,6.2.11,True,90,82,0,0,2010-05-06,Garrett Grimm
add-from-server,Add From Server,60000,2020-12-11,5.5.20,True,92,239,0,0,2008-03-12,Dion Hulse
html-editor-syntax-highlighter,HTML Editor Syntax Highlighter,60000,2024-03-16,6.5.0,True,88,110,0,0,2012-04-18,Peter Mukhortov
sakura-rs-wp-ssl,Easy SSL Plugin for SAKURA Rental Server,50000,2019-11-25,5.3.23,True,0,0,0,0,2017-04-13,sakurainternet
contact-form-7-add-confirm,Contact Form 7 add confirm,50000,2018-02-27,4.9.31,True,100,4,0,0,2014-03-28,Yuichiro ABE
portfolio-post-type,Portfolio Post Type,40000,2020-08-29,5.5.20,True,94,14,0,0,2011-08-26,Devin Price
wp-extra-file-types,WP Extra File Types,40000,2023-10-28,6.3.10,True,68,39,0,0,2015-01-03,davide.airaghi
revision-control,Revision Control,40000,2018-04-01,4.9.31,True,88,36,0,0,2008-07-26,Dion Hulse
wp-edit,WP Edit,40000,2018-10-15,4.9.31,True,80,159,0,0,2014-03-23,Josh
login-logo,Login Logo,40000,2024-09-11,6.6.7,True,98,62,0,0,2011-02-01,Mark Jaquith
disable-google-fonts,Disable Google Fonts,40000,2019-02-24,5.1.24,True,88,42,0,0,2013-12-04,Milan Dinić
underconstruction,underConstruction,40000,2024-03-08,6.4.10,True,90,111,0,0,2009-06-21,Garrett Grimm
upload-max-file-size,Increase Maximum Upload File Size,40000,2023-08-14,5.8.15,True,78,101,0,0,2014-11-19,WP Media
my-plugins,My-Plugins,30000,2013-07-02,3.5.2,True,20,1,0,0,2008-02-20,matejn
export-media-library,Export Media Library,30000,2023-04-05,6.2.11,True,98,48,0,0,2018-07-01,Andrej Pavlovic
recaptcha-for-mw-wp-form,reCAPTCHA for MW WP Form,30000,2024-05-09,6.5.10,True,74,3,0,0,2020-06-17,Masahiro NAKASHIMA
hide-title,Hide Title,30000,2019-05-22,5.2.26,True,74,87,0,0,2012-07-05,Dojo Digital
display-php-version,Display PHP Version,30000,2023-05-16,6.2.11,True,98,35,0,0,2011-07-26,David Gwyer
enhanced-text-widget,Enhanced Text Widget,30000,2024-07-17,6.6.7,True,98,50,0,0,2011-05-26,cl272
ts-webfonts-for-sakura,TS Webfonts for さくらのレンタルサーバ,30000,2024-02-14,6.2.11,True,54,3,0,0,2016-06-17,sakurainternet
wp-updates-notifier,WP Updates Notifier,30000,2020-02-14,5.3.23,True,84,35,0,0,2011-06-01,Scott Cariss
selfhost-google-fonts,Self-Hosted Google Fonts,30000,2018-06-15,4.9.31,True,96,40,0,0,2018-05-26,asadkn
scripts-n-styles,Scripts n Styles,30000,2023-06-06,6.2.11,True,88,30,0,0,2010-09-04,WraithKenny
lightweight-social-icons,Lightweight Social Icons,30000,2020-03-18,5.4.21,True,94,63,0,0,2014-08-20,Tom
social-media-widget,Social Media Widget,30000,2024-06-10,6.4.10,True,78,84,0,0,2010-05-27,Blink Web Effects
exclude-pages,Exclude Pages,20000,2017-11-28,3.4.2,True,98,47,0,0,2007-09-22,Simon Wheatley
jetsticky-for-elementor,JetSticky For Elementor,20000,2023-08-24,6.3.10,True,74,18,0,0,2018-08-02,jetmonsters
link-manager,Link Manager,20000,2017-11-28,6.1.12,True,90,33,0,0,2012-08-16,Andrew Nacin
site-offline,Site Offline Or Coming Soon Or Maintenance Mode,20000,2024-03-20,6.4.10,True,96,399,0,0,2016-11-30,chandrashekharsahu
block-options,Gutenberg Block Editor Toolkit – EditorsKit,20000,2024-05-28,6.5.10,True,92,175,0,0,2018-02-27,Munir Kamal
mega-addons-for-visual-composer,Mega Addons For WPBakery Page Builder,20000,2024-01-11,6.2.11,True,84,57,1,0,2017-03-11,nasir179125
automatic-updater,Advanced Automatic Updates,20000,2021-06-04,5.0.27,True,94,61,0,0,2012-09-24,Gary Pendergast
disable-feeds,Disable Feeds,20000,2018-03-30,4.9.31,True,94,31,0,0,2012-09-10,WPDeveloper
change-login-logo,Change WordPress Login Logo,20000,2024-07-31,6.6.7,True,92,17,0,0,2018-10-16,Boopathi Rajan
hide-admin-notices,Hide Admin Notices,20000,2024-02-18,6.4.10,True,92,20,0,0,2020-04-01,PontetLabs
cf7-phone-mask-field,Contact Form 7 &#8211; Phone mask field,20000,2021-01-07,5.6.19,True,88,24,0,0,2017-11-13,Ruslan Heorhiiev
any-mobile-theme-switcher,Any Mobile Theme Switcher,20000,2024-09-03,6.6.7,True,96,244,0,0,2012-03-21,Dnesscarkey
wp-maximum-execution-time-exceeded,WP Maximum Execution Time Exceeded,20000,2021-01-25,5.6.19,True,96,9,0,0,2014-09-10,Johnnie
material-design-icons-for-elementor,Material Design Icons for Page Builders,20000,2024-03-20,6.5.10,True,100,5,0,0,2020-01-11,Photon WP
spiderblocker,Spider Blocker,20000,2024-05-07,6.5.10,True,80,5,0,0,2015-10-08,Niteo
seed-fonts,Seed Fonts,20000,2024-08-06,6.6.7,True,92,16,0,0,2016-05-17,Seed Webs
elegro-payment,elegro Crypto Payment,20000,2019-11-22,4.9.31,True,100,12,0,0,2018-07-24,nikotech
pushpress,PuSHPress,20000,2022-03-04,5.9.16,True,72,5,0,0,2010-03-03,Joseph Scott
wp-test-email,WP Test Email,20000,2024-07-31,6.6.7,True,94,15,1,0,2018-10-28,Boopathi Rajan
external-thumbnail,External Thumbnail,20000,2016-06-17,4.5.33,True,100,2,0,0,2015-04-23,mrtaiw
visual-form-builder,Visual Form Builder,20000,2022-05-27,6.0.14,True,82,318,0,0,2011-06-23,Matthew Muro
add-category-to-pages,Add Category to Pages,20000,2019-10-19,5.2.26,True,94,30,0,0,2015-01-17,a.ankit
jivochat,JivoChat Live Chat &#8211; WP live chat plugin for WordPress,20000,2023-10-25,6.4.10,True,98,709,0,0,2014-09-17,JivoChat
multiple-post-thumbnails,Multiple Post Thumbnails,20000,2018-11-26,5.0.27,True,94,42,0,0,2010-06-13,Chris Scott
meks-simple-flickr-widget,Meks Simple Flickr Widget,20000,2024-07-29,6.6.7,True,86,3,0,0,2014-01-10,Meks
seo-image,SEO Friendly Images,10000,2017-11-28,4.1.42,True,60,59,0,0,2008-03-04,Vladimir Prelovac
cookies-for-comments,Cookies for Comments,10000,2019-06-04,5.2.26,True,98,18,0,0,2008-03-06,Donncha O Caoimh (a11n)
simple-taxonomy-ordering,Simple Taxonomy Ordering,10000,2023-03-22,6.2.11,True,98,28,0,0,2015-12-14,Evan Herman
dash-notifier,Dash Notifier,10000,2021-03-26,5.7.17,True,0,0,0,0,2019-02-28,LiteSpeed Technologies
audit-trail,Audit Trail,10000,2017-11-28,4.7.35,True,56,4,0,0,2007-09-17,John Godley
granular-controls-for-elementor,Granular Controls For Elementor,10000,2018-03-29,4.9.31,True,84,25,0,0,2018-01-11,NoreWP
google-pagespeed-insights,Insights from Google PageSpeed,10000,2024-07-07,6.5.10,True,96,28,1,1,2013-10-01,Matt Keys
seo-ultimate,SEO Ultimate,10000,2016-11-03,4.6.30,True,76,98,0,0,2009-05-22,Jeffrey L. Smith
bulk-page-creator,Bulk Page Creator,10000,2022-05-07,5.9.16,True,96,45,0,0,2011-05-13,DaganLev
disable-right-click-for-wp,Disable Right Click For WP,10000,2023-11-26,6.4.10,True,86,42,1,0,2018-11-08,Aftab Ali Muni
visual-term-description-editor,Visual Term Description Editor,10000,2024-08-17,6.6.7,True,100,21,0,0,2013-08-01,Shea Bunge
kt-tinymce-color-grid,Central Color Palette,10000,2023-08-16,5.3.23,True,98,57,0,0,2015-02-21,"Tessa (they/them), AuRise Creative"
lazy-load,Lazy Load,10000,2018-11-22,5.0.27,True,80,53,0,0,2011-11-24,Automattic
button-visually-impaired,Button visually impaired,10000,2021-09-01,5.8.15,True,98,26,1,0,2015-11-21,veks
meks-smart-social-widget,Meks Smart Social Widget,10000,2024-07-29,6.6.7,True,92,10,0,0,2014-01-14,Meks
blank-slate,Blank Slate,10000,2023-03-10,6.1.12,True,100,23,0,0,2016-04-07,Aaron Reimann
accordion-blocks,Accordion Blocks,10000,2022-02-07,5.9.16,True,100,36,0,0,2019-03-12,philbuchanan
hide-featured-image,Hide Featured Image,10000,2018-05-28,4.9.31,True,72,81,0,0,2015-05-22,shahpranaf
options-framework,Options Framework,10000,2017-11-01,4.8.30,True,96,27,0,0,2011-03-26,Devin Price
simple-map,Simple Map,10000,2018-03-11,4.9.31,True,94,12,0,0,2012-06-07,Takayuki Miyauchi
search-everything,Search Everything,10000,2017-11-28,4.7.35,True,82,86,0,0,2006-10-26,Sovrn
jquery-pin-it-button-for-images,jQuery Pin It Button for Images,10000,2020-10-01,5.5.20,True,92,305,0,0,2012-12-03,mrsztuczkens
wd-instagram-feed,10WebSocial,10000,2023-02-09,5.0.27,True,90,352,0,0,2015-11-23,10Web
remove-yoast-seo-comments,Remove Yoast SEO Comments,10000,2018-09-25,4.9.31,True,76,16,0,0,2016-07-29,Mitch
wp-jalali,wp-jalali,10000,2017-11-28,4.6.30,True,80,21,0,0,2007-07-31,mani_monaj
meks-smart-author-widget,Meks Smart Author Widget,10000,2024-07-23,6.6.7,True,90,8,1,0,2014-01-09,Meks
animated-typing-effect,Typing Effect,10000,2023-10-26,6.3.10,True,86,28,0,0,2015-09-21,93digital
tinymce-clear-buttons,TinyMCE Clear Float,10000,2018-08-01,4.9.31,True,100,6,0,0,2010-04-28,Philipp Bammes
wp-no-base-permalink,WP No Base Permalink,10000,2020-05-06,4.8.30,True,82,16,0,0,2013-09-04,Sergio
breadcrumb-trail,Breadcrumb Trail,10000,2017-11-28,4.8.30,True,86,30,0,0,2009-04-05,Justin Tadlock
easy-twitter-feed-widget,Easy Twitter Feed Widget Plugin,10000,2017-12-20,4.9.31,True,74,55,0,0,2014-01-04,DesignOrbital
adjust-admin-categories,Adjust Admin Categories,10000,2022-06-27,6.0.0,True,100,4,0,0,2014-08-20,Masahiro NAKASHIMA
meks-easy-ads-widget,Meks Easy Ads Widget,10000,2024-07-25,6.6.7,True,82,14,0,0,2014-01-14,Meks
meks-easy-social-share,Meks Easy Social Share,10000,2024-07-29,6.6.7,True,90,8,0,0,2019-05-22,Meks
related-posts-flatsome,Related Posts Flatsome,10000,2022-08-22,6.0.14,True,100,2,1,0,2022-08-16,Minh Tiến
lockdown-wp-admin,Lockdown WP Admin,10000,2017-11-28,4.3.34,True,78,54,0,0,2011-01-11,Sean Fisher
uber-login-logo,Uber Login Logo,10000,2017-11-28,4.0.38,True,98,41,0,0,2011-06-05,uberweb
wp-notification-bars,WP Notification Bars,10000,2022-02-28,5.9.16,True,74,41,0,0,2015-09-19,MyThemeShop
bulk-post-update-date,Bulk Post Update Date,10000,2024-08-02,6.3.10,True,94,18,0,0,2018-05-04,Atiq Samtia
posts-in-page,Posts in Page,10000,2019-05-13,5.2.26,True,88,86,0,0,2012-02-27,ivycat
advanced-tinymce-configuration,Advanced TinyMCE Configuration,10000,2023-04-10,6.6.7,True,96,12,0,0,2011-04-10,Andrew Ozz
wp-tab-widget,WP Tab Widget,10000,2022-01-26,5.9.16,True,86,33,0,0,2014-03-24,MyThemeShop
g-meta-keywords,G Meta Keywords,10000,2019-06-19,5.1.24,True,100,9,0,0,2018-07-11,Sinan Yorulmaz
lightweight-grid-columns,Lightweight Grid Columns,10000,2019-03-14,5.1.24,True,98,42,0,0,2015-05-20,Tom
disable-theme-and-plugin-auto-update-emails,Disable Theme and Plugin Auto-Update Emails,10000,2023-10-24,6.4.10,True,100,10,0,0,2020-08-14,KZeni
tag-pages,Tag Pages,10000,2022-06-24,6.0.0,True,98,18,0,0,2012-07-18,BjornW
robots-txt-editor,Robots.txt Editor,10000,2021-01-16,5.6.19,True,90,8,0,0,2019-05-03,Processby
show-hidecollapse-expand,Show-Hide / Collapse-Expand,10000,2023-03-19,6.1.12,True,92,20,0,0,2017-03-04,buntegiraffe
typekit-fonts-for-wordpress,Adobe Fonts (formerly Typekit) for WordPress,10000,2024-07-17,6.6.7,True,98,7,0,0,2009-11-18,Tectalic
wp-security-hardening,WP Hardening (discontinued),10000,2024-09-13,6.0.14,True,80,20,0,0,2019-10-27,WebProtect.ai
zopim-live-chat,Zendesk Chat,10000,2020-08-20,5.5.20,True,80,27,0,0,2010-01-20,zendesk_official
multiple-domain,Multiple Domain,10000,2021-04-11,5.7.17,True,96,28,0,0,2016-07-29,Javik
video-user-manuals,Video User Manuals,10000,2019-06-02,5.1.24,True,90,2,0,0,2019-03-07,markethax
blog-designer,Blog Designer,10000,2024-08-12,6.6.7,True,80,167,0,0,2015-06-15,solwininfotech
custom-css-and-javascript,Custom CSS and JavaScript,10000,2024-08-12,6.6.7,True,94,60,1,0,2015-12-18,WP Zone
shortcodes-for-divi,Shortcodes for Divi,10000,2024-08-13,6.6.7,True,100,7,0,0,2019-10-30,WP Zone
wp-missed-schedule-posts,WP Missed Schedule Posts,10000,2017-07-20,4.8.30,True,60,6,0,0,2017-05-08,NewVariable
parent-category-toggler,Parent Category Toggler,10000,2017-11-28,4.8.30,True,96,15,0,0,2008-12-08,Ben Lobaugh (blobaugh)
yandex-metrika,Яндекс Метрика,10000,2017-11-28,4.6.30,True,90,15,0,0,2013-06-07,Konstantin Kovshenin
sticky-header-oceanwp,Oceanwp sticky header,10000,2021-10-22,5.8.15,True,82,24,0,0,2018-06-14,קידום ובניית אתרים
public-post-preview-configurator,Public Post Preview Configurator,10000,2021-09-23,5.8.15,True,100,3,0,0,2013-12-01,bjoerne
wc-password-strength-settings,Password Strength Settings for WooCommerce,10000,2023-10-11,6.3.10,True,90,24,0,0,2016-07-24,Danny Santoro
shortcode-ui,Shortcake (Shortcode UI),10000,2019-01-16,5.0.27,True,82,24,0,0,2015-03-18,Daniel Bachhuber
delete-pending-comments,Delete Pending Comments,10000,2024-01-28,6.4.10,True,94,94,0,0,2009-10-11,Sudar Muthu
meks-themeforest-smart-widget,Meks ThemeForest Smart Widget,10000,2024-07-23,6.6.7,True,100,1,0,0,2013-10-02,Meks
auth0,Login by Auth0,10000,2024-07-12,6.5.10,True,62,18,0,0,2014-06-13,Auth0
wp-content-copy-protection,WP Content Copy Protection,10000,2023-06-27,6.2.11,True,70,163,0,0,2012-10-19,tychesoftwares
use-google-libraries,Use Google Libraries,10000,2017-11-28,4.7.35,True,88,47,0,0,2008-11-25,Jason Penney
bootstrap-for-contact-form-7,Bootstrap for Contact Form 7,10000,2018-05-24,4.9.31,True,96,26,0,0,2014-11-04,Felix Arntz
popup-trigger-url-for-elementor-pro,Popup Trigger URL for Elementor Pro,10000,2020-06-16,5.4.21,True,92,19,0,0,2019-01-28,sukiwp
wp-author-date-and-meta-remover,"WP Author, Date and Meta Remover",10000,2021-01-25,5.6.19,True,64,25,0,0,2014-07-13,Johnnie
search-by-sku-for-woocommerce,Search by SKU for Woocommerce,10000,2021-07-16,5.7.17,True,92,85,0,0,2013-06-07,mattsgarage
social-icons,Social Icons,10000,2021-02-08,5.6.19,True,90,15,0,0,2015-12-14,ThemeGrill
simple-full-screen-background-image,Simple Full Screen Background Image,10000,2023-03-29,6.1.12,True,88,45,0,0,2011-07-26,AMP-MODE
wp-font-awesome,WP Font Awesome,10000,2024-07-09,6.6.7,True,98,9,0,0,2015-08-06,Zayed Baloch
rest-api,WordPress REST API (Version 2),10000,2017-11-28,4.7.35,True,84,34,0,0,2009-04-25,Ryan McCue
shortcodes-to-show-or-hide-content,Show/Hide Content at Set Time,10000,2019-10-01,5.2.26,True,98,33,0,0,2011-06-24,Dave Clements
cyclone-demo-importer,Cyclone Demo Importer,10000,2024-06-18,6.5.10,True,0,0,0,0,2020-06-16,Cyclone Themes
tc-custom-javascript,TC Custom JavaScript,10000,2023-02-24,6.1.12,True,100,8,0,0,2015-04-24,Tiny Code
ultimate-posts-widget,Ultimate Posts Widget,10000,2024-07-17,6.6.7,True,90,55,0,0,2012-07-10,cl272
ot-flatsome-vertical-menu,OT Flatsome Vertical Menu,10000,2020-06-17,5.2.26,True,94,22,0,0,2017-07-06,thinhbg59
gravity-forms-no-captcha-recaptcha,Gravity Forms No CAPTCHA reCAPTCHA,10000,2017-11-28,4.0.0,True,96,26,0,0,2015-01-21,folkhack
woocommerce-colors,WooCommerce Colors,10000,2020-08-27,5.5.20,True,64,31,0,0,2015-01-13,Claudio Sanches
dashboard-notepad,Dashboard Notepad,10000,2017-07-30,4.1.42,True,92,12,0,0,2009-08-06,Stephanie Leary
acf-theme-code,ACF Theme Code for Advanced Custom Fields,10000,2023-11-28,6.4.10,True,100,42,0,0,2016-07-21,Aaron Rutley
disable-real-mime-check,Disable Real MIME Check,10000,2017-11-28,4.7.35,True,98,34,0,0,2017-01-12,Sergey Biryukov
create-and-assign-categories-for-pages,Create And Assign Categories For Pages,10000,2024-01-19,6.4.10,True,94,10,0,0,2017-04-17,sandeepsinghhdp
pdfjs-viewer-for-elementor,PDF viewer for Elementor &amp; Gutenberg,10000,2024-01-24,6.4.10,True,100,3,0,0,2023-02-15,Kaz Kadalashvili
custom-post-template,Custom Post Template,10000,2017-11-28,3.4.2,True,96,43,0,0,2008-11-27,Simon Wheatley
genesis-columns-advanced,Genesis Columns Advanced,10000,2024-06-23,6.1.12,True,96,25,0,0,2015-02-01,Nick Diego
scroll-back-to-top,Scroll Back To Top,10000,2017-11-28,4.2.39,True,84,56,0,0,2014-03-30,joesexton00
woocommerce-grid-list-toggle,WooCommerce Grid / List toggle,10000,2018-05-11,4.9.31,True,76,31,0,0,2012-08-25,James Koster
contact-form-7-success-page-redirects,Contact Form 7 &#8211; Success Page Redirects,10000,2017-11-28,4.2.39,True,84,27,0,0,2014-10-03,Ryan Nevius
italy-cookie-choices,Italy Cookie Choices (for EU Cookie Law &amp; Cookie Notice),10000,2023-07-24,6.0.14,True,90,35,0,0,2015-05-20,overclokk
wp-realtime-sitemap,WP Realtime Sitemap,9000,2017-11-28,4.8.30,True,92,25,0,0,2010-06-30,Rincewind
toggle-wpautop,Toggle wpautop,9000,2021-04-07,5.7.17,True,98,32,0,0,2013-02-25,Jonathan Desrosiers
sidebar-login,Sidebar Login,9000,2020-10-17,5.5.20,True,90,78,0,0,2008-08-02,Mike Jolley
wp-change-default-from-email,WP Change Default From Email,9000,2024-06-23,6.5.10,True,96,21,0,0,2015-03-20,Subodh Ghulaxe
wpsimpletools-disable-comments,Disable Comments,9000,2021-04-14,5.7.17,True,100,4,0,0,2018-07-20,wordpresssimpletools
woocommerce-shortcodes,WooCommerce Shortcodes,9000,2020-08-27,5.5.20,True,86,6,0,0,2014-08-01,Claudio Sanches
advanced-image-styles,Advanced Image Styles,9000,2018-02-10,4.7.35,True,92,65,0,0,2014-04-17,Gregory Cornelius
qty-increment-buttons-for-woocommerce,Qty Increment Buttons for WooCommerce,9000,2020-08-21,5.5.20,True,100,319,0,0,2019-05-16,taisho
rich-contact-widget,Rich Contact Widget,9000,2017-11-28,4.8.30,True,92,7,0,0,2012-06-25,Remy Perona
allow-multiple-accounts,Allow Multiple Accounts,9000,2017-11-28,4.2.39,True,100,22,0,0,2009-06-23,Scott Reilly
yourchannel,YourChannel: Everything you want in a YouTube plugin.,9000,2024-08-23,6.6.7,True,92,80,0,0,2015-02-19,plugin.builders
nofollow-for-external-link,Nofollow for external link,9000,2024-04-28,6.5.10,True,76,36,0,0,2012-10-15,CyberNetikz
wp-help,WP Help,9000,2024-04-20,6.5.10,True,96,54,0,0,2011-05-18,Mark Jaquith
homepage-control,Homepage Control,9000,2020-08-27,5.2.26,True,84,19,0,0,2014-03-18,WooThemes
wp-editor-widget,WP Editor Widget,9000,2020-11-07,5.5.20,True,92,18,0,0,2013-06-19,feedmeastraycat
lazy-loading-responsive-images,Lazy Loader,9000,2024-04-14,6.5.10,True,94,49,0,0,2015-12-01,Florian Brinkmann
twitter,Twitter,9000,2019-07-24,5.2.26,True,50,32,0,0,2009-01-05,Twitter
bulk-move,Bulk Move,9000,2024-01-28,6.4.10,True,90,47,0,0,2009-03-28,Sudar Muthu
filenames-to-latin,Filenames to latin,9000,2020-08-09,5.5.20,True,98,14,0,0,2011-11-02,webvitalii
wpml-widgets,WPML Widgets,9000,2017-11-28,4.7.35,True,98,36,0,0,2014-04-09,Jeroen Sormani
kama-thumbnail,Kama Thumbnail,9000,2023-03-22,6.1.12,True,94,15,0,0,2015-08-04,Timur Kamaev
video-background,Video Background,9000,2024-05-07,6.5.10,True,90,63,0,0,2015-09-10,pushlabs
timeline-express,Timeline Express,9000,2023-03-22,6.2.11,True,86,165,1,0,2014-10-14,Evan Herman
simple-post-type-permalinks,Simple Post Type Permalinks,8000,2019-06-04,5.2.26,True,100,10,0,0,2015-04-02,Toro_Unit (Hiroshi Urabe)
taxonomy-images,Taxonomy Images,8000,2024-02-15,6.4.10,True,88,40,0,0,2010-02-14,Ben Huson
sem-external-links,External Links,8000,2017-11-28,4.7.35,True,96,36,1,0,2008-12-20,Denis de Bernardy
advanced-custom-fields-nav-menu-field,Advanced Custom Fields: Nav Menu Field,8000,2017-11-28,4.0.38,True,100,33,0,0,2013-05-09,Faison
max-upload-filesize,Max upload filesize,8000,2019-12-07,5.3.23,True,100,4,0,0,2019-09-09,devparis
hide-admin-toolbar,Hide Admin Toolbar,8000,2023-11-26,6.4.10,True,100,4,0,0,2016-11-12,Aftab Ali Muni
replace-image,Replace Image,8000,2024-08-12,6.6.7,True,92,65,0,0,2015-11-04,WP Zone
wp-custom-cursors,WP Custom Cursors | WordPress Cursor Plugin,8000,2024-03-03,6.4.10,True,100,4,0,0,2021-02-13,Hamid Reza Sepehr
typepad-emoji-for-tinymce,TypePad emoji for TinyMCE,8000,2017-11-28,3.9.40,True,90,2,0,0,2011-08-31,picmo
woo-poly-integration,Hyyan WooCommerce Polylang Integration,8000,2021-02-16,5.6.19,True,94,124,0,0,2015-04-20,Hyyan Abo Fakher
ah-display-widgets,AH Display Widgets,8000,2018-10-29,5.0.27,True,100,11,0,0,2017-09-26,Andreas Hecht
exploit-scanner,Exploit Scanner,8000,2017-11-28,4.7.35,True,64,40,0,0,2008-06-26,Donncha O Caoimh (a11n)
template-kit-export,Template Kit &#8211; Export,8000,2024-08-01,6.5.10,True,50,4,0,0,2020-01-09,envato
wp-pagenavi-style,WP PageNavi Style,8000,2017-11-28,3.9.40,True,96,16,0,0,2011-06-29,Nilesh Shiragave
autoclear-autoptimize-cache,Autoclear Autoptimize Cache,8000,2021-08-22,5.8.15,True,100,9,0,0,2018-07-18,John Teague
wppao-sitemap,Wppao Sitemap,8000,2020-05-26,5.4.21,True,100,1,0,0,2020-05-09,mryuanshu
categorytinymce,Category Editor,8000,2020-12-18,5.6.19,True,90,22,0,0,2012-01-02,kevin heath
acf-qtranslate,ACF qTranslate,8000,2018-10-26,4.9.31,True,90,17,0,0,2013-11-28,funkjedi
wp-megamenu,WP Mega Menu,8000,2021-11-03,5.8.15,True,88,219,0,0,2017-07-19,Themeum
wp-rest-api-controller,WP REST API Controller,8000,2023-03-22,6.2.11,True,86,12,0,0,2016-07-04,Evan Herman
ip-geo-block,IP Geo Block,8000,2019-01-22,5.0.27,True,84,95,0,0,2014-02-01,tokkonopapa
ga-in,GAinWP Google Analytics Integration for WordPress,8000,2020-09-10,5.5.20,True,96,126,0,0,2018-06-14,tomdude
sold-out-badge-for-woocommerce,Sold Out Badge for WooCommerce,8000,2023-05-30,6.2.11,True,96,25,0,0,2020-10-30,Charlie Etienne
international-telephone-input-for-contact-form-7,International Telephone Input for Contact Form 7,8000,2022-02-21,5.9.16,True,92,26,1,0,2015-12-24,Yordan Soares
exclude-pages-from-menu,Exclude Pages From Menu,8000,2021-03-14,5.7.17,True,70,19,0,0,2017-04-28,Vinod Dalvi
http-https-remover,SSL Mixed Content Fix,8000,2024-07-17,6.6.7,True,82,34,0,0,2016-10-16,Steve85b
sinatra-core,Sinatra Core,8000,2023-08-30,6.3.10,True,20,1,0,0,2020-02-21,sinatrateam
theme-junkie-custom-css,TJ Custom CSS,8000,2022-10-26,6.1.12,True,100,6,0,0,2014-04-20,Theme Junkie
hotline-phone-ring,Hotline Phone Ring,8000,2021-06-02,5.2.26,True,100,3,0,0,2018-07-01,Nam Truong
widgets-in-menu,Widgets in Menu for WordPress,8000,2018-06-27,4.7.35,True,96,21,0,0,2014-10-21,Saurabh
remove-uppercase-accents,Remove Uppercase Accents,8000,2023-11-05,6.4.10,True,100,28,0,0,2013-09-11,Giorgos Sarigiannidis
recaptcha-in-wp-comments-form,reCAPTCHA in WP comments form,8000,2019-04-22,5.1.24,True,82,20,0,0,2016-06-29,jmviade
wp-remove-category-base,WP Remove Category Base,8000,2017-11-28,4.2.39,True,100,10,0,0,2014-06-23,ezraverheijen
rest-api-oauth1,WP REST API &#8211; OAuth 1.0a Server,8000,2024-08-05,6.6.7,True,74,7,0,0,2016-10-06,Joe Hoyle
user-roles-and-capabilities,User Roles and Capabilities,7000,2021-05-09,5.7.17,True,96,21,0,0,2015-02-03,mahabub81
product-catalog-feed,Product Catalog Feed by PixelYourSite,7000,2023-10-15,6.3.10,True,64,11,0,0,2016-08-30,PixelYourSite
product-catalog-feed,Product Catalog Feed by PixelYourSite,7000,2023-10-15,6.3.10,True,64,11,0,0,2016-08-30,PixelYourSite
gtmetrix-for-wordpress,GTmetrix for WordPress,7000,2023-08-25,6.0.14,True,90,15,0,0,2012-06-11,GTmetrix
showid-for-postpagecategorytagcomment,ShowID for Post/Page/Category/Tag/Comment,7000,2023-09-26,6.3.10,True,100,6,0,0,2010-02-06,水野史土
classic-menu-block,Classic Menu Block,7000,2024-04-24,6.5.10,True,90,2,0,0,2022-01-28,Jonny Harris
autologin-links,Autologin Links,7000,2021-02-24,5.6.19,True,94,15,0,0,2012-01-25,WPAutoLogin
wp-mailto-links,WP Mailto Links &#8211; Protect Email Addresses,7000,2023-09-22,6.2.11,True,92,33,0,0,2011-03-17,Online Optimisation
ajax-cart-autoupdate-for-woocommerce,Ajax Cart AutoUpdate for WooCommerce,7000,2021-03-30,5.7.17,True,100,214,0,0,2019-05-11,taisho
livejournal-importer,LiveJournal Importer,7000,2014-10-16,4.1.42,True,40,7,0,0,2010-05-20,briancolinger
flexible-posts-widget,Flexible Posts Widget,7000,2017-11-28,4.7.35,True,92,57,0,0,2012-04-20,DaveE
wp-persian,WP-Persian,7000,2020-09-11,5.3.23,True,84,32,0,0,2012-12-28,Siavash
really-simple-click-to-call,Really Simple Click To Call Bar,7000,2019-05-31,5.2.26,True,90,11,0,0,2017-02-18,Joe Nickdow
remove-xmlrpc-pingback-ping,Remove &amp; Disable XML-RPC Pingback,7000,2023-07-24,6.3.10,True,60,6,0,0,2014-03-18,cleverplugins
fix-another-update-in-progress,Fix Another Update In Progress,7000,2023-05-13,6.2.11,True,94,48,0,0,2017-06-27,P Roy
erident-custom-login-and-dashboard,Erident Custom Login and Dashboard,7000,2023-11-30,6.4.10,True,98,150,0,0,2012-07-27,David Vongries
tinymce-custom-styles,TinyMCE Custom Styles,7000,2024-06-29,6.5.10,True,78,15,0,0,2016-06-28,Tim Reeves
flexslider-hg,Responsive WordPress Slider &#8211; HG Slider,7000,2021-03-30,5.7.17,True,76,12,0,0,2012-12-21,richardgabriel
chl-change-html-lang,CHL-Change HTML Lang,7000,2024-05-17,6.6.7,True,100,4,0,0,2018-05-22,Pratik Kumar
sns-count-cache,SNS Count Cache,7000,2019-06-06,5.2.26,True,80,4,0,0,2014-06-28,marubon
mouseflow-for-wordpress,Mouseflow for WordPress,7000,2023-09-26,6.3.10,True,76,6,0,0,2011-09-26,mouseflow
bwp-minify,Better WordPress Minify,7000,2017-11-28,4.0.38,True,84,137,0,0,2011-04-07,Khang Minh
get-the-image,Get the Image,7000,2017-11-28,4.8.30,True,86,17,0,0,2009-03-05,Justin Tadlock
faq-schema-for-pages-and-posts,FAQ Schema For Pages And Posts,7000,2022-02-21,5.9.16,True,86,15,0,0,2019-11-18,Krystian Szastok
mailster,Mailster WordPress Newsletter Plugin,7000,2024-06-28,6.5.10,True,70,8,0,0,2017-01-13,EverPress
jquery-manager,jQuery Manager for WordPress,7000,2020-07-20,5.5.20,True,100,113,0,0,2019-06-01,Remzi Cavdar
wp-subscribe,WP Subscribe,7000,2022-05-10,5.9.16,True,76,26,0,0,2014-10-14,MyThemeShop
parsi-font,MW Font Changer,7000,2023-04-23,6.2.11,True,86,30,0,0,2014-01-30,Ghaem
js-composer-qtranslate-x,WPBakery Visual Composer &amp; qTranslate-X,7000,2017-11-28,4.1.42,True,64,11,0,0,2015-04-21,John Clause
formcraft-recaptcha,reCaptcha Add-On for FormCraft,7000,2024-02-21,5.5.20,True,100,1,0,0,2015-06-06,Formcrafts
theme-test-drive,Theme Test Drive,7000,2017-11-28,4.3.34,True,78,50,0,0,2008-02-12,Vladimir Prelovac
reorder-post-within-categories,ReOrder Posts within Categories,7000,2023-12-08,6.3.0,True,94,60,0,0,2012-12-17,Aurovrata Venet
delete-me,Delete Me,7000,2024-06-02,6.5.10,True,100,24,0,0,2011-04-09,cmc3215
fully-background-manager,Full Background Manager,7000,2023-02-08,6.1.12,True,68,22,0,0,2013-12-24,Perception System System Pvt. Ltd.
redirector,Redirector,7000,2017-11-28,3.6.1,True,100,7,0,0,2008-11-05,Ralf Hortt
who-stole-the-text-justify-button,Who Stole the Text Justify Button ?!,7000,2019-10-23,5.3.23,True,74,3,0,0,2016-12-13,Jb Audras
multi-image-metabox,Multi Image Metabox,7000,2017-11-28,3.5.2,True,98,11,1,0,2012-12-17,Willy Bahuaud
posts-list,Posts List,7000,2013-06-06,3.2.1,True,90,2,0,0,2011-01-14,wokamoto
editor-menu-and-widget-access,Editor Menu and Widget Access,7000,2021-06-02,5.7.17,True,96,24,0,0,2015-06-26,GuyPrimavera
custom-meta-widget,Custom Meta Widget,7000,2018-02-09,4.9.31,True,100,23,0,0,2011-12-06,Luke Mlsna
youtube-widget-responsive,Widget Responsive for Youtube,7000,2024-07-02,6.5.10,True,98,17,0,0,2013-12-08,stefanoai
mechanic-visitor-counter,Mechanic Visitor Counter,7000,2021-01-02,5.5.20,True,72,15,0,0,2012-07-16,Aditya Subawa
wp-rss-retriever,RSS Feed Retriever,7000,2023-01-06,6.1.12,True,94,38,0,0,2014-01-24,Travis
genesis-featured-page-advanced,Genesis Featured Page Advanced,7000,2024-06-23,6.1.12,True,100,29,0,0,2014-01-23,Nick Diego
announce-from-the-dashboard,Announce from the Dashboard,7000,2024-03-30,4.3.34,True,86,6,0,0,2012-09-17,gqevu6bsiz
addon-so-widgets-bundle,Ultimate Addons for SiteOrigin,7000,2019-10-21,5.2.26,True,70,15,0,0,2015-04-29,Munir Kamal
image-rotation-repair,Image Rotation Repair,7000,2017-11-28,3.2.1,True,92,9,0,0,2010-12-14,"Modern Tribe, Inc."
design-upgrade-learndash,Design Upgrade for LearnDash,7000,2022-08-09,6.0.14,True,100,53,0,0,2018-05-14,Dave Warfel
easy-add-thumbnail,Easy Add Thumbnail,7000,2023-10-05,6.3.10,True,90,52,0,0,2010-03-18,Samuel Aguilera
wp-theme-test,WP Theme Test,7000,2022-02-24,5.9.0,True,82,12,0,0,2015-10-14,Masahiro NAKASHIMA
rus-to-lat-advanced,rus to lat advanced,7000,2017-11-28,4.0.38,True,100,8,0,0,2013-03-14,Dmitry Fatakov
remove-widget-titles,Remove Widget Titles,6000,2017-11-28,4.8.30,True,100,27,0,0,2011-11-23,Stephen Cronin
maven-algolia,Maven Algolia,6000,2014-07-08,3.9.40,True,50,2,0,0,2014-05-16,mustela
child-themify,Child Themify,6000,2018-01-30,4.8.30,True,84,42,0,0,2012-12-31,J B
options-importer,WP Options Importer,6000,2023-03-03,6.1.12,True,98,9,0,0,2014-04-21,Matthew Boynes
easy-custom-auto-excerpt,Easy Custom Auto Excerpt,6000,2024-04-16,6.5.10,True,90,151,1,1,2013-03-15,todiadiyatmo
xt-visitor-counter,XT Visitor Counter,6000,2023-01-31,6.1.12,True,84,5,0,0,2016-07-21,xtrsyz
smart-archive-page-remove,Smart Archive Page Remove,6000,2024-04-17,6.3.10,True,98,59,0,0,2015-01-24,Peter Raschendorfer
ultimate-410,Ultimate 410 Gone Status Code,6000,2024-08-15,6.6.7,True,88,8,0,0,2020-08-09,tiny web
404-redirection,404 Redirection,6000,2017-11-28,4.3.34,True,100,17,0,0,2011-09-13,LoudSkyMedia
cf7-invisible-recaptcha,CF7 Invisible reCAPTCHA,6000,2023-05-16,6.2.11,True,62,14,0,0,2017-08-09,Vsourz Digital
wp-force-lowercase-urls,WP Force Lowercase URLs,6000,2019-02-03,5.0.27,True,100,5,0,0,2015-09-25,joshbuchea
add-logo-to-admin,Add Logo to Admin,6000,2017-11-28,4.3.34,True,92,12,0,0,2008-12-16,bandicootmarketing
slate-admin-theme,Slate Admin Theme,6000,2022-01-31,5.9.16,True,94,44,0,0,2014-09-12,ryansommers
ios-images-fixer,iOS images fixer,6000,2024-06-12,6.5.10,True,92,30,0,0,2014-07-01,Bishoy.A
automatic-copyright-year,Automatic Copyright Year,6000,2019-07-22,5.2.26,True,86,9,0,0,2015-07-10,Miina Sikk
redirect-404-error-page-to-homepage,Redirect 404 Error Page to Homepage,6000,2021-03-27,5.7.17,True,40,1,0,0,2016-04-18,ProThoughts.com
coming-soon-wp,"Coming Soon, Under Construction &amp; Maintenance Mode By Dazzler",6000,2024-03-19,6.4.10,True,96,263,0,0,2016-10-17,dazzler
wp-responsive-table,WP Responsive Table,6000,2021-01-16,5.6.19,True,96,13,0,0,2018-03-20,Processby
smooth-scroll-up,Smooth Scroll Up,6000,2019-01-18,5.0.27,True,96,59,0,0,2013-03-21,Konstantinos Kouratoras
booster-extension,Booster Extension,6000,2024-04-26,6.5.10,True,88,7,0,0,2019-07-06,themeinwp
admin-bar-position,Admin Bar Position,6000,2023-04-03,6.2.0,True,84,5,0,0,2016-03-23,Masahiro NAKASHIMA
favhero-favicon-generator,Heroic Favicon Generator,6000,2022-05-16,6.0.14,True,100,17,0,0,2013-11-18,HeroThemes
admin-locale,Admin Locale,6000,2012-10-21,3.4.2,True,100,3,0,0,2010-07-21,Louy Alakkad
editorplus,Gutenberg Blocks Library &amp; Toolkit &#8211; Editor Plus,6000,2023-11-09,6.4.10,True,96,38,0,0,2020-06-19,Munir Kamal
configure-smtp,Configure SMTP,6000,2024-07-22,6.5.10,True,98,45,0,0,2009-06-15,Scott Reilly
jwt-auth,JWT Auth &#8211; WordPress JSON Web Token Authentication,6000,2024-05-07,6.5.10,True,100,22,0,0,2020-05-05,Bagus
simple-iframe,Simple Iframe,6000,2024-06-09,6.6.0,True,94,17,0,0,2019-07-29,unapersona
smart-grid-gallery,Video Gallery &#8211; Vimeo and YouTube Gallery,6000,2021-11-11,5.8.15,True,78,35,0,0,2019-09-09,origincode
logo-carousel-slider,Logo Carousel Slider,6000,2021-10-19,5.6.19,True,58,25,0,0,2016-02-01,wpWax
contact-form-7-signature-addon,Contact Form 7 Signature Addon,6000,2019-08-19,5.2.26,True,92,36,0,0,2014-12-17,tameroski
nav-menu-images,Nav Menu Images,6000,2017-11-28,4.6.30,True,84,37,0,0,2012-10-22,Milan Dinić
seed-social,Seed Social,6000,2024-08-06,6.6.7,True,98,11,0,0,2016-05-07,Seed Webs
super-simple-site-offline-beta,Super Simple Site Offline,6000,2022-08-04,False,True,96,18,0,0,2019-10-20,Rik
themezee-toolkit,ThemeZee Toolkit,6000,2021-06-06,5.8.15,True,100,1,0,0,2015-10-20,ThemeZee
rest-api-meta-support,REST API Meta Support,6000,2020-05-29,5.4.21,True,100,2,0,0,2020-05-26,Pericor
sitemap-by-click5,Sitemap by click5,6000,2023-09-28,6.3.10,True,84,26,0,0,2019-12-18,click5
custom-post-type-maker,Custom Post Type Maker,6000,2022-07-11,6.0.14,True,94,18,0,0,2013-02-04,Graffino
prepare-new-version,Prepare New Version,6000,2014-09-09,4.0.38,True,96,6,0,0,2013-09-25,Globalis
root-relative-urls,Root Relative URLs,6000,2017-11-28,3.5.2,True,58,20,0,0,2011-10-28,MarcusPope
sticky-posts-switch,Sticky Posts &#8211; Switch,6000,2022-07-29,6.0.14,True,88,18,0,0,2017-04-06,Markus Wiesenhofer
states-cities-and-places-for-woocommerce,"States, Cities, and Places for WooCommerce",6000,2022-02-21,5.9.16,True,92,29,0,0,2016-08-11,Kingsley Ochu
auto-image-alt,Auto Image Alt Attribute,6000,2019-05-15,5.2.26,True,96,24,0,0,2017-03-16,jaggskrist
magic-liquidizer-responsive-table,Magic Liquidizer Responsive Table,6000,2019-11-18,5.3.23,True,94,54,0,0,2014-01-10,Elvin D
wp-paint,WP Paint &#8211; WordPress Image Editor,5000,2022-01-25,5.8.15,True,96,84,0,0,2019-08-02,ZetaMatic
dco-comment-attachment,DCO Comment Attachment,5000,2022-10-02,6.0.14,True,98,10,0,0,2019-05-06,Denis Yanchevskiy
wp-job-manager-contact-listing,Contact Listing for WP Job Manager,5000,2024-03-29,6.4.10,True,100,8,0,0,2014-07-22,Astoundify
sportspress-for-soccer,SportsPress for Football (Soccer),5000,2020-08-27,5.5.20,True,0,0,0,0,2015-09-23,ThemeBoy
custom-global-variables,Custom Global Variables,5000,2023-03-22,6.1.12,True,100,10,0,0,2016-04-07,akirak
itro-popup,ITRO Popup Plugin,5000,2023-06-14,6.1.12,True,92,120,0,0,2013-02-21,ITRO Team
optimize-images-resizing,Optimize Images Resizing,5000,2017-11-28,4.7.35,True,92,45,0,0,2014-06-18,OriginalEXE
email-before-download,Email Before Download,5000,2024-06-17,False,True,86,44,0,0,2011-01-27,ashokaggarwal
polylang-theme-strings,Polylang Theme Strings,5000,2018-08-15,4.9.31,True,80,37,0,0,2015-05-29,Modeewine
anycomment,AnyComment,5000,2022-05-14,5.9.16,True,96,156,1,0,2018-06-24,Alexander
userheat,UserHeat Plugin,5000,2024-04-01,5.6.19,True,100,1,0,0,2016-03-07,hayata
ambrosite-nextprevious-post-link-plus,Ambrosite Next/Previous Post Link Plus,5000,2017-11-28,3.3.2,True,98,49,0,0,2010-05-12,ambrosite
disable-author-pages,Disable Author Pages,5000,2017-11-28,4.7.35,True,98,17,0,0,2013-06-27,Frank Neumann-Staude
ukr-to-lat,Ukr-To-Lat,5000,2020-07-21,5.4.21,True,84,5,0,0,2018-09-17,BArS
wp-seo-html-sitemap,WP SEO HTML Sitemap,5000,2017-11-28,4.4.34,True,98,17,0,0,2015-04-20,magnatechnology
widget-visibility-without-jetpack,Widget Visibility Without Jetpack,5000,2017-11-28,4.4.34,True,100,10,0,0,2013-09-20,Joan Boluda
wp-my-instagram,WP Instant Feeds,5000,2020-09-02,5.5.20,True,70,19,0,0,2017-06-09,mnmlthms
remove-noreferrer,Remove noreferrer,5000,2021-01-04,5.6.19,True,100,14,0,0,2019-03-21,gruz0
link-juice-optimizer,Link Juice Optimizer,5000,2024-01-16,6.4.10,True,100,4,0,0,2022-04-15,Fede Gómez
hide-updates,Hide Updates,5000,2024-03-19,6.5.10,True,100,4,0,0,2017-06-27,Upperdog
captcha-them-all,Captcha Them All,5000,2023-12-20,6.4.10,True,94,15,0,0,2017-02-06,FuzzGuard
toolbar-publish-button,Toolbar Publish Button,5000,2021-08-28,5.8.15,True,96,46,0,0,2013-03-19,webbistro
amazon-web-services,Amazon Web Services,5000,2018-02-20,4.9.31,True,78,7,0,0,2013-09-20,WP Engine
embed-google-fonts,Embed Google Fonts,5000,2024-05-02,6.5.10,True,100,12,0,0,2018-06-14,Adrian Mörchen
wt-yandex-metrika,WT Yandex Metrika,5000,2020-05-25,5.4.21,True,100,2,0,0,2016-02-16,Roman Kusty
custom-shortcodes,Custom Shortcodes,5000,2009-04-04,2.7,True,100,1,0,0,2009-03-12,marapper
wp-google-search,WP Google Search,5000,2022-08-03,6.0.14,True,88,28,0,0,2014-01-15,WebshopLogic
cestina-zalomeni-radku,Čeština: zalomení řádků,5000,2023-03-27,6.1.12,True,92,8,0,0,2019-05-02,Marek Vratil
toolkit-for-envato,Envato Toolkit,5000,2021-04-26,5.7.17,True,56,9,0,0,2017-06-21,KestutisIT
native-lazyload,Native Lazyload,5000,2019-12-06,5.3.23,True,60,31,0,0,2019-09-05,Felix Arntz
allow-webp-image,Allow Webp image,5000,2022-01-31,5.9.16,True,74,13,0,0,2020-09-05,ravi Singh
lead-call-buttons,Lead Call Buttons,5000,2021-01-05,5.6.19,True,90,12,0,0,2015-03-05,Smart Site
front-page-category,Front Page Category,5000,2024-01-30,6.5.0,True,80,26,0,0,2010-03-31,binarymoon
import-html-pages,HTML Import 2,5000,2017-11-28,4.6.30,True,86,32,0,0,2009-07-31,Stephanie Leary
midtrans-woocommerce,Midtrans-WooCommerce,5000,2024-08-20,6.6.7,True,80,4,0,0,2016-10-12,Midtrans
sparkle-demo-importer,Sparkle Demo Importer,5000,2024-06-20,6.2.11,True,100,1,0,0,2020-12-02,Sparkle WP
vlibras-widget,VLibras,5000,2020-04-07,5.3.23,True,94,12,0,0,2020-04-07,vlibras
category-checklist-tree,Category Checklist Tree,5000,2017-11-28,3.7.41,True,100,23,0,0,2009-11-01,scribu
wp-mobile-detect,WP Mobile Detect,5000,2017-11-28,4.2.39,True,96,64,0,0,2012-07-17,Jesse Friedman
native-emoji,Native Emoji,5000,2018-06-25,4.9.31,True,74,19,0,0,2015-07-04,Danny BS
wp-google-analytics-events,WP Google Analytics Events &#8211; No-Code Custom Event Tracking for Google Anal,5000,2024-04-02,6.3.10,True,90,33,0,0,2013-06-05,yuvalo
wp-comment-policy-checkbox,WP Comment Policy Checkbox,5000,2024-07-06,6.5.10,True,100,14,1,0,2018-02-03,fcojgodoy
avatar-manager,Avatar Manager,5000,2021-02-02,5.6.19,True,98,39,0,0,2013-01-29,Cătălin Dogaru
duplicate-pages-posts,"Duplicate Pages, Posts and CPT",5000,2024-06-13,6.5.10,True,100,16,0,0,2021-01-29,WP Ninjas - Jonas Tietgen
list-pages-shortcode,List Pages Shortcode,5000,2023-02-21,6.1.12,True,98,14,0,0,2009-03-04,Aaron Harp
soundcloud-shortcode,SoundCloud Shortcode,5000,2024-03-28,6.4.10,True,90,23,0,0,2009-07-10,indextwo
custom-links-in-elementor-image-carousel,Custom links in Elementor Image Carousel,5000,2022-11-09,6.1.12,True,94,25,0,0,2021-12-03,Charlie Etienne
forms-3rdparty-integration,Forms: 3rd-Party Integration,5000,2019-09-09,5.2.26,True,98,31,0,0,2012-11-14,zaus
turn-rank-math-faq-block-to-accordion,Turn Rank Math FAQ Block to Accordion,5000,2024-05-21,6.5.10,True,100,2,0,0,2020-12-30,yasir129
wp-mail-returnpath,wp_mail return-path,5000,2023-12-11,6.3.10,True,100,9,0,0,2015-12-18,barnz99
wp-mailfrom-ii,WP Mail From II,5000,2020-12-19,5.6.19,True,100,23,0,0,2012-08-22,Ben Huson
bst-dsgvo-cookie,BST DSGVO Cookie,5000,2021-09-19,5.8.15,True,80,4,0,0,2018-04-20,amargolf
multiple-featured-images,Multiple Featured Images,5000,2020-08-20,5.5.20,True,94,28,0,0,2012-04-26,Marcus Kober
custom-upload-dir,Custom Upload Dir,5000,2022-07-26,6.0.14,True,88,25,0,0,2007-12-04,ulfben
multifile-upload-field-for-contact-form-7,Multifile Upload Field for Contact Form 7,5000,2017-11-28,4.7.35,True,66,10,0,0,2016-05-21,Nitroweb
google-analytics-opt-out,Google Analytics Opt-Out,5000,2023-06-30,6.2.11,True,90,16,0,0,2013-11-11,wp-buddy
child-pages-shortcode,Child Pages Shortcode,5000,2017-11-28,4.2.39,True,92,20,0,0,2011-10-11,Takayuki Miyauchi
simple-redirect,Redirect,5000,2017-11-28,4.9.31,True,100,14,1,0,2013-08-17,willshouse
contact-form-7-modules,Contact Form 7 Modules,5000,2017-11-28,4.7.35,True,74,22,0,0,2010-11-17,Zack Katz
remove-taxonomy-base-slug,Remove Taxonomy Base Slug,4000,2017-11-28,3.9.40,True,96,23,0,0,2013-07-20,Alexandru Vornicescu
hide-featured-image-on-all-single-pagepost,Hide featured image on all single page/post,4000,2022-02-04,5.9.16,True,92,14,0,0,2021-01-01,Tyler Tork
advanced-css-editor,Advanced CSS Editor,4000,2019-05-12,5.2.26,True,86,6,0,0,2016-03-02,Hardeep Asrani
cf7-polylang,Contact Form 7 Polylang Module,4000,2023-12-13,6.4.10,True,80,11,0,0,2016-05-06,Aurovrata Venet
wp-smartcrop,WP SmartCrop,4000,2024-09-13,6.4.10,True,74,9,1,0,2016-03-15,Bytes.co
rs-csv-importer-media-addon,RS CSV Importer Media Add-On,4000,2015-09-30,4.3.34,True,0,0,0,0,2015-04-13,Toro_Unit (Hiroshi Urabe)
storefront-product-sharing,Storefront Product Sharing,4000,2020-08-27,5.2.26,True,78,14,0,0,2015-04-23,WooCommerce
wp-post-branches,WP Post Branches,4000,2018-04-25,4.6.30,True,96,4,0,0,2012-05-20,horike
custom-user-profile-photo,Custom User Profile Photo,4000,2017-05-24,4.7.35,True,88,26,0,0,2013-11-01,Vincent Listrani
jquery-lightbox-for-native-galleries,jQuery Lightbox For Native Galleries,4000,2017-11-28,3.4.2,True,80,10,0,0,2008-08-02,Automattic
bluehost-site-migrator,Bluehost Site Migrator,4000,2023-10-03,6.2.11,True,26,29,0,0,2020-06-24,Bluehost
remove-ip,Remove IP,4000,2015-12-22,4.4.34,True,100,2,0,0,2009-11-14,guido
wp-quicklatex,WP QuickLaTeX,4000,2024-06-26,6.5.10,True,92,31,1,0,2009-05-23,advanpix
dco-insert-analytics-code,DCO Insert Analytics Code,4000,2021-07-28,5.8.15,True,100,8,0,0,2016-01-16,Denis Yanchevskiy
author-category,Author Category,4000,2016-12-11,4.7.0,True,86,10,0,0,2012-03-05,Bainternet
woo-instamojo,Instamojo for WooCommerce,4000,2024-05-06,6.5.10,True,62,13,0,0,2015-03-26,Instamojo
no-captcha-recaptcha,No CAPTCHA reCAPTCHA,4000,2020-04-15,5.4.21,True,86,69,0,0,2014-12-09,Collins Agbonghama
rel-nofollow-checkbox,Rel Nofollow Checkbox,4000,2017-11-28,4.7.35,True,90,26,0,0,2014-03-23,Fabio Santos
custom-share-buttons-with-floating-sidebar,Custom Share Buttons with Floating Sidebar,4000,2023-09-27,6.3.10,True,96,93,0,0,2014-06-04,WP-EXPERTS.IN
link-widget-title,Link Widget Title,4000,2022-11-14,6.1.12,True,60,4,0,0,2019-03-21,allurewebsolutions
otf-regenerate-thumbnails,OTF Regenerate Thumbnails,4000,2017-11-28,4.1.42,True,92,19,0,0,2015-01-26,Benjamin Intal
pix-por-piggly,Pix por Piggly (para Woocommerce),4000,2024-06-23,6.5.10,True,90,73,0,0,2020-12-18,Piggly Dev
taxonomy-metadata,Taxonomy Metadata,4000,2017-11-28,4.3.34,True,92,9,0,0,2010-03-11,mitcho (Michael Yoshitaka Erlewine)
gravity-forms-css-ready-selector,Gravity Forms CSS Ready Class Selector,4000,2017-11-28,3.5.2,True,94,10,0,0,2011-08-11,bradvin
chat-me-now,chat-me-now,4000,2021-05-22,5.7.17,True,100,2,0,0,2021-05-07,dfrankortiz
easy-facebook-like-box,Easy Social Box / Page Plugin,4000,2024-05-29,6.5.10,True,78,12,0,0,2014-05-16,iamshehryar
embed-code,Embed Code &#8211; Headers &amp; Footers by DesignBombs,4000,2021-08-04,5.8.15,True,100,6,0,0,2015-01-05,designbombs
revisionize,Revisionize,4000,2021-03-28,5.2.26,True,92,24,0,0,2016-10-04,jamiechong
recent-posts-by-category-widget,Recent Posts by Category Widget,4000,2017-11-28,4.2.39,True,94,12,0,0,2014-02-26,Ross Cornell
acf-autosize,ACF Autosize,4000,2022-01-28,5.9.16,True,100,20,0,0,2018-06-21,Yeah GbR
icon-widget,Icon Widget,4000,2024-04-10,6.5.10,True,100,2,0,0,2017-09-12,seothemes
disable-new-user-notifications,Disable New User Notification Emails,4000,2021-07-19,5.8.15,True,68,16,0,0,2012-09-10,Syed Balkhi
disable-site,Disable Site,4000,2017-11-28,4.1.42,True,100,24,0,0,2014-01-25,Jimmy K.
simple-header-footer-html,Simple Header Footer HTML,4000,2020-08-06,5.5.20,True,94,9,0,0,2014-02-24,Otto Kekäläinen
html-after-url,html after URL,4000,2023-11-26,6.4.10,True,100,7,0,0,2016-11-11,Aftab Ali Muni
ultimate-tag-cloud-widget,Ultimate Tag Cloud Widget,4000,2017-11-28,3.9.40,True,92,49,0,0,2010-10-11,Rickard Andersson
comment-form,Advanced Comment Form,4000,2024-06-06,6.5.10,True,100,19,0,0,2014-06-23,Rock Solid
vietqr,VietQR,4000,2024-06-06,6.0.14,True,100,4,0,0,2021-06-22,diepmagik
admin-collapse-subpages,Admin Collapse Subpages,4000,2019-07-09,5.2.26,True,98,20,0,0,2011-09-12,bravokeyl
reusable-content-blocks,Reusable Content Blocks,4000,2023-01-30,6.1.12,True,96,12,0,0,2018-10-15,Safeer
preserve-editor-scroll-position,Preserve Editor Scroll Position,4000,2017-11-28,3.9.40,True,92,9,0,0,2011-12-01,Dominik Schilling
carousel-without-jetpack,Gallery Carousel Without JetPack,4000,2017-11-28,4.3.34,True,78,39,0,0,2012-07-20,Syed Balkhi
animate-on-scroll,Animate on Scroll,4000,2024-04-08,6.5.10,True,86,6,0,0,2023-02-14,Arya Dhiratara
restrict-widgets,Restrict Widgets,4000,2017-11-28,4.7.35,True,96,36,0,0,2013-04-07,dFactory
rocket-maintenance-mode,Rocket Maintenance Mode &amp; Coming Soon Page,4000,2024-03-18,6.4.10,True,84,24,0,0,2014-05-02,Saad Iqbal
single-post-template,Single Post Template,4000,2013-04-19,3.6.1,True,88,14,0,0,2009-06-26,Nathan Rice
uptolike-share,Uptolike Social Share Buttons,4000,2017-11-28,4.7.35,True,90,89,0,0,2014-07-04,na1vez
enhance-wp-rocket-loadcss,WP Rocket | Simple LoadCSS Preloader,4000,2023-04-01,False,True,20,2,0,0,2018-10-29,ensemblebd
simple-login-lockdown,Simple Login Lockdown,4000,2017-11-28,3.5.2,True,88,7,0,0,2011-11-29,chrisguitarguy
easy-remove-item-menu,Easy remove item menu,4000,2021-01-10,5.6.19,True,100,15,0,0,2019-07-14,Camilo
so-page-builder-animate,SO Page Builder Animate,4000,2017-11-28,4.7.35,True,96,19,0,0,2015-11-06,Joseph G.
wpredesigned-beautiful-custom-admin-theme,WpRedesigned &#8211; Beautiful Custom Admin Theme,4000,2019-06-07,5.2.26,True,88,8,0,0,2019-06-07,wpmagg
remember-me-controls,Remember Me Controls,4000,2024-09-04,6.6.7,True,86,7,0,0,2010-09-27,Scott Reilly
gravity-forms-wcag-20-form-fields,WCAG 2.0 form fields for Gravity Forms,4000,2019-04-24,5.1.24,True,100,11,0,0,2015-01-28,ovann86
clicky,Clicky by Yoast,4000,2023-04-06,6.1.12,True,96,11,0,0,2009-11-03,Joost de Valk
login-security-solution,Login Security Solution,4000,2017-11-28,4.4.34,True,88,54,0,0,2012-03-21,Daniel Convissor
inazo-flamingo-automatically-delete-old-messages,Inazo&#039;s flamingo automatically delete old messages,4000,2024-07-26,6.6.7,True,96,4,1,0,2017-09-14,inazo
korea-sns,Korea SNS,4000,2024-05-15,6.5.10,True,100,5,0,0,2014-10-21,Jongmyoung Kim
oembed-plus,oEmbed Plus,4000,2021-07-15,5.6.19,True,100,7,0,0,2020-08-12,Ayesh Karunaratne
auto-copyright-year-updater,Auto Copyright Year Updater,4000,2024-07-10,6.5.10,True,100,10,0,0,2018-06-23,eraplugins
wp-hyper-response,WP Hyper Response,4000,2017-11-28,3.1.4,True,0,0,0,0,2011-05-30,Stocker_jp
spreadshop,Spreadshop Plugin,4000,2024-02-08,6.4.10,True,64,6,0,0,2017-05-02,Spreadshop Team
ltrrtl-admin-content,LTR  RTL Admin content,4000,2024-07-06,6.6.7,True,94,14,0,0,2015-01-03,Ronny Sherer
admin-color-schemes,Admin Color Schemes,4000,2022-01-31,5.9.16,True,96,26,0,0,2013-12-08,Helen Hou-Sandi
jc-submenu,JC Submenu,4000,2020-08-17,5.3.23,True,92,49,1,0,2013-07-18,jcollings
fancy-box,FancyBox,4000,2017-11-28,3.5.2,True,56,9,0,0,2009-06-16,Kevin Sylvestre
birds-custom-login,Birds Custom Login,4000,2020-04-01,5.4.21,True,100,28,0,0,2015-02-15,Frederic Serva
visual-editor-custom-buttons,Visual Editor Custom Buttons,4000,2023-05-26,6.2.11,True,92,37,0,0,2012-12-09,cyberduck
user-avatar,User Avatar,4000,2023-11-20,6.3.10,True,80,26,1,0,2010-08-05,ctltwp
responsive-image-maps,Responsive Image Maps,4000,2017-11-28,4.1.42,True,98,64,0,0,2012-08-16,Philip Newcomer
themeinwp-import-companion,ThemeinWP Import Companion,4000,2022-12-22,6.1.12,True,0,0,0,0,2020-09-05,themeinwp
acf-typography-field,Advanced Custom Fields: Typography Field,4000,2024-03-06,6.4.10,True,92,5,0,0,2016-10-17,Mujahid Ishtiaq
coinbase-commerce,Coinbase Commerce Payment Gateway for WooCommerce,4000,2024-05-31,6.5.10,True,60,17,0,0,2018-10-01,Coinbase Commerce
code-widget,Code Widget,3000,2022-06-11,6.1.0,True,98,35,0,0,2018-03-22,Sharaz Shahid
simple-universal-google-analytics,Simple Universal Google Analytics,3000,2023-03-30,6.2.11,True,92,9,0,0,2015-06-15,Noor Alam
wp-miniaudioplayer,mb.miniAudioPlayer &#8211; an HTML5 audio player for your mp3 files,3000,2021-11-13,5.5.20,True,90,57,0,0,2012-10-18,pupunzi
editor-full-width,Editor Full Width Gutenberg,3000,2020-08-04,5.5.0,True,98,18,0,0,2018-09-21,anibalardid
animentor-lottie-bodymovin-elementor,Animentor – Lottie &amp; Bodymovin for Elementor,3000,2021-01-29,5.6.19,True,100,8,0,0,2020-02-19,overengineer
organic-customizer-widgets,Organic Builder Widgets &#8211; Simple WordPress Page Builder,3000,2022-07-06,6.0.14,True,96,85,0,0,2017-08-01,Organic Themes
wp-visitors-widget,Live Visitor Counter,3000,2023-06-20,6.2.11,True,80,12,0,0,2019-02-26,Adam Z
advanced-custom-field-repeater-collapser,Advanced Custom Fields Repeater &amp; Flexible Content Fields Collapser,3000,2017-11-28,4.3.34,True,94,14,0,0,2013-04-07,mrwweb
disable-gutenberg-blocks,Disable Gutenberg Blocks &#8211; Block Manager,3000,2021-10-26,5.8.15,True,88,7,0,0,2018-12-04,DannyCooper
static-404,Static 404,3000,2021-08-20,5.8.15,True,0,0,0,0,2021-05-28,Brad Parbs
display-categories-widget,Display Categories Widget,3000,2019-11-03,5.2.26,True,96,25,0,0,2012-08-16,iteamweb
advanced-rich-text-tools,Advanced Rich Text Tools for Gutenberg,3000,2019-02-27,5.1.24,True,96,20,0,0,2018-11-14,Ella Van Durpe
dx-delete-attached-media,DX Delete Attached Media,3000,2023-12-19,6.3.10,True,98,28,0,0,2012-04-11,Mario Peshev
thumbnail-upscale,Thumbnail Upscale,3000,2017-11-28,4.6.30,True,96,22,0,0,2013-08-26,Stanislav Khromov
security-headers,Security Headers,3000,2019-02-26,5.1.24,True,100,8,0,0,2015-04-10,SimonRWaters
simple-keyword-to-link,Simple Keyword to Link,3000,2024-08-21,6.6.7,True,100,2,0,0,2023-02-16,Alessandro Piconi
wp-basic-auth,WP BASIC Auth,3000,2022-11-22,6.1.12,True,72,7,0,0,2013-03-08,wokamoto
admin-tools,Admin Tools,3000,2021-09-30,5.8.15,True,94,11,0,0,2016-08-09,Yehi
automatic-nbsp,Automatic NBSP,3000,2019-04-11,5.1.24,True,84,13,0,0,2013-08-07,Damian Gora
timologia-for-woocommerce,Timologia for WooCommerce,3000,2022-11-12,6.1.12,True,94,15,0,0,2017-02-16,exentric
modal-for-elementor,PopBox For Elementor,3000,2018-02-20,4.9.31,True,78,24,0,0,2017-06-10,NoreWP
wunderground,Weather Underground,3000,2017-11-28,4.5.33,True,74,50,0,0,2010-09-27,Zack Katz
pages-in-widgets,Pages In Widgets,3000,2020-03-05,5.3.23,True,92,9,0,0,2015-05-13,Jayden Major
language-icons-flags-switcher,Flag Icons,3000,2022-04-10,5.8.15,True,98,20,0,0,2013-07-08,Vasilis Triantafyllou
vanilla-pdf-embed,Vanilla PDF Embed,3000,2016-11-08,4.5.0,True,92,32,0,0,2013-12-07,Mike Doherty
preserved-html-editor-markup-plus,Preserved HTML Editor Markup Plus,3000,2019-12-11,5.3.23,True,84,36,0,0,2014-09-23,J-Ro
sf-taxonomy-thumbnail,Taxonomy Thumbnail,3000,2016-05-30,4.5.33,True,100,10,0,0,2015-06-15,Grégory Viguier
save-with-keyboard,Save with keyboard,3000,2018-11-03,5.0.27,True,100,31,0,0,2011-11-04,Mattia Trapani
advanced-posts-per-page,Advanced Posts/Page,3000,2012-07-18,3.5.2,True,0,0,0,0,2012-07-18,chrisguitarguy
attachment-importer,Attachment Importer,3000,2014-09-25,4.0.38,True,86,26,0,0,2014-02-16,Spencer Piontkowski
duplicate-widgets,Duplicate Widgets,3000,2018-06-24,4.9.31,True,92,9,0,0,2017-10-12,aleksandargubecka
shk-hide-title,SHK Hide Title,3000,2023-03-23,6.1.12,True,54,12,0,0,2015-05-11,Shekhar Bhandari
slider-video,Video Slider &#8211; Slider Carousel,3000,2023-09-23,6.3.10,True,94,71,0,0,2016-08-06,richteam
instant-css,Instant CSS,3000,2023-09-21,6.3.10,True,98,15,1,0,2019-03-27,dylanblokhuis
athemes-toolbox,Athemes Toolbox,3000,2021-01-12,5.6.19,True,100,2,0,0,2016-09-10,Syed Balkhi
customize-login-image,Customize Login Image,3000,2023-09-23,6.3.10,True,100,10,0,0,2013-09-12,apasionados
custom-category-templates,Custom Category Templates,3000,2016-03-03,4.4.34,True,86,6,0,0,2011-12-04,shazdeh
acf-google-font-selector-field,ACF: Google Font Selector,3000,2015-04-28,4.2.39,True,70,6,0,0,2014-02-04,danielpataki
block-navigation,Block Navigation,3000,2022-05-19,6.0.14,True,100,33,0,0,2018-11-01,Alvaro
user-photo,User Photo,3000,2017-11-28,4.6.30,True,86,20,0,0,2007-12-17,Weston Ruter
wp-emmet,WP Emmet,3000,2015-02-24,4.1.42,True,100,10,0,0,2013-01-28,rewish
require-featured-image,Require Featured Image,3000,2019-12-17,5.3.23,True,78,16,0,0,2013-08-02,pressupinc
mail-subscribe-list,Mail Subscribe List,3000,2023-08-08,6.2.11,True,88,60,0,0,2012-12-03,Richard Leishman
woocommerce-all-in-one-seo-pack,All In One SEO Pack for WooCommerce,3000,2023-09-05,5.0.27,True,88,14,0,0,2011-11-17,Josh Kohlbach
feature-a-page-widget,Feature A Page Widget,3000,2020-08-12,5.5.20,True,100,29,0,0,2012-11-09,mrwweb
shortcode-gallery-for-matterport-showcase,Matterport Shortcode,3000,2024-06-06,6.5.10,True,100,9,0,0,2016-01-22,Julien Berthelot
wp-cycle,WP-Cycle,3000,2012-08-15,3.4.2,True,72,12,0,0,2009-05-19,Nathan Rice
featured-galleries,Featured Galleries,3000,2018-08-02,4.9.31,True,94,20,0,0,2014-02-27,Andy Mercer
cvw-pb-animation,AOS Animation for SiteOrigin Page Builder,3000,2022-04-11,5.9.16,True,100,2,0,0,2019-04-30,covalenciawebs
woocommerce-product-image-flipper,WooCommerce Product Image Flipper,3000,2018-11-26,5.0.0,True,86,28,0,0,2013-10-21,James Koster
woocommerce-country-based-payments,Country Based Payments for WooCommerce,3000,2024-01-26,6.4.10,True,86,12,0,0,2015-06-23,Ivan Paulin
text-replace,Text Replace,3000,2021-07-12,5.7.17,True,88,18,0,0,2004-12-21,Scott Reilly
announcement-bar,Announcement Bar,3000,2015-04-23,4.2.39,True,20,2,0,0,2011-08-02,Austin
wp-calameo,WP Calameo,3000,2024-03-07,6.4.10,True,40,4,0,0,2009-12-21,calameo
storefront-footer-bar,Storefront Footer Bar,3000,2020-08-27,4.9.31,True,74,7,0,0,2015-04-23,WooCommerce
unfiltered-mu,Unfiltered MU,3000,2018-12-20,5.0.27,True,98,14,0,0,2008-05-10,Donncha O Caoimh (a11n)
restore-link-title-field,Restore Link Title Field,3000,2017-11-28,4.4.34,True,100,21,0,0,2015-04-28,Samuel Wood (Otto)
seed-buddhist-year,Seed Buddhist Year,3000,2024-08-06,6.6.7,True,98,11,0,0,2016-05-06,Seed Webs
block-slider,"Block Slider &#8211; Responsive Image Slider, Video Slider &amp; Post Slider",3000,2024-02-21,6.4.10,True,64,26,1,0,2018-11-20,Munir Kamal
headspace2,HeadSpace2 SEO,3000,2017-11-28,3.4.2,True,82,9,0,0,2007-09-07,John Godley
wp125,WP125,3000,2021-12-23,5.8.15,True,80,16,0,0,2008-07-31,redwallhp
subtitles,Subtitles,3000,2017-08-29,4.8.30,True,96,53,0,0,2014-06-13,Philip Arthur Moore
void-elementor-post-grid-addon-for-elementor-page-builder,Void Elementor Post Grid Addon for Elementor Page builder,3000,2024-07-24,6.6.7,True,92,65,0,0,2017-05-29,voidthemes
ccavanue-woocommerce-payment-getway,CCAvenue Payment Gateway for WooCommerce,3000,2024-05-21,6.5.10,True,96,30,0,0,2015-07-04,nilesh0308
category-sticky-post,Category Sticky Post,3000,2017-11-28,4.4.34,True,98,24,0,0,2012-08-27,Philip Arthur Moore
genesis-dambuster,Genesis Dambuster,3000,2019-03-28,5.1.24,True,98,30,0,0,2015-08-01,Russell Jamieson
columns,Columns,3000,2017-11-28,4.6.30,True,82,22,0,0,2013-04-16,Konstantin Kovshenin
wc-product-subtitle,Product Subtitle For WooCommerce,3000,2022-05-20,5.9.16,True,88,31,0,0,2016-01-14,Varun Sridharan
mango-buttons,Mango Buttons,3000,2017-11-28,4.6.30,True,96,18,0,0,2015-04-06,philbaylog
wpfavs,Wp Favs &#8211; Plugin Manager,3000,2023-12-20,6.4.10,True,94,32,0,0,2014-06-06,Ido Navarro
wordpress-plugin-for-simple-google-adsense-insertion,WP Simple Adsense Insertion,3000,2024-07-04,6.6.7,True,90,19,0,0,2008-11-12,mra13 / Team Tips and Tricks HQ
twenty-eleven-theme-extensions,Twenty Eleven Theme Extensions,3000,2017-11-28,3.2.1,True,94,12,0,0,2011-08-11,EnglishMike
custom-font-uploader,Wbcom Designs &#8211; Custom Font Uploader,3000,2024-06-04,6.5.10,True,76,14,0,0,2017-06-16,wbcomdesigns
acf-unique-id-field,Advanced Custom Fields: Unique ID Field,3000,2014-12-05,4.0.38,True,100,6,0,0,2014-12-05,KLicheR
protection-against-ddos,Protection Against DDoS,3000,2020-04-29,5.4.21,True,100,4,0,0,2016-07-01,WPChef
wincher-rank-tracker,Wincher Rank Tracker,3000,2024-03-25,6.4.10,True,80,56,0,0,2014-12-14,wincher.com
contact-information-widget,Contact Information Widget,3000,2024-04-13,6.5.10,True,86,7,0,0,2015-10-30,Shital Marakana
wp-gatsby,WPGatsby,3000,2022-05-04,5.9.16,True,100,8,0,0,2018-11-02,lightstrike
math-captcha-for-elementor-forms,Math Captcha for Elementor Forms,3000,2021-10-08,5.8.15,True,80,13,0,0,2021-03-09,albanotoska
browser-shots,Browser Screenshots,3000,2024-01-30,6.5.0,True,96,19,0,0,2012-10-15,Kevin Leary
gecka-submenu,Gecka Submenu,3000,2017-11-28,4.4.34,True,82,16,0,0,2010-06-23,Gecka
remove-jquery-migrate,Remove jQuery Migrate,3000,2023-01-25,6.1.12,True,100,7,0,0,2017-10-26,Hendy Tan
aquila-admin-theme,Aquila Admin Theme,3000,2021-05-31,5.7.17,True,88,35,0,0,2016-06-15,GuyPrimavera
maintenance-page,Maintenance Page,3000,2024-02-19,6.4.10,True,88,18,0,0,2014-11-07,ThemeGrill
wowslider,WOW Slider,3000,2017-11-28,4.0.38,True,60,96,0,0,2012-11-08,WOWSlider.com
podamibe-custom-user-gravatar,Podamibe Custom User Gravatar,3000,2019-05-22,5.0.27,True,100,5,0,0,2016-10-17,Podamibe Nepal
wp-rest-api-v2-menus,WP-REST-API V2 Menus,3000,2022-11-09,6.0.14,True,100,6,0,0,2016-03-01,thebatclaudio
wc-minimum-order-amount,WC Minimum Order Amount,3000,2020-11-12,5.3.23,True,84,5,0,0,2018-08-15,Hannah S.L.
slider-images,Slider Carousel &#8211; Image Slider,3000,2023-09-23,6.3.10,True,90,64,0,0,2016-07-28,richteam
simple-icons,Popular Brand Icons &#8211; Simple Icons,3000,2023-11-20,6.3.10,True,94,10,0,0,2017-12-12,Travis
page-excerpt,Page Excerpt,3000,2017-11-28,3.5.2,True,100,10,0,0,2008-09-07,Jeremy Massel
flat-preloader,Flat Preloader,3000,2023-05-02,6.2.11,True,92,18,0,0,2016-01-05,Thien Nguyen
cjdropshipping,CJdropshipping,3000,2022-03-02,5.8.15,True,100,16,0,0,2021-11-08,Andy Chou
wp-slimbox2,WP-Slimbox2 Plugin,3000,2017-11-28,False,True,100,4,0,0,2009-01-05,malcalevak
lazy-load-optimizer,Lazy Load Optimizer,3000,2021-01-16,5.6.19,True,88,24,0,0,2018-11-23,Processby
smart-user-slug-hider,Smart User Slug Hider,3000,2024-04-17,6.3.10,True,98,55,1,0,2014-10-02,Peter Raschendorfer
wp-layouts,WP Layouts,3000,2024-05-14,6.5.10,True,86,6,0,0,2020-05-29,WP Zone
gravity-forms-constant-contact,Gravity Forms Constant Contact,3000,2021-03-16,4.9.31,True,78,14,0,0,2010-09-01,Zack Katz
kboard-widget,KBoard 위젯 &#8211; 워드프레스 게시판,3000,2021-12-02,5.8.15,True,0,0,0,0,2017-10-03,코스모스팜 - Cosmosfarm
elegant-custom-fonts,Elegant Custom Fonts,3000,2023-08-13,6.3.10,True,100,3,0,0,2018-02-17,louisreingold
lessphp,Less PHP Compiler,3000,2017-11-28,4.1.42,True,90,4,0,0,2014-01-30,Ari Stathopoulos
tabs-widget-for-page-builder,Tabs Widget for Page Builder,3000,2017-11-28,4.9.31,True,96,19,0,0,2016-01-19,ProteusThemes
user-blocker,User Blocker,3000,2024-08-09,6.6.7,True,82,83,0,0,2015-06-17,solwininfotech
skp-greeklish-slugs,Greeklish Slugs,3000,2022-02-13,5.9.16,True,98,7,0,0,2014-06-20,skapator
wp-image-size-limit,WP Image Size Limit,3000,2017-11-28,3.6.1,True,94,17,0,0,2012-07-06,Sean Butze
peters-post-notes,Peter&#8217;s Post Notes,3000,2020-08-20,5.5.20,True,98,26,0,0,2008-12-30,Peter
log-out-shortcode,Log Out Shortcode,3000,2024-07-17,6.6.7,True,100,12,0,0,2014-08-03,Tectalic
ultimate-noindex-nofollow-tool-ii,Ultimate Noindex Nofollow Tool II,3000,2024-02-20,6.4.10,True,62,8,0,0,2011-02-22,texttheater
send-images-rss,Send Images to RSS,3000,2020-08-31,5.5.20,True,100,26,0,0,2014-08-09,Robin Cornett
faq-schema-block-to-accordion,Turn Yoast SEO FAQ Block to Accordion,3000,2024-05-21,6.5.10,True,100,5,0,0,2020-11-25,yasir129
backlinks-saver,Backlinks Saver,3000,2017-11-28,4.2.39,True,84,5,0,0,2014-09-28,Nimrod Flores
quick-remove-menu-item,Quick remove menu item,3000,2017-11-28,3.7.41,True,100,31,0,0,2013-11-10,hptheme
widgetize-pages-light,Widgetize Pages Light,3000,2022-05-07,5.9.16,True,84,32,0,0,2012-08-20,OTWthemes
instant-page,instant.page,3000,2023-08-10,6.3.10,True,98,17,0,0,2019-04-08,Alexandre Dieulot
smart-cookie-kit,Smart Cookie Kit,3000,2023-10-06,5.6.19,True,100,40,0,0,2015-12-01,Nicola Modugno
login-logout,Login-Logout,3000,2020-09-05,5.5.20,True,100,25,0,0,2011-05-12,webvitalii
wp-simple-mail-sender,WP Simple Mail Sender,3000,2019-03-02,5.1.24,True,100,12,0,0,2014-08-08,tmeister
gf-hcaptcha,G-Forms hCaptcha,3000,2022-07-15,6.0.14,True,100,3,0,0,2020-01-30,Kevin Landsbergen
relative-url,Relative URL,3000,2021-08-11,5.8.15,True,84,26,0,0,2012-09-16,Sparanoid
envothemes-demo-import,EnvoThemes Demo Import,3000,2022-12-09,6.1.12,True,100,1,0,0,2019-07-23,EnvoThemes
display-featured-image-in-post-list,Display Featured Image In Post List,3000,2024-08-06,6.6.7,True,100,7,0,0,2022-01-13,Suhas Surse
lightning-advanced-unit,Lightning Advanced Unit,3000,2022-01-04,4.9.31,True,0,0,0,0,2016-06-12,Hidekazu Ishikawa
responsive-slider,Responsive Slider,3000,2017-11-28,4.5.33,True,82,34,0,0,2012-04-16,Griden
responsive-select-menu,Responsive Select Menu,3000,2017-11-28,4.4.34,True,86,42,0,0,2012-05-10,sevenspark
simply-show-ids,Simply Show IDs,2000,2017-11-28,3.0.5,True,100,6,0,0,2009-02-03,Matt Martz
quantcast-choice,Quantcast Choice,2000,2022-10-06,6.0.14,True,76,5,0,0,2018-05-23,Quantcast
disable-user-gravatar,Disable User Gravatar,2000,2022-11-01,6.1.12,True,100,10,0,0,2009-12-08,Marcus (aka @msykes)
piotnetforms,Piotnet Forms,2000,2024-02-22,6.5.10,True,78,21,0,0,2020-09-18,piotnetdotcom
wp-media-folders,WP Media folders,2000,2021-09-06,5.4.21,True,70,15,1,0,2017-06-27,dbarrere
fullestop-lock-down-admin,Lock Down Admin,2000,2019-05-11,5.2.26,True,60,5,0,0,2016-11-21,Fullestop
ozh-admin-drop-down-menu,Ozh&#039; Admin Drop Down Menu,2000,2020-06-09,5.4.21,True,98,74,0,0,2007-09-28,Ozh
advanced-twenty-seventeen,Advanced Twenty Seventeen,2000,2017-11-28,4.7.35,True,86,11,0,0,2016-12-18,SaturnPlugins
hide-this,Hide This,2000,2018-02-12,4.9.31,True,100,49,0,0,2013-10-13,Andrés Villarreal
page-loader,Page Loader,2000,2024-08-22,6.6.7,True,98,8,0,0,2017-07-29,tdevs
aqua-page-builder,Aqua Page Builder,2000,2017-11-28,4.3.34,True,58,25,0,0,2013-04-20,Syamil MJ
remove-author-pages,Remove Author Pages,2000,2017-11-28,4.5.33,True,98,9,0,0,2013-11-05,Vinicius Braz Pinto
my-eyes-are-up-here,My Eyes Are Up Here,2000,2022-09-29,6.0.14,True,100,32,0,0,2014-09-05,interconnectit
styleguide,Styleguide &#8211; Custom Fonts and Colors,2000,2024-01-30,6.5.0,True,100,7,0,0,2015-01-10,binarymoon
podamibe-simple-footer-widget-area,Podamibe Simple Footer Widget Area,2000,2019-05-22,False,True,98,15,0,0,2016-10-03,Podamibe Nepal
styler-for-gravity-forms,Styler for Gravity Forms,2000,2022-03-04,5.9.16,True,76,16,0,0,2017-02-15,IdeaBox Creations
bulk-change-media-author,Bulk Change Media Author,2000,2023-08-31,6.3.10,True,98,8,0,0,2017-02-17,Ruslan Mikhno
photography-portfolio,Easy Photography Portfolio,2000,2021-02-27,5.6.19,True,92,30,0,0,2016-11-30,justnorris
matchheight,matchHeight,2000,2021-09-25,5.8.15,True,100,8,0,0,2015-11-10,neilgee
allow-epub-and-mobi-formats-upload,Allow ePUB and MOBI formats upload,2000,2017-01-17,4.7.35,True,100,5,0,0,2017-01-17,eKnizky
media-grid,Media Grid,2000,2017-11-28,False,True,88,16,0,0,2013-10-20,shaunandrews
easy-sidebar-menu-widget,Easy Sidebar Menu Widget,2000,2017-11-28,4.7.35,True,96,141,0,0,2016-10-11,Jeffrey Carandang
vk-ads-pixel,VK Ads Pixel plugin,2000,2023-05-02,6.2.11,True,90,2,0,0,2022-12-19,VK Ads Team
modal-block,Modal Guten Block,2000,2023-10-03,6.3.10,True,98,24,0,0,2019-09-02,merbmerb
clear-floats-button,Clear Floats Button,2000,2022-07-11,6.0.14,True,100,6,0,0,2015-10-26,Graffino
simple-google-sitemap-xml,Simple Google Sitemap XML,2000,2017-11-28,3.5.2,True,84,5,0,0,2010-10-28,Tilex
unveil-lazy-load,Unveil Lazy Load,2000,2017-11-28,4.0.38,True,94,15,0,0,2013-08-20,marubon
select-multiselect-field-contact-form-7,Select and Multi-Select Field for Contact Form 7,2000,2019-12-07,5.3.23,True,80,6,0,0,2019-11-07,Yash Baldawa
acf-rus-to-lat,ACF: Rus-To-Lat,2000,2018-11-19,5.0.0,True,0,0,0,0,2016-08-31,andreykashops
acf-image-mapping-hotspots,ACF: Image Hotspots Field,2000,2017-02-23,4.7.35,True,100,14,0,0,2017-01-17,Andrew Rockwell
wp-twitter-feeds,WP Twitter Feeds,2000,2019-06-18,5.2.26,True,82,18,0,0,2014-03-24,Team Startbit
ctw-ssl-for-cloudflare,Cloudflare SSL by Weslink,2000,2019-01-08,5.0.27,True,100,6,0,0,2015-09-29,Christofer Weßeling
duplicate-term,Duplicate Taxonomy Term,2000,2023-04-09,6.2.11,True,100,3,0,0,2020-12-21,Sebastian Pisula
better-rest-api-featured-images,Better REST API Featured Images,2000,2016-07-30,4.6.30,True,100,11,0,0,2015-10-13,Braad
post-content-shortcodes,Post Content Shortcodes,2000,2018-04-03,4.9.31,True,96,31,0,0,2011-08-30,Curtiss Grymala
filter-page-by-template,Filter Page by Template,2000,2024-05-23,6.5.10,True,100,48,0,0,2016-03-08,Md Jahidul Islam
formcraft-form-builder,FormCraft &#8211; Form Builder,2000,2024-07-22,6.6.7,True,90,53,0,0,2015-03-07,Formcrafts
fluentform-block,Fluent Forms Block,2000,2024-07-17,6.6.7,True,100,2,0,0,2024-01-06,wpmetablock
hide-all-notices,Hide All Notices,2000,2020-08-19,5.5.20,True,80,8,0,0,2016-08-13,Duncan Platt
wp-yomigana,WP-Yomigana,2000,2020-03-16,5.3.23,True,100,3,0,0,2012-01-26,Fumiki Takahashi
advanced-post-excerpt,Advanced Post Excerpt,2000,2023-12-18,6.4.10,True,100,4,0,0,2016-02-26,Steve Grunwell
better-recent-comments,Better Recent Comments,2000,2024-03-28,6.5.10,True,96,16,0,0,2016-02-02,Kestrel
wp-theme-plugin-download,Wp Theme plugin Download,2000,2020-09-01,5.5.20,True,100,14,0,0,2017-02-15,Abhay
mellat-woocommerce,درگاه پرداخت بانک ملت ووکامرس,2000,2021-12-09,5.8.15,True,76,12,0,0,2015-04-18,PersianScript
custom-archive-titles,Custom Archive Titles,2000,2021-06-06,5.8.15,True,100,4,0,0,2016-12-05,ThemeZee
add-descendants-as-submenu-items,Add Descendants As Submenu Items,2000,2022-09-06,6.0.14,True,100,20,0,0,2011-09-05,Alex Mills
dashboard-sticky-notes,Dashboard Sticky Notes,2000,2020-07-11,5.4.21,True,100,12,0,0,2014-07-14,Hiroaki Miyashita
htaccess-ip-blocker,HTACCESS IP Blocker,2000,2020-07-21,5.4.21,True,100,1,0,0,2017-11-21,Taraprasad Swain
anything-popup,Anything Popup,2000,2022-12-01,6.1.12,True,84,26,0,0,2012-05-26,(sähköposti poistettu)
leadlovers-for-elementor,leadlovers for Elementor,2000,2024-01-23,6.2.11,True,60,2,0,0,2019-07-04,leadlovers
url-shortcodes,URL ShortCodes,2000,2018-12-08,5.0.27,True,100,1,0,0,2010-03-04,cgarvey
page-specific-menu-items,Page Specific Menu Items,2000,2017-11-28,4.5.33,True,92,52,0,0,2014-01-27,dharmapoudel
export-plugin-details,Export Plugin Details,2000,2024-07-31,6.6.7,True,98,18,1,0,2018-10-13,Boopathi Rajan
top-level-cats,Top Level Categories,2000,2017-11-28,2.5,True,100,4,0,0,2007-03-01,Fortes
tinymce-spellcheck,TinyMCE Spellcheck,2000,2017-11-28,4.0.38,True,76,12,0,0,2013-08-08,Matthew Muro
edit-custom-fields,Edit Custom Fields,2000,2023-01-05,6.1.12,True,96,16,0,0,2013-07-16,Jay
lemmony-companion,Lemmony Companion,2000,2023-07-07,6.2.11,True,0,0,0,0,2023-01-09,shufflehound
gravity-forms-placeholders,Gravity Forms &#8211; Placeholders add-on,2000,2017-11-28,3.4.2,True,98,24,0,0,2012-02-03,neojp
lasso,ToneDen Shortcode,2000,2022-05-18,5.9.16,True,0,0,0,0,2016-10-27,Lasso
cpt-editor,Custom Post Type Editor,2000,2024-07-17,6.6.7,True,98,14,0,0,2012-05-08,Tectalic
serial-number-for-contact-form-7,Serial Number for Contact Form 7,2000,2023-06-20,6.2.11,True,100,1,0,0,2022-07-13,Nobuntu
embed-iframe,Embed Iframe,2000,2022-06-01,6.0.14,True,68,5,0,0,2008-11-17,brajesh
headless-mode,Headless Mode,2000,2024-07-18,6.6.7,True,100,6,0,0,2019-11-16,Ben Meredith
nextgen-download-gallery,NextGEN Download Gallery,2000,2024-03-17,6.5.10,True,100,11,0,0,2012-07-07,webaware
custom-classes,Custom Classes,2000,2017-11-28,4.8.30,True,100,11,0,0,2012-02-06,Justin Tadlock
woocommerce-accepted-payment-methods,WooCommerce Accepted Payment Methods,2000,2017-11-28,4.0.38,True,68,12,0,0,2012-11-19,James Koster
disable-users,Disable Users,2000,2017-11-28,4.3.34,True,94,18,0,0,2013-08-21,Jared Atchison
sinbyte-indexer,Sinbyte Indexer,2000,2022-03-10,5.9.16,True,0,0,0,0,2021-11-24,Le Uy Vien
raw-html-snippets,Raw HTML Snippets,2000,2023-07-31,False,True,94,11,0,0,2011-05-11,Andy Stratton
faster-image-insert,Faster Image Insert,2000,2017-11-28,3.5.2,True,76,15,0,0,2009-02-19,David Frank
rss-featured-image,RSS Featured Image,2000,2023-10-12,6.3.10,True,100,23,0,0,2018-02-01,Jordy Meow
wp-spam-question-filter,WP Spam Question Filter,2000,2020-07-28,4.8.30,True,100,4,0,0,2014-06-04,Otto Kekäläinen
easy-swipebox,Easy SwipeBox,2000,2021-02-26,5.6.19,True,100,16,0,0,2015-02-08,Leonardo Giacone
video-thumbnails-reloaded,Video Thumbnails Reloaded,2000,2021-04-30,5.7.17,True,100,2,0,0,2020-01-22,yehudah
wp-clean-admin-menu,WP Clean Admin Menu,2000,2023-06-22,6.2.11,True,100,10,0,0,2019-03-29,P Roy
super-simple-google-analytics,Super Simple Google Analytics,2000,2018-02-09,4.9.31,True,84,10,0,0,2011-12-07,Luke Mlsna
video-backgrounds-for-siteorigin-page-builder,Video Backgrounds for SiteOrigin Page Builder,2000,2017-11-28,4.7.35,True,92,12,0,0,2015-11-05,GusRuss89
smart-passworded-pages,Smart Passworded Pages,2000,2017-11-28,4.2.39,True,96,21,0,0,2012-06-08,Brian Layman
enable-vcard-upload,Enable vCard Upload,2000,2019-01-30,5.0.27,True,96,5,0,0,2016-10-18,56 Degrees
disable-title,Disable Title,2000,2017-11-28,4.0.38,True,84,15,0,0,2012-11-29,Frank Neumann-Staude
e-namad-shamed-logo-manager,E-namad &amp; Shamed Logo Manager,2000,2020-08-20,5.5.20,True,88,7,0,0,2020-08-14,Hamid Reza Yazdani
rss-image-feed,RSS Image Feed,2000,2017-11-28,4.5.33,True,82,13,0,0,2011-02-05,tepelstreel
algori-image-video-slider,Algori Video and Image Slider,2000,2022-07-11,6.0.14,True,50,2,0,0,2018-11-01,Kevin Bazira
open-in-new-window-plugin,Open in New Window Plugin,2000,2024-07-14,6.6.7,True,96,16,0,0,2009-11-24,Keith P. Graham
lh-force-lowercase-urls,LH Force Lowercase URLs,2000,2022-07-30,6.0.14,True,94,3,0,0,2019-12-04,shawfactor
configurable-tag-cloud-widget,Configurable Tag Cloud (CTC),2000,2023-03-29,6.1.12,True,74,10,0,0,2007-11-28,Keith S.
db-cache-reloaded-fix,DB Cache Reloaded Fix,2000,2017-11-28,3.4.2,True,86,12,0,0,2011-03-10,Ivan Kristianto
wp-and-divi-icons,WP and Divi Icons,2000,2024-08-15,6.6.7,True,66,14,0,0,2018-08-07,WP Zone
print-bangla-news,Print Bangla News,2000,2023-01-18,6.0.14,True,100,2,0,0,2022-09-16,Synthia Soft
ricg-responsive-images,RICG Responsive Images,2000,2017-11-28,4.4.34,True,94,20,0,0,2015-01-17,tevko
wp-permalink-translator,WP Permalink Translator,2000,2019-02-16,5.0.27,True,100,4,0,0,2017-11-26,Hossin Asaadi
acf-cpt-options-pages,Advanced Custom Fields : CPT Options Pages,2000,2023-04-08,6.2.11,True,100,7,1,0,2016-07-08,Tusko Trush
wp-share-buttons-analytics-by-getsocial,Social Share Buttons &amp; Analytics Plugin – GetSocial.io,2000,2024-04-30,6.5.10,True,88,154,0,0,2014-11-13,Joao Romao
genesis-featured-widget-amplified,Genesis Featured Widget Amplified,2000,2017-12-22,4.9.31,True,98,15,0,0,2011-01-13,Nick the Geek
storefront-hamburger-menu,Storefront Hamburger Menu,2000,2020-08-27,4.9.31,True,78,10,0,0,2016-01-26,WooCommerce
fr-custom-payment-gateway-icon-for-woocommerce,Fr Custom Payment Gateway Icon for WooCommerce,2000,2023-07-23,6.2.11,True,100,4,0,0,2017-07-25,fahrirusliyadi
automatically-paginate-posts,Automatically Paginate Posts,2000,2022-07-01,6.0.14,True,88,18,0,0,2012-06-03,Erick Hitter
hifi,"HiFi (Head Injection, Foot Injection)",2000,2010-12-01,3.0.5,True,96,5,0,0,2010-03-08,farinspace
eu-opt-in-compliance-for-mailchimp,GDPR Compliance for Mailchimp,2000,2023-10-02,6.3.10,True,74,3,0,0,2016-11-03,Evan Herman
news-announcement-scroll,News Announcement Scroll,2000,2023-11-02,5.5.20,True,92,19,0,0,2011-01-03,storeapps
classic-text-widget,Classic Text Widget,2000,2019-04-29,5.2.26,True,100,15,0,0,2017-06-11,Victor Font
wistia-wordpress-oembed-plugin,Wistia WordPress Plugin,2000,2023-03-16,5.1.24,True,62,8,0,0,2010-12-15,wistia
slider-pro-wp,Slider Pro,2000,2020-10-03,5.5.20,True,0,0,0,0,2020-10-03,Devnath verma
wp-admin-basic-auth,WP Admin Basic Auth,2000,2013-08-23,3.5.2,True,0,0,0,0,2013-08-23,Stocker_jp
customize-twenty-seventeen,Customize Twenty Seventeen,2000,2022-03-10,5.9.16,True,84,10,0,0,2016-12-28,boldthemes
gettext-override-translations,Gettext override translations,2000,2024-05-27,6.5.10,True,100,7,0,0,2016-08-05,ramon fincken
sql-executioner,SQL Executioner,2000,2016-09-28,4.6.30,True,92,11,0,0,2012-11-12,Justin Watt
custom-login-page-templates,"Custom Login Page Templates &#8211; Change Logo, Background and CSS",2000,2021-10-18,5.8.15,True,76,4,0,0,2017-05-31,Cristian Antohe
selection-sharer,Selection Sharer by Hans van Gent,2000,2016-08-08,4.4.34,True,100,21,0,0,2014-02-14,jcvangent
pardot,Account Engagement,2000,2024-06-03,6.4.10,True,52,16,0,0,2012-08-31,Cliff Seal
stylizedx,StylizedX &#8211; Variation Switcher Dark Mode for Full Site Editing (FSE) Theme,2000,2024-01-23,6.4.10,True,100,1,0,0,2024-01-23,DeoThemes
wp-downloader,WP Downloader,2000,2017-11-28,4.1.42,True,92,12,0,0,2013-08-29,Wojtek Szałkiewicz
custom-currency-for-woocommerce,Custom Currency for WooCommerce,2000,2023-01-04,6.1.0,True,98,9,0,0,2020-09-11,I am Programmer
wp-old-post-date-remover,WP Old Post Date Remover,2000,2019-07-16,5.2.26,True,90,16,0,0,2014-09-11,Ben Meredith
cf7-google-captcha-load-after-page,CF7 Google Captcha Load After Page,2000,2021-08-09,5.8.15,True,86,6,0,0,2019-02-15,Amit bhalani
page-loading-effects,Page Loading Effects,2000,2023-01-19,5.4.21,True,98,11,0,0,2016-06-03,Elvin D
responsive-full-width-background-slider,Responsive Full Width Background Slider,2000,2017-11-28,4.0.38,True,92,25,0,0,2014-05-31,WPTreasure
agent-image-news,Agent Image News,2000,2014-08-15,3.9.40,True,0,0,0,0,2013-05-02,Agent Image
noindex-pages,Noindex Pages,2000,2016-02-03,4.4.34,True,90,6,0,0,2016-02-03,radgh
equivalent-mobile-redirect,Equivalent Mobile Redirect,2000,2021-01-02,5.6.19,True,78,33,0,0,2013-07-18,js2484
panopress,PanoPress,2000,2017-11-28,4.7.35,True,92,17,0,0,2012-10-16,omercalev
genesis-easy-columns,Genesis Easy Columns,2000,2017-11-28,3.7.41,True,88,11,0,0,2013-03-28,Code96
wpglobus-for-wpbakery-visual-composer,WPGlobus for WPBakery Visual Composer,2000,2022-11-18,6.1.12,True,94,12,0,0,2015-07-25,Alex Gor
categories-in-hierarchical-order,Categories in Hierarchical Order,2000,2020-12-10,5.6.19,True,100,14,0,0,2014-06-13,Amit Sonkhiya
add-polylang-support-for-customizer,Add Polylang support for Customizer,2000,2023-01-04,6.1.12,True,90,11,0,0,2020-02-01,richardevcom
dashboard-welcome-for-beaver-builder,Dashboard Welcome for Beaver Builder,2000,2023-09-22,6.3.10,True,94,7,1,0,2016-12-02,IdeaBox Creations
disable-wpautop,Disable WPautop,2000,2017-11-28,4.4.34,True,84,5,0,0,2005-01-20,Nick Momrik
simple-ip-ban,IP Ban,2000,2017-11-28,4.7.35,True,80,9,0,0,2012-09-09,Sandor Kovacs
csp-manager,Content Security Policy Manager,2000,2022-08-09,6.1.12,True,86,6,0,0,2020-07-21,Patrick Sletvold
thumbnail-crop-position,Thumbnail Crop Position,2000,2017-11-28,3.5.2,True,76,16,0,0,2013-01-10,PoseLab
the-social-links,The Social Links,2000,2021-11-09,5.8.15,True,88,7,0,0,2011-05-16,seagyn
ongkoskirim-id,Plugin Ongkos Kirim JNE Tiki Sicepat Wahana J&amp;T POS for Woocommerce,2000,2020-04-15,4.9.31,True,78,11,0,0,2018-02-05,oggix
srbtranslatin,SrbTransLatin &#8211; Serbian Latinisation,2000,2023-12-13,6.3.10,True,92,38,0,0,2008-10-10,Oblak Studio
responsive-video-embeds,Responsive Video Embeds,2000,2017-11-28,3.7.41,True,78,21,0,0,2012-04-15,Kevin Leary
wp-api-menus,WP API Menus,2000,2020-08-18,5.5.0,True,100,8,0,0,2015-01-18,Fulvio Notarstefano
admin-category-search,WP Admin Category Search,2000,2023-05-09,6.2.11,True,92,13,0,0,2014-09-30,atillaordog
button-customizer-for-woocommerce,Custom Buttons for WooCommerce &#8211; Add To Cart Button for Product Types,2000,2024-04-05,6.5.10,True,94,12,0,0,2018-12-28,Morgan Hvidt
cf7-submission-id,UniqueID for Contact Form 7,2000,2021-04-01,5.7.0,True,54,10,0,0,2019-01-16,Ewald Harmsen
woocommerce-product-fees,WooCommerce Product Fees,2000,2018-05-28,4.9.31,True,96,21,0,0,2015-08-25,Caleb Burks
wp-image-borders,WP Image Borders,2000,2017-11-28,4.2.39,True,84,45,0,0,2013-07-22,Ben Sibley
user-export-with-their-meta-data,Export Users With Meta,2000,2022-11-19,6.1.12,True,100,15,0,0,2019-08-29,Daniel Loureiro
sp-rtl-rus-to-lat,SP RTL (RusToLat),2000,2019-03-08,4.9.31,True,74,3,0,0,2018-02-25,Alex Kuimov
storefront-top-bar,Storefront Top Bar,2000,2024-03-19,6.4.10,True,100,12,0,0,2015-02-12,wooassist
stag-custom-sidebars,Stag Custom Sidebars,2000,2021-02-01,5.6.19,True,100,7,0,0,2013-10-23,Ram Ratan Maurya
wp-hide-dashboard,WP Hide Dashboard,2000,2017-11-28,4.1.0,True,100,20,0,0,2008-10-20,Drew Jaynes
salesforce-wordpress-to-lead,Brilliant Web-to-Lead for Salesforce,2000,2022-02-24,5.9.16,True,88,38,1,0,2010-04-29,Nick Ciske
wp-rtl,WP-RTL,2000,2017-11-28,4.5.33,True,100,20,0,0,2008-10-27,Fahad Alduraibi
tao-schedule-update,TAO Schedule Update,2000,2018-08-17,4.9.31,True,92,31,0,0,2014-04-29,Syberspace
enhanced-category-pages,Enhanced Category Pages,2000,2016-07-14,4.5.33,True,88,23,0,0,2015-02-16,cip
wp-first-letter-avatar,WP First Letter Avatar,2000,2017-03-11,4.7.35,True,94,33,0,0,2015-02-18,DanielAGW
disable-recaptcha-cf7,Disable Recaptcha &#8211; CF7,2000,2022-11-18,6.1.12,True,90,10,0,0,2019-12-13,Faiyaz Vaid
wp-disable-automatic-updates,WP Disable Automatic Updates,2000,2022-05-30,6.0.14,True,100,3,0,0,2015-05-13,Daniele De Rosa
easy-post-views-count,Easy Post Views Count,2000,2024-05-09,6.5.10,True,80,6,0,0,2017-10-18,Alpha BPO
cleaner-gallery,Cleaner Gallery,2000,2017-11-28,False,True,96,23,0,0,2009-03-05,Justin Tadlock
wpjm-extra-fields,WPJM Extra Fields,2000,2020-04-22,5.3.23,True,90,4,0,0,2018-09-01,Gabriel Maldonado
eu-cookie-law-compliance,EU Cookie Law Compliance,2000,2019-04-27,5.1.24,True,96,9,0,0,2016-06-27,Damian Góra
post-carousel-for-dv-builder,Post Carousel for DV Builder,2000,2021-03-10,5.7.17,True,82,15,0,0,2019-08-02,Faiyaz Vaid
baqend,Speed Kit,2000,2024-05-02,6.2.11,True,80,11,0,0,2017-11-24,baqend
comment-form-js-validation,Comment Form Js Validation,2000,2024-02-14,6.4.10,True,100,5,0,0,2018-10-01,Navnit Viradiya
favicon-xt-manager,Favicon XT-Manager,2000,2017-11-28,4.2.39,True,100,4,0,0,2015-05-20,cjbmeb14
getty-images,Getty Images,2000,2023-05-03,6.2.11,True,60,24,0,0,2014-01-22,Getty Images
disable-core-update-email,Disable WordPress Core Update Email,2000,2016-05-05,4.5.33,True,100,1,0,0,2016-05-05,Alex Moss
custom-scrollbar,Custom Scrollbar,2000,2021-07-09,5.7.17,True,94,7,0,0,2015-07-04,miunosoft
contact-form-7-confirm-email-feild,Contact Form 7 Confirm Email Field,2000,2015-12-02,4.3.34,True,86,6,0,0,2015-05-22,vallabh vyas
mypace-custom-meta-robots,mypace Custom Meta Robots,2000,2020-12-12,5.6.19,True,0,0,0,0,2016-11-12,けい (Kei Nomura)
color-mobile-browser-address-bar,Color Mobile Browser Address Bar,2000,2021-04-07,5.7.17,True,100,5,0,0,2017-07-31,David Webb Espiritu
seamless-donations,Seamless Donations is Sunset,2000,2024-03-22,6.4.10,True,82,70,0,0,2012-09-12,GiveWP
simple-automatic-updates,Simple Automatic Updates,2000,2019-06-11,5.2.26,True,100,1,0,0,2016-04-07,Jon Tejnung
pe-recent-posts,PE Recent Posts,2000,2021-09-02,5.8.15,True,98,11,0,0,2015-08-14,DJ-Extensions.com
simple-link-list-widget,Simple Link List Widget,2000,2018-11-09,4.9.31,True,92,9,0,0,2011-01-21,jimmywb
smtp-yandex-mail-server,Yandex Mail SMTP Server for WordPress,2000,2019-12-02,5.3.23,True,90,8,0,0,2019-01-05,Ozan Canakli
smtp-yandex-mail-server,Yandex Mail SMTP Server for WordPress,2000,2019-12-02,5.3.23,True,90,8,0,0,2019-01-05,Ozan Canakli
wp-session-manager,WP Session Manager,2000,2019-03-31,5.1.24,True,94,24,0,0,2012-12-02,Eric Mann
page-tagger,Page Tagger,2000,2017-11-28,3.4.2,True,100,1,0,0,2009-09-15,hiddentao
erp-pdf-invoice,PDF invoice for WP ERP,2000,2023-09-26,6.3.10,True,60,2,0,0,2018-03-11,weDevs
avadanta-companion,Avadanta Companion,2000,2023-07-29,6.2.11,True,20,1,0,0,2020-11-21,Avadanta Themes
contact-form-7-widget,Contact Form 7 Widget,2000,2017-11-28,2.8.4,True,100,4,0,0,2009-09-06,Strategy11 Team
simple-wp-maintenance-mode,Simple WP Maintenance Mode,2000,2020-07-08,5.4.21,True,100,6,0,0,2015-05-25,lucascaires
wp-category-permalink,WP Category Permalink,2000,2018-12-06,5.0.27,True,96,31,0,0,2013-04-18,Jordy Meow
docxpresso,Docxpresso,2000,2021-12-28,5.8.15,True,94,31,0,0,2015-06-18,docxpresso
connector-gravityforms-mailerlite,Connector GravityForms and MailerLite,2000,2023-03-24,5.9.16,True,82,8,0,0,2017-11-22,closemarketing
toggles,Toggles,2000,2024-07-16,6.6.7,True,100,7,0,0,2021-02-08,George Mamadashvili
post-meta-inspector,Post Meta Inspector,2000,2016-07-31,4.8.30,True,96,10,0,0,2012-10-05,Automattic
admin-bar-user-switching,Admin Bar User Switching,2000,2022-05-24,6.0.14,True,96,12,1,0,2014-11-27,Saad Iqbal
hjqs-mentions-legales-fr,Mentions légales [FR],2000,2023-01-04,6.1.12,True,100,2,0,0,2021-03-16,Hugo JACQUES
restrict-media-library-access,Restrict Media Library Access,2000,2023-10-28,6.3.10,True,100,6,0,0,2017-08-11,Alvaro Gómez
quick-bulk-post-page-creator,Quick Bulk Post &amp; Page Creator,2000,2016-04-11,4.5.33,True,92,15,0,0,2015-04-16,Marin Atanasov
wp-super-edit,WP Super Edit,2000,2020-03-07,5.4.0,True,74,18,0,0,2007-07-15,Ahmad Awais
theme-blvd-layout-builder,Theme Blvd Layout Builder,2000,2019-01-24,5.0.27,True,100,5,0,0,2012-09-04,Jason
filter-for-divi,Filter for Divi,2000,2023-10-26,6.3.10,True,100,24,1,0,2020-07-06,Daniel
custom-script-for-customizer,Custom Header Footer Scripts for Customizer,2000,2023-08-20,6.3.10,True,100,2,0,0,2017-11-04,Rupok
simple-posts-ticker,"Simple Posts Ticker &#8211; Easy, Lightweight &amp; Flexible",2000,2023-09-02,6.3.10,True,90,22,0,0,2018-12-28,Sayan Datta
ilmenite-cookie-consent,Ilmenite Cookie Consent,2000,2024-02-04,6.4.10,True,100,9,0,0,2015-07-23,Erik Bernskiold
aspexi-facebook-like-box,Aspexi Social Media Slider,2000,2022-06-08,6.0.14,True,92,18,0,0,2014-04-14,Aspexi
lh-add-media-from-url,LH Add Media From Url,2000,2024-08-20,6.6.7,True,84,9,0,0,2015-07-15,shawfactor
wonderplugin-conditional-display,Conditional Display for Mobile &#8211; Mobile Detect Plugin,2000,2023-12-05,6.4.10,True,100,7,0,0,2016-06-15,WonderPlugin
xml-sitemaps,XML Sitemaps,2000,2017-11-28,4.7.35,True,90,13,0,0,2009-01-26,Denis de Bernardy
woocommerce-product-details-customiser,WooCommerce Product Details Customiser,2000,2017-11-28,4.0.38,True,100,7,0,0,2013-05-29,James Koster
buy-now-button-for-woocommerce,Buy Now Button for WooCommerce,2000,2023-12-27,6.4.10,True,70,11,0,0,2021-02-26,Ido Navarro
themefarmer-companion,ThemeFarmer Companion,2000,2022-09-14,6.0.14,True,0,0,0,0,2018-08-15,ThemeFarmer
wp-post-expires,WP Post Expires,2000,2020-11-02,5.5.20,True,66,14,0,0,2016-08-16,X-NicON
checkfront-wp-booking,Checkfront Online Booking System,2000,2023-11-09,6.4.10,True,82,12,0,0,2009-11-05,checkfront
automatically-update-permalinks,Automatically Update Permalinks,2000,2024-08-12,6.6.7,True,100,5,0,0,2015-12-31,WP Zone
slimjetpack,Slim Jetpack,2000,2017-11-28,3.7.41,True,86,24,0,0,2013-01-09,WingerSpeed
upload-url-path-enabler,Upload Url and Path Enabler,2000,2016-04-03,4.5.33,True,86,12,0,0,2013-01-27,Grégory Viguier
wp-most-popular,WP Most Popular,2000,2018-08-07,4.9.31,True,98,11,0,0,2012-01-24,MattGeri
hide-price-until-login,Hide Price Until Login,2000,2022-07-18,6.0.0,True,70,24,0,0,2016-05-27,cedcommerce
post-lists-view-custom,Post Lists View Custom,2000,2015-08-13,4.3.34,True,80,7,0,0,2012-10-07,gqevu6bsiz
automatic-post-tagger,Automatic Post Tagger,2000,2017-11-28,4.4.34,True,96,77,0,0,2012-09-22,Devtard
custom-simple-rss,Custom Simple Rss,2000,2021-04-05,5.7.17,True,98,14,0,0,2015-07-15,danikoo
acf-hide-layout,ACF Hide Layout,1000,2024-07-19,6.6.7,True,84,5,0,0,2020-06-25,Bleech
advanced-custom-fields-contact-form-7-field,Advanced Custom Fields &#8211; Contact Form 7 Field,1000,2017-11-28,3.5.2,True,68,8,0,0,2013-05-21,taylor.mitchellstjoseph
cookie-law-bar,Cookie Law Bar,1000,2017-11-28,4.7.35,True,90,4,0,0,2016-07-27,richplugins
mw-wp-form-recaptcha,MW WP Form reCAPTCHA,1000,2017-12-25,4.9.31,True,20,1,0,0,2015-10-29,Ryujiro Yamamoto
mail-integration-365,WPO365 | Mail Integration for Office 365 / Outlook,1000,2024-06-20,6.1.12,True,98,26,0,0,2020-11-25,Marco van Wieren
zendesk,Zendesk Support for WordPress,1000,2023-09-05,6.3.10,True,40,7,0,0,2011-05-31,zendesk_official
email-marketing,Drip for WordPress,1000,2024-03-07,6.4.10,True,100,4,0,0,2013-11-06,getdrip
page-in-widget,Page in Widget,1000,2017-11-28,4.5.33,True,98,8,0,0,2010-09-28,airspray
preenche-endereco-cep,Preenche endereço CEP para Woocommerce,1000,2020-07-31,5.1.24,True,100,6,0,0,2020-07-04,Tiago Neves
custom-category-template,Custom Category Template,1000,2017-11-28,4.7.0,True,66,9,0,0,2012-05-05,Bainternet
password-hash,PHP Native Password Hash,1000,2024-06-10,6.5.10,True,100,6,0,0,2017-01-04,Ayesh Karunaratne
gs-only-pdf-preview,GS Only PDF Preview,1000,2017-06-13,4.8.0,True,100,8,0,0,2017-01-17,bonger
unconfirmed,Unconfirmed,1000,2023-12-04,6.4.10,True,90,47,0,0,2011-05-23,Boone Gorges
meks-video-importer,Meks Video Importer,1000,2024-07-22,6.6.7,True,98,10,0,0,2018-01-17,Meks
logbook,Logbook,1000,2018-03-08,4.9.31,True,100,5,0,0,2017-11-14,Takayuki Miyauchi
nextgen-gallery-optimizer,NextGEN Gallery Optimizer,1000,2017-11-28,4.7.35,True,62,29,0,0,2012-02-28,Mark Jeldi
seamless-sticky-custom-post-types,Seamless Sticky Custom Post Types,1000,2015-01-15,4.1.42,True,94,20,0,0,2013-10-31,jaschaephraim
site-health-tool-manager,Site Health Tool Manager,1000,2020-09-22,5.5.20,True,100,13,0,0,2019-05-03,Will Earnhardt
series,Series,1000,2018-12-17,5.0.27,True,84,5,0,0,2009-06-09,Justin Tadlock
posts-character-count-admin,Posts Character Count Admin,1000,2014-07-21,3.9.40,True,86,3,0,0,2010-04-21,Jan Teriete
super-emoji-plus,Super Emoji Plus+,1000,2017-06-22,4.8.30,True,100,4,0,0,2016-04-29,Eric Andrew Lewis
theme-blvd-widget-pack,Theme Blvd Widget Pack,1000,2018-04-04,4.9.31,True,0,0,0,0,2012-09-04,Jason
shadowbox-js,Shadowbox JS,1000,2017-11-28,3.4.2,True,92,9,0,0,2008-02-25,Matt Martz
password-bcrypt,Password bcrypt,1000,2016-07-21,4.5.33,True,100,3,0,0,2016-05-12,Viktor Szépe
export-featured-images,Export Featured Images,1000,2017-11-28,3.9.40,True,94,72,0,0,2013-12-23,Damian
import-external-attachments,Import external attachments,1000,2017-02-24,4.4.34,True,86,26,0,0,2016-03-01,ryanpcmcquen
comfortable-reading,Comfortable Reading,1000,2017-12-19,4.9.31,True,72,11,0,0,2015-04-03,Alexandr Ovcharenko
monkeyman-rewrite-analyzer,Monkeyman Rewrite Analyzer,1000,2011-05-12,3.2.1,True,100,26,0,0,2011-05-12,Jan Fabry
multipart-robotstxt-editor,Multipart robots.txt editor,1000,2018-02-17,4.9.31,True,66,3,0,0,2014-09-14,Viktor Szépe
eazy-enable-blogroll,Eazy Enable Blogroll,1000,2024-04-03,6.5.10,True,100,7,0,0,2015-01-15,Tamás
exs-widgets,ExS Widgets,1000,2024-07-16,6.6.7,True,0,0,0,0,2020-09-06,exstheme
eazy-enable-blogroll,Eazy Enable Blogroll,1000,2024-04-03,6.5.10,True,100,7,0,0,2015-01-15,Tamás
wettervorhersage,Wettervorhersage,1000,2024-02-29,6.4.10,True,100,4,0,0,2020-08-25,wettervorhersage
disable-visual-editor-wysiwyg,Disable Visual Editor WYSIWYG,1000,2018-02-21,4.9.31,True,100,22,0,0,2011-06-20,stanxp
google-places-reviews,Reviews Block for Google,1000,2022-07-01,6.1.12,True,68,43,0,0,2014-08-03,Nexcess
aweos-php-server-info,AWEOS PHP Server Info,1000,2024-07-18,6.6.7,True,100,1,0,0,2018-03-16,AWEOS GmbH
wrap-form-fields-in-gravity-forms,Wrap form fields in Gravity Forms,1000,2016-08-02,4.8.30,True,66,6,0,0,2016-05-12,Mikkel Rommelhoff
organic-profile-block,Organic Profile Block,1000,2021-07-08,5.7.17,True,76,4,0,0,2018-01-13,Organic Themes
file-media-renamer,File Media Renamer,1000,2022-10-18,6.0.14,True,100,6,0,0,2020-01-06,Bradley Dalina
text-hover,Text Hover,1000,2022-03-23,5.9.16,True,90,17,0,0,2009-07-15,Scott Reilly
faster-pagination,Faster Pagination,1000,2017-11-28,3.9.40,True,60,2,0,0,2014-06-28,FasterThemes
404-redirected,Redirectioner,1000,2018-01-12,4.7.35,True,78,41,0,0,2011-11-21,Yoast
meks-quick-plugin-disabler,Meks Quick Plugin Disabler,1000,2024-07-29,6.6.7,True,100,7,0,0,2017-01-03,Meks
xo-post-background,XO Post Background,1000,2024-03-26,6.5.10,True,0,0,0,0,2017-04-19,ishitaka
disclaimer-popup,Disclaimer Popup,1000,2024-08-26,6.6.7,True,76,5,0,0,2021-03-25,marcodedo
roses-like-this,Like This,1000,2017-11-28,3.6.1,True,98,7,0,0,2011-03-12,RosemarieP
cookiepro,CookiePro | Simplify Compliance with GDPR &amp; EU Cookie Laws,1000,2021-10-12,5.8.15,True,60,9,0,0,2018-12-31,CookiePro
wp-post-navigation,WP Post Navigation,1000,2017-11-28,4.7.35,True,82,26,0,0,2013-04-06,Anas Mir
unplug-jetpack,Unplug Jetpack,1000,2015-02-07,4.0.0,True,100,5,0,0,2015-02-06,Tanner Moushey
wp-codemirror-block,CodeMirror Blocks,1000,2024-04-09,6.5.10,True,100,41,0,0,2018-12-20,Vicky Agravat
wc-abandoned-carts-by-small-fish-analytics,Abandoned Cart Reports For WooCommerce,1000,2022-11-28,6.1.12,True,86,18,0,0,2016-08-24,smallfishes
disable-url-autocorrect-guessing,Disable URL Autocorrect Guessing,1000,2020-09-19,5.5.20,True,100,12,0,0,2014-05-21,haukep
event-organiser-posterboard,Event Organiser Posterboard,1000,2021-05-26,5.7.17,True,80,11,0,0,2014-01-06,Stephen Harris
hide-admin-bar-from-front-end,Hide Admin Bar From Front End,1000,2022-07-25,6.0.14,True,84,5,0,0,2016-04-16,Aftab Husain
devvn-local-store,DevVN Local Store,1000,2024-05-27,6.5.10,True,100,5,0,0,2017-05-17,Le Van Toan
wow-media-library-fix,Fix Media Library,1000,2018-12-18,5.0.27,True,98,32,0,0,2018-05-25,wowpress.host
disable-toolbar,Disable Toolbar,1000,2017-11-09,4.9.31,True,98,17,0,0,2014-07-31,Michael Dance
just-tinymce-styles,Just TinyMCE Custom Styles,1000,2020-08-14,5.5.20,True,96,6,0,0,2016-07-20,Alex Prokopenko / JustCoded
simple-ads-txt,Simple ads.txt,1000,2017-12-26,4.9.31,True,80,4,0,0,2017-12-26,Bensword
real-accessability,Real Accessability,1000,2016-09-27,4.3.34,True,98,7,0,0,2015-12-08,REALMEDIA.IL
gravity-forms-entry-expiration,Entry Expiration for Gravity Forms,1000,2023-08-01,6.3.0,True,100,4,0,0,2014-10-21,Travis Lopes
bookingcom-product-helper,Booking.com Product Helper,1000,2022-02-01,5.9.16,True,32,5,0,0,2018-12-04,SPBooking.com
wp-secure-maintainance,WP Secure Maintenance,1000,2024-06-20,6.5.10,True,72,5,0,0,2016-03-02,Saad Iqbal
bulk-edit-publish-date,Bulk edit publish date,1000,2018-10-15,4.9.31,True,100,10,0,0,2018-10-15,dahousecatz
manage-privacy-options,Manage Privacy Options Page,1000,2020-05-27,5.5.20,True,90,8,0,0,2018-05-23,Julio Potier
businessx-extensions,Businessx Extensions,1000,2018-09-10,5.0.27,True,0,0,0,0,2016-07-19,acosmin
simple-slug-translate,Simple Slug Translate,1000,2023-02-24,6.1.12,True,90,4,0,0,2018-03-05,Ko Takagi
long-url-maker,LONG URL MAKER,1000,2015-07-31,4.2.39,True,96,6,0,0,2015-07-28,kp
real-time-validation-for-gravity-forms,Real Time Validation for Gravity Forms,1000,2018-10-02,4.9.31,True,90,12,1,0,2016-04-12,Daman Jeet
clever-mega-menu-for-elementor,Clever Mega Menu for Elementor,1000,2020-06-24,5.4.21,True,52,16,0,0,2019-04-09,zootemplate
disable-login-language-switcher,Disable Login Language Switcher,1000,2022-05-19,6.0.14,True,100,5,0,0,2022-01-11,Dominik Schilling
buddypress-learndash,BuddyPress for LearnDash,1000,2020-06-19,5.4.21,True,66,18,0,0,2015-06-29,Syed Balkhi
archive-control,Archive Control,1000,2023-11-30,6.1.12,True,100,11,0,0,2016-09-23,Mike Gillihan
protected-posts-logout-button,Protected Posts Logout Button,1000,2023-02-16,6.1.12,True,98,13,0,0,2012-05-16,Nate Reist
ogp,Open Graph Pro,1000,2017-11-28,3.2.1,True,0,0,0,0,2011-06-20,Martin Lormes
display-all-image-sizes,Display All Image Sizes,1000,2017-05-04,4.7.35,True,100,10,0,0,2015-05-29,pressupinc
simple-colorbox,Simple Colorbox,1000,2017-11-28,4.4.34,True,96,12,0,0,2012-04-16,Ryan Hellyer
hide-categories-on-shop-page,Hide Categories On Shop Page,1000,2022-11-28,6.1.12,True,88,14,0,0,2018-05-09,WMEric
skroutz-analytics-woocommerce,Skroutz Analytics for WooCommerce,1000,2023-11-08,6.4.10,True,0,0,0,0,2016-05-25,Skroutz
sportspress-for-basketball,SportsPress for Basketball,1000,2020-08-27,5.5.20,True,0,0,0,0,2016-11-07,ThemeBoy
nested-shortcodes,Nested Shortcodes by Outerbridge,1000,2022-09-01,6.0.14,True,96,14,0,0,2011-08-31,Outerbridge
standard-widget-extensions,Standard Widget Extensions,1000,2017-11-28,4.2.39,True,100,9,0,0,2012-12-01,blogger323
woo-phone-validator,Phone Validator for WooCommerce,1000,2020-07-31,5.4.21,True,94,18,0,0,2019-07-26,Precious Omonzejele
remove-wp-overhead,Remove WordPress Overhead,1000,2024-08-04,6.6.7,True,100,5,0,0,2016-09-22,omnisite
twitter-for-wordpress,Twitter for WordPress,1000,2017-11-28,3.0.5,True,20,1,0,0,2007-09-21,Ricardo Gonzalez
wp-autotags,WP AutoTags,1000,2020-05-12,5.4.21,True,100,2,0,0,2015-09-22,zhys
wp-countup-js,WP CountUP JS,1000,2021-12-04,5.8.15,True,98,10,0,0,2016-03-16,Roel Magdaleno
custom-cursor-for-wp,Custom Cursor For WP,1000,2022-01-31,5.9.16,True,90,4,0,0,2022-01-31,Softices
right-click-disable-orignal,Right Click Disable Orignal,1000,2017-11-28,4.5.33,True,84,16,0,0,2014-09-24,yash fale
disable-password-reset,Disable Password Reset,1000,2016-11-10,4.6.30,True,80,4,0,0,2011-04-14,Dugonja
timeline-express-html-excerpt-add-on,Timeline Express HTML Excerpts Add-on,1000,2023-03-22,6.2.11,True,0,0,0,0,2016-09-21,Evan Herman
mo-cache,MO Cache,1000,2017-11-28,3.4.2,True,100,3,0,0,2011-12-05,m4i
master-post-advert,Master Post Advert,1000,2017-11-28,4.2.39,True,0,0,0,0,2010-03-03,m_i_n
three-column-screen-layout,Three Column Screen Layout,1000,2016-12-12,4.7.35,True,76,16,0,0,2013-09-16,Chad Hovell
post-title-marquee-scroll,Post title marquee scroll,1000,2022-12-01,6.1.12,True,80,5,0,0,2011-08-09,gopiplus
wp-export-menus,Export WordPress Menus,1000,2021-03-12,5.7.17,True,70,24,0,0,2017-08-29,tychesoftwares
author-bio-box,Author Bio Box,1000,2021-11-04,5.8.15,True,96,17,0,0,2011-10-05,Claudio Sanches
privilege-menu,Privilege Menu,1000,2019-02-18,5.0.27,True,100,7,0,0,2014-03-30,FuzzGuard
black-studio-touch-dropdown-menu,Black Studio Touch Dropdown Menu,1000,2022-07-01,6.0.14,True,84,22,0,0,2012-09-03,Black Studio
wp-to-top,WP To Top,1000,2017-11-28,4.1.42,True,100,1,0,0,2009-03-06,Asvin Balloo
duplicate-widget,Duplicate Widget,1000,2017-11-28,3.4.2,True,86,12,0,0,2011-12-12,Scott Reilly
apaczka,Apaczka.pl WooCommerce,1000,2023-06-02,6.1.12,True,34,6,0,0,2016-05-23,ilabs
custom-sidebars-by-proteusthemes,Custom Sidebars by ProteusThemes,1000,2022-09-19,6.0.14,True,0,0,0,0,2016-07-22,ProteusThemes
fancy-admin-ui,Fancy Admin UI,1000,2017-12-27,4.9.31,True,88,14,0,0,2014-07-03,Bob Orchard
wp-hash-filename,WP Faster,1000,2020-04-09,5.4.21,True,100,4,0,0,2014-10-23,610216
post-cloner,Post Cloner,1000,2023-12-13,6.4.10,True,96,9,0,0,2015-09-18,Evan Herman
acf-color-swatches,ACF Color Swatches,1000,2018-11-29,False,True,100,1,0,0,2018-02-14,nickforddesign
better-internal-link-search,Better Internal Link Search,1000,2016-12-02,4.8.30,True,100,25,0,0,2012-07-11,Blazer Six
add-link-to-copied-text,Add Link to Copied Text,1000,2020-12-10,5.6.19,True,86,12,0,0,2014-05-21,Amit Sonkhiya
remove-featured-image,Remove Featured Image,1000,2018-01-12,4.9.31,True,68,7,0,0,2017-05-29,chatthasumit
cache-control,Cache-Control,1000,2019-08-30,5.2.26,True,100,6,0,0,2016-01-26,Dan
simple-contact-info-widget,Contact Info Widget,1000,2020-09-17,5.5.20,True,76,5,0,0,2016-07-01,riotweb
cf7-to-api-basic-auth,Contact form 7 TO API + Basic Auth,1000,2021-08-03,False,True,86,6,0,0,2018-05-27,Kenny Meyer
paste-as-plain-text,Paste as Plain Text,1000,2017-11-09,4.9.31,True,98,14,0,0,2013-04-21,Till Krüss
redirect-list,Redirect List,1000,2022-05-30,6.0.14,True,100,8,0,0,2013-04-12,MembershipWorks
adamrob-parallax-scroll,Parallax Scroll by adamrob.co.uk,1000,2019-03-09,5.1.0,True,84,21,0,0,2014-10-13,adamrob
tw-recent-posts-widget,TW Recent Posts Widget,1000,2017-11-28,4.4.34,True,88,15,0,0,2012-11-23,tweetysha
mascaras-para-cf7,Mascaras CF7,1000,2023-01-14,6.0.0,True,100,5,0,0,2018-06-24,Murilo Pinto Pereira
acf-clone-repeater,ACF Clone Repeater,1000,2023-02-09,6.0.14,True,100,1,0,0,2021-07-27,Suman Ali
sidebars-for-helloelementortheme,Sidebars for Hello Elementor Theme,1000,2022-01-25,5.9.16,True,100,2,0,0,2020-02-25,mnbaaco
gosign-contact-person-box-block,Gosign &#8211; Contact Person Box Block,1000,2022-05-19,6.0.14,True,0,0,0,0,2019-07-23,Gosign
custom-color-palette,Custom Color Palette for Gutenberg,1000,2020-04-01,5.4.21,True,100,2,0,0,2018-10-31,ThemeZee
jquery-masonry-image-gallery,jQuery Masonry Image Gallery,1000,2017-11-28,4.7.35,True,96,31,0,0,2013-05-27,phoenixMagoo
img-title-removal,Img Title Removal,1000,2011-07-05,3.2.1,True,60,2,0,0,2009-04-02,iglauser
genesis-featured-content-widget,Genesis Sandbox Featured Content Widget,1000,2017-11-29,3.6.1,True,100,14,0,0,2013-12-10,Travis Smith
facebook-like-thumbnail,Like Thumbnail,1000,2019-08-12,5.2.26,True,84,5,0,0,2011-02-28,Ashish Kumar (Ashfame)
small-phone-button-basic,Click to Call Button,1000,2023-11-13,6.4.10,True,100,1,0,0,2021-11-26,Digital2
footable,FooTable,1000,2017-11-28,3.9.40,True,96,17,0,0,2013-03-04,bradvin
onet-regenerate-thumbnails,ONet Regenerate Thumbnails,1000,2017-11-28,4.5.33,True,90,11,0,0,2013-10-04,Konrád Koller
zen-menu-logic,Zen Menu Logic,1000,2017-11-17,4.9.31,True,98,19,0,0,2012-03-15,zenofwordpress
sb-rss-feed-plus,SB RSS feed plus,1000,2017-11-28,4.8.30,True,78,10,0,0,2013-01-14,ladislav.soukup
quick-restaurant-menu,Quick Restaurant Menu,1000,2023-01-20,6.0.14,True,86,27,0,0,2015-05-30,Alejandro
mihdan-yandex-turbo-feed,Mihdan: Yandex Turbo Feed,1000,2024-05-03,6.5.10,True,94,31,0,0,2018-01-31,mihdan
notify-users-e-mail,Post Notification by Email,1000,2019-06-21,5.2.26,True,96,24,0,0,2013-07-18,Valerio Souza
easy-featured-images,Easy Featured Images,1000,2015-05-05,4.2.39,True,94,7,0,0,2015-03-14,danielpataki
simple-definition-list-blocks,Simple Definition List Blocks,1000,2024-03-12,6.4.10,True,100,2,0,0,2019-06-13,chiilog (Chiaki Okamoto)
affiliatewp-affiliate-qr-codes,AffiliateWP &#8211; Affiliate QR Codes,1000,2022-06-03,6.0.14,True,0,0,0,0,2021-05-19,Drew Jaynes
twitter-tools,Tools for Twitter,1000,2020-03-02,3.8.41,True,66,6,0,0,2007-03-07,Crowd Favorite
smart-wysiwyg-blocks-of-content,Smart WYSIWYG Blocks Of Content,1000,2017-11-28,4.2.39,True,100,4,0,0,2010-10-11,Coen Jacobs
testerwp-ecommerce-companion,Testerwp ecommerce companion,1000,2024-08-22,6.4.10,True,0,0,0,0,2022-04-07,Wptexture
user-specific-content,User Specific Content,1000,2017-11-28,4.7.0,True,86,36,0,0,2011-04-13,Bainternet
advanced-recent-posts-widget,Advanced Recent Posts Widget,1000,2017-11-28,False,True,86,14,0,0,2011-10-06,wpfundi
audience-analytics-by-quantcast,Audience Analytics &#8211; by Quantcast,1000,2018-11-26,4.9.31,True,60,2,0,0,2016-12-06,Quantcast
404-to-home,404 to Home,1000,2016-12-19,4.7.35,True,100,3,0,0,2016-12-07,burak
specify-missing-image-dimensions,Specify Missing Image Dimensions,1000,2022-05-29,6.0.14,True,90,11,0,0,2021-03-18,yasir129
material-admin-theme,Material Admin Theme,1000,2016-04-08,4.5.33,True,100,12,0,0,2015-07-26,chmln
which-template,Which Template,1000,2020-11-26,5.6.19,True,100,9,0,0,2013-07-19,MMDeveloper
auto-updates,Auto Updates,1000,2022-08-21,6.0.14,True,100,4,0,0,2016-08-10,Minor
automatic-responsive-tables,Automatic Responsive Tables,1000,2019-08-06,5.2.26,True,90,8,0,0,2016-01-14,Andrew Rockwell
simplelightbox,Simplelightbox,1000,2023-08-31,6.3.0,True,100,11,0,0,2015-10-08,aknieriem
backend-designer,Backend Designer,1000,2024-04-11,6.5.10,True,100,4,0,0,2015-11-27,Daniele De Rosa
w3dev-fancybox,fancyBox 3 for WordPress,1000,2023-11-06,6.3.10,True,98,7,0,0,2017-09-24,w3dev
mas-wp-job-manager-company-reviews,MAS Company Reviews For WP Job Manager,1000,2022-05-31,6.0.14,True,0,0,0,0,2019-11-18,MadrasThemes
aio-files-excluder,Folder Excluder for AIO WP Migration,1000,2021-05-17,5.7.17,True,100,6,0,0,2018-12-20,zeeshanx
certificate-customizer-for-tutor-lms,Certificate customizer for Tutor LMS,1000,2021-07-09,5.7.17,True,100,1,0,0,2019-06-14,Themeum
wc-shipping-method-description,Shipping Method Description for WooCommerce,1000,2022-07-14,6.0.14,True,100,8,0,0,2021-08-17,thomascharbit
gravity-forms-placeholder-support-add-on,Gravity Forms Placeholder Add-On,1000,2017-11-28,3.9.40,True,86,12,0,0,2014-01-31,phpmypython
media-file-sizes,Media File Sizes,1000,2021-03-24,5.7.17,True,82,15,0,0,2010-11-03,Jason LeMahieu (MadtownLems)
keyring,Keyring,1000,2023-04-25,6.2.11,True,86,6,0,0,2012-03-18,Beau Lebens
devvn-float-left-right-ads,DevVn Float Left Right Ads,1000,2024-06-12,6.5.10,True,100,4,0,0,2017-04-09,Le Van Toan
clean-html,Cleanup HTML,1000,2020-11-30,5.6.19,True,100,4,0,0,2013-09-13,closemarketing
robotstxt-rewrite,Robots.txt rewrite,1000,2017-11-28,4.7.35,True,100,2,0,0,2016-05-03,Eugen Bobrowski
fd-footnotes,FD Footnotes Plugin,1000,2016-06-06,4.3.34,True,90,21,0,0,2008-04-01,fd
advanced-custom-fields-taxonomy-field-add-on,Advanced Custom Fields &#8211; Taxonomy Field add-on,1000,2012-08-08,3.4.2,True,100,2,0,0,2012-02-09,Brian Zoetewey
get-custom-field-values,Get Custom Field Values,1000,2023-10-10,6.3.10,True,100,4,0,0,2004-12-21,Scott Reilly
soundpress,SoundPress Plugin,1000,2019-10-10,5.2.26,True,84,6,0,0,2016-10-08,emadmessiha
venobox-lightbox,VenoBox Lightbox,1000,2023-09-10,6.3.10,True,98,9,0,0,2016-06-17,neilgee
animated-typed-js-shortcode,Animated Typed JS Shortcode,1000,2024-08-22,6.6.7,True,86,6,0,0,2020-07-22,Yong
dynamic-animations-for-elementor,Dynamic Animations for Elementor,1000,2018-08-03,4.9.31,True,68,10,0,0,2018-08-03,Dynamic.ooo
rtl-tester,RTL Tester,1000,2020-08-11,5.5.20,True,100,20,0,0,2010-04-29,Yoav Farhi
wp-russian-typograph,WP Typograph Lite,1000,2017-11-28,2.7.1,True,100,3,0,0,2008-12-24,marapper
nextgen-scrollgallery,NextGEN Scroll Gallery,1000,2017-11-28,3.2.2,True,82,21,0,0,2011-06-25,Benedikt Mo
disable-admin-dashboard-notices,Disable Admin Dashboard Notices &#8211; Get a distraction free WordPress backend,1000,2023-11-13,6.4.10,True,68,5,0,0,2021-04-26,WPFraternity
contact-form-7-datepicker-fix,Contact Form 7 IE DatePicker and Number Spinner Fix,1000,2017-11-28,4.3.34,True,98,21,0,0,2013-08-03,Hackbard23
seo-slider,SEO Slider,1000,2023-11-02,6.3.10,True,86,6,0,0,2017-12-15,seothemes
text-spinner,Text Spinner,1000,2019-05-24,5.2.26,True,78,7,0,0,2014-03-06,Hassan Akhtar
freshchat,Freshchat,1000,2021-12-27,5.8.15,True,58,9,0,0,2017-09-26,freshchat
custom-currency-symbol-for-woocommerce,Custom Currency Symbol for WooCommerce,1000,2019-06-28,5.2.26,True,100,7,0,0,2019-06-27,3 Sons Development
acf-restrict-color-picker,Advanced Custom Fields: Restrict Color Picker Options,1000,2022-01-25,5.9.16,True,100,6,0,0,2016-03-08,Adam Walter
jsonfeed,JSON Feed (jsonfeed.org),1000,2024-04-05,6.5.10,True,100,5,0,0,2017-05-24,mantonr
wonderplugin-exclude-category,Exclude Category from Blog,1000,2023-12-05,6.4.10,True,80,7,0,0,2019-05-21,WonderPlugin
adwords-conversion-tracking-code,AdWords Conversion Tracking Code,1000,2017-11-28,4.3.34,True,100,1,0,0,2015-09-09,kcseopro
post-type-archive-descriptions,Post Type Archive Descriptions,1000,2023-10-20,6.3.10,True,100,6,0,0,2015-05-22,mrwweb
nextgen-gallery-custom-fields,NextGEN Custom Fields,1000,2024-01-19,6.4.10,True,100,8,0,0,2009-03-31,shauno
user-spam-remover,User Spam Remover,1000,2024-03-03,6.4.10,True,82,18,0,0,2010-08-27,Joel
ere-colors,ERE Colors &#8211; Essential Real Estate Add-On,1000,2024-07-23,6.5.10,True,0,0,0,0,2017-09-21,g5theme
auto-update-plugins,Auto Update Plugins,1000,2016-08-17,4.6.30,True,100,5,0,0,2015-03-27,Geenyous
formstack,Formstack Online Forms,1000,2019-04-12,5.1.24,True,50,8,0,0,2010-09-09,mmattax
buddypress-followers,BuddyPress Follow,1000,2017-11-28,False,True,86,15,0,0,2010-05-27,Andy Peatling
custom-recent-posts-widget,Custom Recent Posts Widget,1000,2017-11-28,3.5.2,True,98,9,0,0,2012-07-10,Prasanna SP
bootstrap-modals,Bootstrap Modals,1000,2019-05-17,5.2.26,True,90,8,0,0,2014-06-18,neilgee
change-author,Change Author,1000,2017-11-28,4.8.30,True,80,12,0,0,2014-05-01,Martin Teley
add-meta-tag-keywords,Add Meta Tag Keywords,1000,2023-02-23,6.1.12,True,100,2,0,0,2022-04-14,epiphanyit321
better-block-patterns,Better Block Patterns,1000,2022-01-24,5.9.0,True,0,0,0,0,2021-11-02,Dumitru Brinzan
disable-wp-registration-page-spam,Disable WP Registration Page Spam,1000,2024-06-23,6.5.10,True,92,5,0,0,2021-06-05,Subodh Ghulaxe
country-code-selector,Country Code Selector,1000,2024-06-19,6.5.10,True,66,12,0,0,2019-10-28,intolap
sem-author-image,Author Image,1000,2017-11-28,4.3.34,True,60,3,0,0,2008-12-04,Denis de Bernardy
limit-revisions,Limit Revisions,1000,2023-02-23,6.1.12,True,100,5,1,0,2019-12-11,Carlos Martínez Romero
speedy-page-redirect,Speedy Page Redirect,1000,2017-11-28,3.6.1,True,100,9,0,0,2011-05-08,Geert De Deckere
resend-welcome-email,Resend Welcome Email,1000,2018-02-24,4.9.31,True,74,9,0,0,2014-09-17,Hudson Atwell
waka-bulk-page,Waka Bulk Page,1000,2022-11-16,6.1.12,True,100,8,0,0,2018-10-08,Quentin
wp-hydra,WP Hydra,1000,2019-01-22,5.1.24,True,100,10,0,0,2014-12-17,Marin Atanasov
simple-cache,Simple Cache,1000,2021-05-04,5.8.15,True,84,57,0,0,2016-04-07,Taylor Lovett
wp-cron-control,WP-Cron Control,1000,2017-11-28,4.8.30,True,70,10,0,0,2011-08-01,Automattic
delete-multiple-themes,Delete Multiple Themes,1000,2015-03-28,4.1.42,True,100,10,0,0,2013-10-22,HappyPlugins
wp-cors,WP-CORS,1000,2023-07-28,6.2.11,True,46,3,0,0,2014-10-05,tstephenson
bp-registration-options,Registration Options for BuddyPress,1000,2023-03-05,6.0.14,True,88,33,0,0,2009-11-28,Brian Messenlehner
wp-swfobject,WP-SWFObject,1000,2017-11-28,3.2.1,True,100,3,0,0,2007-03-18,Kodetop
simpaisa-wallet-payment-services,Simpaisa Wallet (Jazzcash &amp; Easypaisa) Payment Services,1000,2023-12-08,6.4.10,True,100,1,0,0,2022-04-04,Maqsood Ali
carousel-upsells-and-related-product-for-woocommerce,Carousel Upsells and Related Product for Woocommerce,1000,2021-11-10,5.8.15,True,98,66,0,0,2019-09-27,Dan Zakirov
laravel-dd,Laravel DD for WordPress,1000,2018-03-02,4.8.30,True,100,7,0,0,2017-07-18,phegman
tabbed,"Tab &#8211; Accordion, FAQ",1000,2022-09-06,6.0.14,True,94,56,0,0,2017-03-16,richteam
heatmap-for-wp,heatmap for WordPress &#8211; Realtime analytics,1000,2019-02-21,5.1.24,True,82,19,0,0,2014-02-03,heatmap
page-menu,PageMenu,1000,2020-05-31,5.4.21,True,76,14,0,0,2014-03-29,Rohit Kumar
multiple-admin-email-addresses,Multiple Admin Email Addresses,1000,2019-05-21,5.2.26,True,84,5,0,0,2017-06-01,daberelay
customize-posts,Customize Posts,1000,2017-11-14,4.9.0,True,94,18,0,0,2014-09-17,Weston Ruter
memcached-is-your-friend,MemcacheD Is Your Friend,1000,2015-03-30,4.1.42,True,90,8,0,0,2015-03-30,Jeffrey Schutzman
tk-google-fonts,TK Google Fonts GDPR Compliant,1000,2024-07-13,6.6.7,True,100,4,1,0,2016-03-14,Themekraft
aino-blocks,AinoBlocks &#8211; Gutenberg Website Builder Blocks,1000,2022-11-09,6.1.12,True,78,8,0,0,2020-08-20,Ellen Bauer
rename-xml-rpc,Rename XMLRPC,1000,2021-04-26,5.7.17,True,86,12,0,0,2011-09-15,Jorge Bernal
change-wp-empty-trash-time,Change Empty Trash Time,1000,2023-02-23,6.1.12,True,100,3,0,0,2019-08-01,Carlos Martínez Romero
autoset-featured-image,Autoset Featured Image,1000,2017-11-28,3.9.40,True,84,12,0,0,2014-02-02,Arefly
wp-sanitize-file-name-plus,WP Sanitize File Name Plus,1000,2017-12-20,4.9.31,True,100,8,0,0,2014-06-25,Yslo
functionality,Functionality,1000,2020-12-01,5.6.0,True,92,12,0,0,2013-08-06,Shea Bunge
what-template,What Template,1000,2024-07-19,6.6.7,True,100,3,0,0,2012-06-22,Brian Alexander
post-carousel-slider-for-visual-composer,Post Slider For WPBakery Page Builder,1000,2022-09-27,6.0.14,True,80,9,0,0,2017-11-17,nasir179125
sf-author-url-control,SF Author Url Control,1000,2016-04-03,4.5.33,True,100,11,1,0,2012-04-16,Grégory Viguier
cbnet-ping-optimizer,cbnet Ping Optimizer,1000,2017-11-28,3.5.2,True,0,0,0,0,2010-01-07,Chip Bennett
woocommerce-payment-discounts,Discounts Per Payment Method on WooCommerce,1000,2020-08-10,5.5.20,True,88,35,0,0,2013-01-18,Claudio Sanches
gosign-gallery-box-block,Gosign &#8211; Gallery box Block,1000,2022-05-19,6.0.14,True,100,1,0,0,2019-05-30,Gosign
seo-auto-linker,SEO Auto Linker,1000,2017-11-28,3.5.2,True,78,11,0,0,2011-08-23,chrisguitarguy
wp-jamstack-deployments,JAMstack Deployments,1000,2020-11-30,5.5.20,True,100,4,0,0,2019-03-15,crgeary
image-rotation-fixer,Image Rotation Fixer,1000,2017-11-28,4.3.34,True,68,15,0,0,2012-06-17,Mert Yazıcıoğlu
coldbox-addon,Coldbox Addons,1000,2023-06-25,6.2.11,True,60,1,0,0,2017-08-08,Toshihiro Kanai
stagtools,StagTools,1000,2023-08-04,6.2.11,True,100,5,0,0,2013-07-27,Ram Ratan Maurya
one-click-order-reorder,One Click Order Re-Order,1000,2024-07-10,6.5.10,True,86,6,0,0,2016-03-28,cedcommerce
no-comments-on-pages,No Comments On Pages,1000,2017-11-28,2.7,True,100,2,0,0,2009-01-19,
wpdevdesign-oxygen-navigator,WPDevDesign &#8211; Oxygen &#8211; Navigator,1000,2020-12-06,5.5.20,True,100,5,0,0,2019-11-12,Sridhar Katakam
gosign-background-container,Gosign &#8211; Background Container Block,1000,2022-05-20,6.0.14,True,100,5,0,0,2018-11-20,Gosign
ere-similar-properties,ERE Similar Properties &#8211; Essential Real Estate Add-On,1000,2024-07-23,6.5.10,True,0,0,0,0,2018-08-15,g5theme
wp-gmail-smtp,WP Gmail SMTP,1000,2018-08-21,4.9.31,True,64,5,0,0,2016-10-07,inkthemes
geotargeting,GeoTargeting Lite &#8211; WordPress Geolocation,1000,2022-08-15,6.1.12,True,78,32,0,0,2014-12-09,Damian
hide-related-video-youtube,Hide Related Video Youtube,1000,2019-01-17,5.0.27,True,82,9,0,0,2019-01-17,TranHoangQuoc
mailster-gmail,Mailster Gmail Integration,1000,2024-05-27,6.5.10,True,20,1,0,0,2020-06-22,EverPress
custom-post-type-cleanup,Custom Post Type Cleanup,1000,2024-04-20,6.5.10,True,100,35,1,0,2017-08-19,keesiemeijer
woocommerce-quick-buy,Quick Buy For Woocommerce,1000,2022-02-12,5.9.16,True,74,35,0,0,2014-12-04,Varun Sridharan
payment-integration-wompi,Payment Integration Wompi,1000,2024-08-06,6.6.7,True,84,5,0,0,2020-01-09,Saul Morales Pacheco
lazy-load-background-images-for-elementor,Lazy Load Elementor Background Images,1000,2020-03-17,5.3.23,True,72,8,0,0,2020-02-11,James Revillini
catalog-for-woocommerce,Catalog for Woocommerce,1000,2020-12-16,5.6.19,True,90,6,0,0,2016-06-29,Phoeniixx
password-strength-for-woocommerce,Password Strength for WooCommerce,1000,2024-08-12,6.6.7,True,86,6,0,0,2016-01-29,WP Zone
custom-header-extended,Custom Header Extended,1000,2017-11-28,False,True,100,12,0,0,2013-09-27,Justin Tadlock
simple-masonry-layout,Simple Masonry Layout,1000,2023-10-04,6.3.10,True,88,9,0,0,2016-09-22,Tako
easy-social-sharing,Easy Social Sharing,1000,2023-01-11,6.1.12,True,98,7,0,0,2016-05-16,ThemeGrill
image-cleanup,Image Cleanup,1000,2017-11-28,4.8.30,True,70,63,0,0,2013-10-12,opicron
posts-by-tag,Posts By Tag,1000,2021-10-13,5.8.15,True,76,15,0,0,2009-07-27,Sudar Muthu
cbnet-multi-author-comment-notification,cbnet Multi Author Comment Notification,1000,2016-04-13,4.5.33,True,86,6,0,0,2010-01-07,Chip Bennett
code-prettify,Code Prettify,1000,2022-10-12,6.0.14,True,100,18,0,0,2010-12-03,volca
preloader-awesome,Preloader Awesome &#8211; Page Loading Animation with Spinner &amp; Gif,1000,2024-06-25,6.5.10,True,20,1,0,0,2020-10-12,themesawesome
display-featured-image-genesis,Display Featured Image for Genesis,1000,2023-11-11,6.4.10,True,98,33,0,0,2014-09-23,Robin Cornett
wp-post-signature,WP Post Signature,1000,2021-09-16,5.8.15,True,76,13,0,0,2011-05-09,Soli
image-size-selection,WP Image Size Selection,1000,2017-03-11,3.5.2,True,100,5,0,0,2013-05-24,ixthus27
menu-cart-divi,Menu Cart Divi,1000,2024-08-18,6.6.7,True,98,13,0,0,2021-06-28,learnhowwp
quadmenu-divi,QuadMenu &#8211; Divi Mega Menu,1000,2021-03-15,5.7.0,True,60,6,0,0,2018-02-22,QuadMenu
easy-logo-link-change,Easy Logo Link Change,1000,2020-07-01,5.4.21,True,100,2,0,0,2020-07-01,joemclarke
corona-virus-data,Corona Virus Data,1000,2024-05-22,6.6.7,True,94,13,0,0,2020-02-21,Duke Yin
wp-nav-plus,WP Nav Plus,1000,2022-02-07,5.9.16,True,100,5,0,0,2017-09-04,Matt Keys
simple-myisam-to-innodb,Simple MyISAM to InnoDB,1000,2023-09-28,6.3.10,True,96,20,0,0,2020-07-11,phpsquare
nginx-champuru,Nginx Cache Controller,1000,2022-11-22,6.1.12,True,94,15,0,0,2011-10-19,Takayuki Miyauchi
rcd-right-click-disabler,RCD-Right Click Disabler,1000,2021-06-11,5.7.17,True,100,9,0,0,2017-11-19,param
ellipsis-human-presence-technology,Human Presence – Stop Form Spam Without ReCaptcha,1000,2024-02-23,6.4.10,True,94,15,0,0,2015-10-15,humanpresence
html5-jquery-audio-player,HTML5 jQuery Audio Player,1000,2017-11-28,4.7.35,True,76,98,0,0,2012-07-10,Maeve Lander
extra-shortcodes,Extra Shortcodes,1000,2023-04-13,6.2.11,True,82,10,0,0,2012-01-08,webvitalii
thinker-sidebar-shortcode,Sidebar Shortcode,1000,2021-12-08,5.8.15,True,100,3,0,0,2018-03-04,thinkerwebdesign
check-conflicts,Check Conflicts,1000,2023-11-07,6.4.10,True,94,18,1,0,2020-01-03,ioannup
visual-user-description-editor,Visual User Description Editor,1000,2022-11-25,6.1.0,True,100,2,0,0,2022-05-23,zwwuu
russian-post-and-ems-for-woocommerce,Russian Post and EMS for WooCommerce,1000,2021-10-25,5.8.15,True,88,32,0,0,2016-07-23,Artem Komarov
fake-pay-for-woocommerce,Fake Pay For WooCommerce,1000,2022-04-13,5.9.16,True,92,8,0,0,2018-06-06,agraddy
wc-frontend-manager-elementor,WCFM &#8211; WCFM Marketplace integrate Elementor,1000,2024-09-15,6.6.7,True,70,12,0,0,2019-10-05,WC Lovers
jquery-lightbox-balupton-edition,jQuery Lightbox,1000,2017-11-28,3.5.2,True,100,1,0,0,2008-01-14,Pedro Lamas
simple-cookie-notification-bar,Simple Cookie Notification Bar,1000,2015-09-08,4.3.34,True,90,8,0,0,2014-11-18,Lucy Tomas
categorify,Categorify &#8211; WordPress Media Library Category &amp; File Manager,1000,2024-02-12,6.4.10,True,40,2,0,0,2021-10-08,frenify
bulk-term-generator,"Bulk Term Generator &#8211; Import multiple tags, categories, and taxonomies eas",1000,2024-04-30,6.5.10,True,100,17,0,0,2015-05-20,Nate Allen
cache-images,Cache Images,1000,2023-10-25,6.4.10,True,80,6,0,0,2005-02-08,Matt Mullenweg
endora,Endora,1000,2013-03-16,3.3.2,True,0,0,0,0,2012-01-24,Martin
authors,Authors Widget,1000,2017-11-28,4.9.31,True,100,4,0,0,2009-01-22,flocsy
export-plugins-and-templates,Export Plugins and Templates,1000,2024-08-09,6.6.7,True,88,12,0,0,2015-08-04,Mohammad I. Okfie
if-widget,If Widget &#8211; Visibility control for Widgets,1000,2021-01-18,5.6.19,True,88,9,0,0,2018-08-25,Andrei
facebook-fan-page-widget,Fan Page Widget by ThemeNcode,1000,2024-05-07,6.5.10,True,88,7,0,0,2015-05-27,Abdul Awal Uzzal
wp-copy-protect,WP Copy Protect,1000,2019-03-18,5.1.24,True,100,8,0,0,2014-07-11,areafin5
wp-countdown-block,Countdown Block,1000,2021-08-03,5.8.0,True,90,4,0,0,2020-07-30,Achal Jain
pomo-editor,PO/MO Editor,1000,2018-06-06,0.0.0,True,84,13,0,0,2016-04-01,Doug Wollison
wp-cleanumlauts2,wp-cleanumlauts2,1000,2017-11-28,3.7.41,True,0,0,0,0,2010-03-07,Juergen Schulze
pt-theme-addon,PT Theme Addon,1000,2018-06-28,4.9.31,True,100,1,0,0,2017-09-14,ProDesigns
mowomo-redes-sociales,mowomo Social Share,1000,2024-08-21,6.6.7,True,96,8,0,0,2018-06-12,mowomo
sv-tracking-manager,SV Tracking Manager,1000,2024-07-18,6.5.10,True,94,3,0,0,2019-12-04,straightvisions GmbH
easyindex,EasyIndex,1000,2019-12-02,5.3.23,True,84,21,0,0,2015-09-16,Jayce53
resize-images-before-upload,Resize images before upload,1000,2017-11-28,3.6.1,True,92,22,0,0,2012-03-13,WPsites
fx-editor,f(x) Editor,1000,2016-12-09,4.7.35,True,100,6,0,0,2016-02-03,David Chandra Purnama
vc-simple-all-responsive,WPBakery Page Builder Simple All Responsive,1000,2020-01-14,5.3.23,True,60,4,0,0,2019-01-05,Obren Markov
custom-product-tabs-wp-all-import-add-on,Custom Product Tabs for WooCommerce WP All Import Add-on,1000,2023-06-24,6.2.11,True,100,4,0,0,2017-04-24,Evan Herman
collapsed-archives,Collapsed Archives,1000,2021-04-03,5.7.0,True,100,7,0,0,2014-12-31,Matthew Petroff
cmyee-momentopress,MomentoPress for Momento360,1000,2023-10-26,6.4.10,True,90,2,0,0,2017-08-19,Chris Yee
random-post-for-widget,Random Post for Widget,1000,2023-03-18,6.1.12,True,94,3,0,0,2012-05-23,Shashi Dhar Kumar
tw-pagination,TW Pagination,1000,2015-03-31,4.1.42,True,100,7,0,0,2012-11-21,tweetysha
permissions-editor-for-ninja-forms,Permissions Editor for Ninja Forms,1000,2018-01-15,4.9.31,True,100,4,0,0,2017-11-20,Rapidweb
wp-sendfox,WP SendFox,1000,2024-03-07,6.4.10,True,100,8,0,0,2020-03-06,BogdanFix
automatic-image-alt-attributes,Automatic image ALT attributes,1000,2016-12-29,4.7.35,True,100,8,0,0,2016-12-29,Dan
wp-sendgrid-smtp,WP SendGrid SMTP,1000,2018-08-21,4.9.31,True,100,3,0,0,2016-10-07,inkthemes
classified-ads,Classified Ads,1000,2023-10-17,6.3.10,True,0,0,0,0,2023-06-18,WPDirectoryKit
bop-search-box-item-type-for-nav-menus,Bop Search Box Item Type For Nav Menus,1000,2017-11-28,4.8.30,True,94,23,0,0,2015-01-10,joe_bopper
accordion-slider-gallery,Accordion Slider Gallery,1000,2023-11-22,6.4.10,True,76,4,0,0,2020-07-11,wpdiscover
custom-url-to-featured-image,Add Featured Image Custom Link,1000,2024-05-14,6.5.10,True,82,15,0,0,2019-01-11,ViitorCloud Technologies Pvt Ltd
spam-comments-cleaner,Spam Comments Cleaner,1000,2018-02-02,4.9.31,True,90,15,0,0,2013-12-30,Manish Kumar Agarwal
download-media-library,Download Media Library,1000,2016-11-04,4.6.30,True,64,18,0,0,2015-04-08,marcelotorres
fmtc-affiliate-disclosure,FMTC Affiliate Disclosure,1000,2022-03-24,5.9.16,True,100,3,0,0,2016-11-30,fmtc
social-media-icons,Social Media Icons Widget,1000,2017-11-28,3.5.2,True,98,8,0,0,2012-04-11,arstropica
wpmbytplayer,mb.YTPlayer for background videos,1000,2023-09-14,6.3.10,True,82,28,0,0,2012-05-07,pupunzi
tagpages,TagPages,1000,2017-11-09,4.9.31,True,100,3,0,0,2010-07-31,Bernhard Riedl
email-domain-verification-in-cf7,Contact Form 7 Email Validation,1000,2020-12-18,5.6.19,True,66,10,0,0,2016-03-07,Clarion Technologies
timeline-awesome,"History Timeline for Biography, Company History &amp; Event Timeline",1000,2024-06-25,6.5.10,True,80,4,0,0,2020-08-27,themesawesome
supreme-google-webfonts,Supreme Google Webfonts,1000,2017-11-28,4.1.42,True,82,15,0,0,2011-11-11,Josh
remove-orphan-shortcodes,Remove Orphan Shortcodes,1000,2024-07-29,6.6.7,True,78,14,0,0,2013-05-07,Meks
current-year-shortcodes,Current Year Shortcodes,1000,2024-01-03,6.4.10,True,100,3,0,0,2022-12-20,Lukas
counter-block,Counter Block,1000,2021-08-03,5.8.0,True,96,4,0,0,2020-10-01,Achal Jain
acf-ninjaforms-add-on,Advanced Custom Fields: Ninjaforms Add-on,1000,2017-10-04,4.8.30,True,100,1,0,0,2017-06-08,DannyvanHolten
quantities-and-units-for-woocommerce,Quantities and Units for WooCommerce,1000,2016-11-29,4.3.34,True,88,17,0,0,2015-10-30,Nick Verwymeren
comment-notifier-no-spammers,Lightweight Subscribe To Comments,1000,2024-08-30,6.6.7,True,98,25,0,0,2014-05-10,isabel104
permalink-editor,Permalink Editor,1000,2017-11-28,3.2.1,True,72,5,0,0,2011-02-01,Fubra
simple-no-comments,Simple No Comments,1000,2017-11-28,4.3.34,True,100,4,0,0,2014-06-06,jitendra5984
proteusthemes-mailchimp-widget,Mailchimp Widget by ProteusThemes,1000,2020-05-31,5.4.21,True,100,2,0,0,2017-07-06,ProteusThemes
airi-demo-importer,Airi Demo Importer,1000,2020-06-23,5.4.21,True,0,0,0,0,2020-01-23,Syed Balkhi
advanced-wplink,Advanced WPLink,1000,2018-06-21,4.7.35,True,96,22,0,0,2016-05-25,Nico Martin
azigen,Azigen,1000,2008-12-15,2.7,True,0,0,0,0,2008-12-15,DjZoNe
wpperformancetester,WPPerformanceTester,1000,2024-04-26,6.5.10,True,86,8,0,0,2015-11-12,kohashi
squelch-tabs-and-accordions-shortcodes,Squelch Tabs and Accordions Shortcodes,1000,2024-07-08,6.5.10,True,96,24,0,0,2013-03-19,Matt Lowe
leadsnap,LeadSnap,1000,2023-03-09,6.1.12,True,100,4,0,0,2021-04-15,leadsnap
sharpen-resized-images,Sharpen Resized Images,1000,2022-08-06,6.0.14,True,100,5,0,0,2011-12-05,Unsal Korkmaz
complete-image-sitemap,Complete Image Sitemap,1000,2022-06-09,6.0.14,True,100,3,0,0,2016-03-11,Herbert van-Vliet
local-time-clock,Local Time Clock,1000,2024-05-14,6.5.10,True,62,10,0,0,2010-02-17,enclick
hide-comments-feature,Hide Comments Feature,1000,2017-11-28,3.5.2,True,90,6,0,0,2010-11-29,Vitor Carvalho
thesis-openhook,OpenHook,1000,2023-09-29,6.3.10,True,74,6,0,0,2008-12-08,Rick Beckman
wps-html-blocks,WPS HTML Blocks,1000,2022-10-12,5.8.15,True,100,3,0,0,2020-02-06,VicToMeyeZR
ere-recently-viewed,ERE Recently Viewed &#8211; Essential Real Estate Add-On,1000,2024-07-23,6.5.10,True,0,0,0,0,2018-08-03,g5theme
simple-css-for-widgets,Simple CSS for widgets,1000,2017-11-28,3.5.2,True,100,1,0,0,2012-12-12,Gagan Goraya
pppp,Powerful Posts Per Page (PPPP),1000,2019-12-03,5.3.23,True,100,1,0,0,2013-10-09,Toro_Unit (Hiroshi Urabe)
cf7-ace-syntax-highlighting,Contact Form 7 Syntax Highlighting,1000,2020-05-19,5.4.21,True,100,6,0,0,2016-03-24,Joris van Montfort
cf7-cep-autofill,Autopreenchimento de endereço em formulários,1000,2024-05-01,6.1.12,True,100,15,0,0,2018-06-03,fabbricaweb
event,Event Block,1000,2023-11-06,6.4.10,True,100,2,0,0,2020-04-24,Automattic
rest-api-meta-endpoints,WP REST API Meta Endpoints,1000,2016-02-09,4.5.33,True,0,0,0,0,2016-02-09,Daniel Bachhuber
page-comments-off-please,Page Comments Off Please,1000,2017-11-28,4.4.34,True,82,9,0,0,2010-09-16,techism
disable-revisions,Disable Revisions,1000,2017-11-28,False,True,0,0,0,0,2008-12-07,Slaver
cresta-facebook-messenger,Cresta Social Messenger,1000,2021-07-14,5.8.15,True,84,5,0,0,2017-04-10,CrestaProject
pageviews,Pageviews,1000,2020-02-21,5.5.20,True,94,7,0,0,2016-07-08,Pressjitsu
remove-unrestricted-uploads,Remove Unrestricted Uploads,1000,2022-12-13,6.1.12,True,100,2,0,0,2021-03-26,amit5204
remove-protected-in-title,Remove Protected In Title,1000,2020-11-23,5.6.19,True,100,7,0,0,2014-06-29,dblazeski
remove-rss-feed,Remove RSS Feed,1000,2024-07-31,6.6.7,True,100,4,0,0,2018-10-22,Boopathi Rajan
simple-google-analytics-tracking,Simple Google Analytics Tracking,1000,2017-04-19,4.7.35,True,100,9,0,0,2015-02-24,Dustyn Doyle
ultra-companion,Ultra Companion – Companion plugin for WPoperation Themes,1000,2024-04-12,6.5.10,True,0,0,0,0,2018-08-28,wpoperations
get-params,GET Params,1000,2019-07-18,5.2.26,True,100,15,1,0,2014-01-05,Nathan Singh
pdf-thumbnails,PDF Thumbnails,1000,2016-10-24,4.6.30,True,92,9,0,0,2014-04-07,stianlik
email-test,Email Test &#8211; Check if your emails are being delivered,1000,2021-03-13,5.7.17,True,100,3,0,0,2020-12-16,SiteAlert
book-now,Book Now,1000,2019-12-11,5.3.23,True,100,7,0,0,2016-12-02,riangraphics
jellyfish-counter-widget,Jellyfish Counter Widget,1000,2020-04-02,5.4.21,True,88,10,0,0,2013-01-13,Strawberry Jellyfish
cb-custom-modules,CB Custom Beaver Builder Modules,1000,2020-08-27,5.5.20,True,100,15,0,0,2016-06-01,Brian Coords
calculated-fields-for-acf,Calculated fields for ACF,1000,2022-02-02,5.9.16,True,82,14,0,0,2019-12-05,wundermatics
sticky-header,Sticky Header by ThematoSoup,1000,2017-11-28,4.2.39,True,90,31,0,0,2013-10-19,Slobodan Manić
slideshow,Slideshow,1000,2017-11-28,3.0.5,True,0,0,0,0,2010-09-21,Justin Tadlock
custom-link-widget,Custom Link Widget,1000,2017-11-28,3.4.2,True,74,7,0,0,2012-04-06,pankajbiswas
contact,Contact Details,1000,2017-11-28,4.0.38,True,100,1,0,0,2009-12-06,Steve
more-widgets,More Widgets,1000,2023-11-16,6.4.10,True,100,1,0,0,2019-10-28,WPExplorer
rich-event-timeline,Event Timeline &#8211; Vertical Timeline,1000,2022-07-16,6.0.14,True,94,20,0,0,2017-06-24,richteam
no-image-link,No Image Link,1000,2017-11-28,4.0.38,True,88,7,0,0,2012-10-09,Scott Werner
widget-contact-form-7,Widget Contact Form 7,1000,2017-11-28,3.7.41,True,54,3,0,0,2013-07-25,DigitalCourt
comment-image,Comment Image,1000,2021-08-28,5.8.15,True,84,6,0,0,2009-08-27,Stefano Lissa
axp-cyrtolat,AXP Cyrillic to Latin,1000,2017-01-01,4.7.0,True,90,2,0,0,2017-01-01,Alexander Pushkarev
wp-scroll-depth,WP Scroll Depth,1000,2018-12-06,5.0.0,True,100,6,0,0,2014-09-02,firebrandllc
porn-videos-embed,Porn Videos Embed,1000,2019-03-17,5.1.24,True,80,4,0,0,2018-04-18,perteus
polaroid-gallery,Polaroid Gallery,1000,2017-01-26,4.7.35,True,76,4,0,0,2010-03-22,janisto
lj-multi-column-archive,LJ Multi Column Archive,1000,2012-01-01,3.3.2,True,100,1,0,0,2009-07-19,littlejon
avatar-privacy,Avatar Privacy,1000,2023-05-01,6.2.11,True,100,25,0,0,2012-02-13,pepe
wp-youtube-player,WP YouTube Player,1000,2017-11-28,3.3.2,True,100,3,0,0,2010-09-02,Kodetop
import-shopify-to-wp,Import Shopify To WP,1000,2023-11-06,6.4.10,True,100,3,0,0,2021-08-01,WPBeginner
widgets-reloaded,Widgets Reloaded,1000,2017-11-28,4.8.30,True,90,11,0,0,2009-03-05,Justin Tadlock
expire-sticky-posts,Expire Sticky Posts,1000,2014-12-20,4.0.38,True,100,2,0,0,2014-12-19,Andy von Dohren
mailster-recaptcha,Mailster reCaptcha,1000,2024-05-27,6.5.10,True,40,4,0,0,2017-01-13,EverPress
acf-tablepress,ACF: TablePress,1000,2016-07-14,4.5.33,True,100,4,0,0,2015-05-04,TylerDigital
imagemagick-sharpen-resized-images,ImageMagick Sharpen Resized Images,1000,2017-09-30,4.8.30,True,94,12,0,0,2014-06-06,HansVanEijsden
admin-customizer,Admin Customizer,1000,2023-08-15,6.3.10,True,98,16,0,0,2013-11-04,Nilambar Sharma
hide-plugins,Hide Plugins,1000,2016-04-22,4.5.33,True,96,9,0,0,2014-05-21,ThemeBoy
expiring-posts,Expiring Posts,1000,2022-01-23,5.9.16,True,70,2,0,0,2019-03-21,Ivan
magyar-video-embed,Magyar Video Embed,1000,2015-08-26,4.3.34,True,0,0,0,0,2015-08-25,DjZoNe
bring-back-the-get-shortlink-button,Bring Back the Get Shortlink Button,1000,2023-02-24,6.1.12,True,100,7,0,0,2015-12-14,Thorsten Frommen
note,Note &#8211; A live edit text widget,1000,2018-06-06,4.9.31,True,96,6,0,0,2014-11-10,Slocum Studio
social-fabric-analytics-by-collective-bias,Social Fabric Analytics From Collective Bias,1000,2019-09-17,5.2.26,True,100,1,0,0,2014-04-09,cwhittl
invite-anyone,Invite Anyone,1000,2024-08-19,6.6.7,True,86,26,0,0,2009-12-19,Boone Gorges
simple-image-xml-sitemap,Simple Image XML Sitemap,1000,2024-07-28,6.6.7,True,100,2,0,0,2019-09-14,Janine
fix-windows-compatibility,Windows Compatibility Fix,1000,2018-10-22,5.0.27,True,100,8,0,0,2017-05-04,Dave Jesch
certificate-verification,Certificate Verification,1000,2020-06-08,4.8.30,True,100,5,0,0,2020-05-17,SegWitz Sdn Bhd
widget-classes,Widget Classes,1000,2010-05-30,3,True,100,1,0,0,2010-05-30,aizatto
hw-image-widget,HW Image Widget,1000,2017-11-28,4.2.39,True,88,14,0,0,2013-03-10,Håkan Wennerberg
wpautop-control,wpautop control,1000,2015-05-08,4.2.39,True,94,7,0,0,2010-12-16,bigsmoke
ceske-sluzby,České služby pro WordPress,1000,2016-09-16,4.6.30,True,100,20,0,0,2015-01-25,pavelevap
wpdevdesign-rankmath-integration-for-oxygen,WPDevDesign &#8211; Oxygen &#8211; Rank Math Integration,1000,2020-12-19,5.6.19,True,100,9,0,0,2019-07-23,Sridhar Katakam
users-by-date-registered,Users by Date Registered,1000,2019-08-20,5.2.26,True,100,9,0,0,2014-08-19,Sébastien Dumont
extended-title-remover,Extended Title Remover,1000,2022-12-13,6.1.12,True,38,9,0,0,2019-04-24,amit5204
book-previewer-for-woocommerce,Book Previewer for Woocommerce,1000,2020-12-15,5.6.19,True,80,2,0,0,2019-09-30,g5theme
country-detection-polylang,Polylang &#8211; Country Detection,1000,2022-09-30,6.0.14,True,100,2,0,0,2020-07-20,Markus Wiesenhofer
image-widget-deluxe,Image Widget Deluxe,1000,2019-05-26,5.2.26,True,100,5,0,0,2015-09-04,Mikkel Rommelhoff
acf-advanced-taxonomy-selector,ACF: Advanced Taxonomy Selector,1000,2019-02-16,5.1.24,True,0,0,0,0,2014-02-24,danielpataki
bulk-images-to-posts,Bulk Images to Posts,1000,2019-02-28,False,True,96,18,0,0,2015-04-17,mezzaninegold
anti-captcha,Anti-Captcha (anti-spam botblocker),1000,2017-11-28,4.0.0,True,84,5,0,0,2009-08-22,filiw
wpsite-follow-us-badges,Follow Us Badges,1000,2024-04-29,6.5.10,True,96,8,0,0,2014-05-17,DraftPress Team
genesis-footer-builder,Genesis Footer Builder,1000,2019-06-20,5.2.26,True,96,5,0,0,2015-02-16,Shivanand Sharma
shutter-reloaded,Shutter Reloaded,1000,2017-11-28,3.4.2,True,86,6,0,0,2007-08-15,Andrew Ozz
spocket,Spocket ‑ US &amp; EU Dropshipping,1000,2023-08-28,6.3.10,True,82,47,0,0,2018-10-04,spocket
star-rating-block,Star Rating Block,1000,2021-08-03,5.8.0,True,100,1,0,0,2020-09-09,Achal Jain
simple-analytics,Simple Analytics,1000,2018-04-04,4.9.31,True,88,7,0,0,2013-08-01,Jason
tinymce-colorpicker,TinyMCE Color Picker,1000,2017-11-28,3.9.40,True,100,21,0,0,2014-04-26,iseulde
wt-geotargeting,WT GeoTargeting,1000,2022-11-26,6.0.14,True,92,20,0,0,2015-11-08,Roman Kusty
wp-notification-center,WP Notification Center,1000,2023-08-25,6.3.10,True,82,18,0,0,2015-09-11,Barry Kooij
if-modified-since,If Modified Since,1000,2015-08-17,4.2.39,True,74,3,0,0,2015-08-17,ezraverheijen
admin-in-english,Admin in English,1000,2017-11-28,3.6.1,True,96,30,0,0,2009-05-14,Nikolay Bachiyski
scroll-to-top-button,Scroll to Top Button,1000,2021-01-31,5.6.19,True,100,8,0,0,2013-12-19,renp
photection,Photection &#8211; Easy image protection for WordPress,1000,2016-09-27,4.6.0,True,100,3,0,0,2016-09-27,Colormelon
google-plus-authorship,Google Plus Authorship,1000,2017-11-28,4.7.35,True,86,8,0,0,2012-11-19,mlazarov
pageview,PageView,1000,2017-11-28,4.1.42,True,84,6,0,0,2006-09-26,John Godley
heic-to-jpeg,HEIC to JPEG,1000,2023-04-05,6.2.11,True,60,2,0,0,2023-03-23,crissyfieldgmbh
content-copy-protection-disable-right-click,Content Copy Protection &amp; Disable Right Click,1000,2024-06-23,6.5.10,True,90,6,0,0,2021-06-09,Subodh Ghulaxe
expand-divi,Expand Divi,1000,2019-08-02,5.2.26,True,100,5,0,0,2017-12-09,faycalboutam
vf-expansion,Vf Expansion,1000,2024-06-17,6.5.10,True,0,0,0,0,2022-08-23,vfthemes
postepay-woocommerce-gateway,Postepay Gateway per Woocommerce,1000,2018-06-28,4.9.31,True,86,6,0,0,2012-03-08,Martino Stenta
author-filters,Author Filters,1000,2020-12-21,5.6.19,True,100,4,0,0,2016-05-31,Clarion Technologies
lazy-facebook-comments,Lazy Social Comments,1000,2023-09-03,6.3.10,True,90,19,0,0,2014-07-12,Joel James
di-themes-demo-site-importer,Di Themes Demo Site Importer,1000,2024-07-29,6.6.7,True,0,0,0,0,2019-06-16,Di Themes
wp-mapbox-gl-js,WP Mapbox GL JS Maps,1000,2021-11-07,5.4.21,True,82,9,0,0,2018-01-10,tempranova
awebooking,AweBooking &#8211; Hotel Booking System,1000,2019-10-07,5.2.26,True,60,22,0,0,2017-06-29,awethemes
colorize-mobile-browser-bar,Colorize Mobile Browser Address bar,1000,2024-06-12,6.5.10,True,94,3,0,0,2020-01-22,Worda Themes
schedule-posts-calendar,Schedule Posts Calendar,1000,2023-12-03,6.4.10,True,94,10,0,0,2012-03-02,Greg Ross
export-categories,Export Categories,1000,2019-03-26,5.1.24,True,96,12,0,0,2013-08-23,Shambhu Patnaik
content-anchor-links,Content Anchor Links,1000,2020-12-23,5.5.20,True,76,5,0,0,2016-12-25,Roland Barker
enhanced-admin-bar-with-codex-search,Enhanced Admin Bar with Codex Search,1000,2017-11-28,False,True,100,1,0,0,2011-06-07,Justin Sternberg
di-blocks,Di Blocks &#8211; Awesome WordPress Blocks for Gutenberg Editor,1000,2020-12-14,5.6.19,True,100,1,0,0,2020-06-18,Di Themes
gallery-portfolio,Portfolio Gallery &#8211; Responsive Image Gallery,1000,2023-12-09,6.4.10,True,90,58,0,0,2016-06-24,totalsoft
seo-image-alt-tags,SEO Image Toolbox,1000,2018-04-10,4.9.31,True,86,12,0,0,2015-07-12,Andrew Gunn
floating-publish-button,Floating Publish Button,1000,2014-12-12,4.0.38,True,100,12,0,0,2014-01-16,Son Do
wpsite-post-status-notifications,Post Status Notifications,1000,2023-08-29,6.3.10,True,70,10,0,0,2014-05-01,DraftPress Team
post-type-converter,Post Type Converter,1000,2015-01-05,4.1.42,True,90,6,0,0,2011-12-24,Kevin Langley Jr.
rut-chileno-con-validacion,Rut Chileno con Validación para WooCommerce,1000,2020-08-20,5.5.20,True,80,9,0,0,2020-08-04,Andrés Reyes Galgani
acf-multi-dates-picker,ACF Multi Dates Field,1000,2018-05-18,4.9.0,True,100,2,0,0,2017-12-15,devnanguo
blueimp-lightbox,blueimp lightbox,1000,2014-09-04,4.0.0,True,88,16,0,0,2013-10-19,blueimp
wphindi,WPHindi &#8211; Type in Hindi in WordPress,1000,2022-02-14,5.8.15,True,94,3,0,0,2019-08-10,zozuk1
storefront-homepage-contact-section,Storefront Homepage Contact Section,1000,2020-08-27,4.9.31,True,32,7,0,0,2016-02-05,WooCommerce
relative-image-urls,Relative Image URLs,1000,2014-09-04,4.0.38,True,84,5,0,0,2010-04-07,Scott Werner
twst-login-block,TWST Login Block,1000,2020-08-25,5.5.20,True,0,0,0,0,2020-08-25,twst
absolute-relative-urls,Absolute Relative URLs,1000,2021-04-02,5.7.17,True,60,6,0,0,2016-03-11,intuitart
footer-credits,Footer Credits,1000,2024-09-03,6.6.7,True,74,6,0,0,2015-06-24,Cedaro
uws-unyson-woocommerce-shortcodes,Unyson WooComerce Shortcodes,1000,2020-08-15,5.5.20,True,74,3,0,0,2017-12-18,flytemplates
va-social-buzz,VA Social Buzz,1000,2017-07-03,4.8.30,True,100,1,0,0,2015-12-29,kuck1u
disable-jpeg-compression,Disable JPEG Compression,1000,2019-05-11,5.2.26,True,78,9,0,0,2013-09-07,Yonatan Ganot
tako-movable-comments,Tako Movable Comments,1000,2016-10-14,4.6.30,True,96,77,0,0,2013-02-13,RenettaRenula
admin-color-schemer,Admin Color Schemer,1000,2020-10-01,False,True,70,29,0,0,2013-12-24,Helen Hou-Sandi
slider-templates,Slider Templates,1000,2023-01-14,5.4.21,True,20,3,0,0,2020-04-24,Codeless
age-verify,Age Verify,1000,2017-11-28,4.4.34,True,88,24,0,0,2012-11-14,Chase Wiseman
icon-list,Icon List,1000,2017-09-10,4.8.30,True,100,3,0,0,2013-12-30,DesignOrbital
zi-hide-price-and-add-to-cart-for-woocommerce,ZI Hide price and add to cart for WooCommerce,1000,2024-01-16,6.4.10,True,78,10,0,0,2019-10-01,zeninvader
tinywym-editor,tinyWYM Editor,1000,2018-03-12,4.9.31,True,100,6,0,0,2015-08-09,arickards
bg-rutube-embed,Bg RuTube Embed,1000,2023-01-15,6.1.12,True,100,3,0,0,2022-04-21,Vadim Bogaiskov
export-post-info,Export Post Info,1000,2023-09-23,6.3.10,True,100,13,0,0,2017-04-07,apasionados
flexible-faq,Flexible FAQ,1000,2014-09-27,4.0.38,True,88,5,0,0,2014-07-16,Bage
manca-lp-wc-integration,Cool Integration for LearnPress &amp; WooCommerce,1000,2023-09-12,6.3.10,True,100,15,0,0,2020-05-15,Matías Anca
wp-4-me-title-remover,WP 4 Me Title Remover,1000,2021-01-24,5.6.19,True,100,2,0,0,2021-01-24,dpeterson1971
grid-columns,Grid Columns,1000,2017-11-28,3.7.41,True,96,22,0,0,2012-10-03,Justin Tadlock
batch-comment-spam-deletion,Batch Comment Spam Deletion,1000,2017-10-27,4.9.31,True,100,10,0,0,2014-06-02,Syed Balkhi
events-maker,Events Maker by dFactory,1000,2017-01-30,4.7.35,True,94,33,0,0,2013-09-16,dFactory
toolbox-for-asgaros-forum,Toolbox for Asgaros Forum,1000,2024-05-06,6.5.10,True,100,77,0,0,2020-05-28,Dominik Rauch
wp-html-compression,WP-HTML-Compression,1000,2017-11-28,3.5.2,True,68,14,0,0,2009-08-23,Steven Vachon
cf7-custom-spinner,Custom Spinner for Contact Form 7,1000,2024-04-16,6.3.10,True,80,11,0,0,2018-08-20,Peter Raschendorfer
next-page-not-next-post,"Next Page, Not Next Post",1000,2014-09-04,4.0.38,True,100,12,0,0,2009-04-28,Matt McInvale
wn-elementor-glassy,WN Elementor Glassy Columns,1000,2021-02-22,5.6.19,True,100,1,0,0,2021-02-22,Yaidier
popup-notifier-for-contact-form-7,Popup Message Notifier for Contact Form 7,1000,2021-05-24,5.7.17,True,100,5,0,0,2021-03-11,filippobenozzi
abwp-simple-counter,Simple Counter,1000,2024-04-22,6.5.10,True,100,2,0,0,2019-03-25,abwp
simple-wp-retina,Simple WP Retina,1000,2017-11-28,3.4.2,True,80,2,0,0,2012-07-14,Jonathan Desrosiers
cookie-consent-box,GDPR Cookie Consent Notice Box,1000,2023-05-29,6.2.0,True,98,8,0,0,2018-05-19,adriandmitroca
cf7-translate-messages-extension,Contact Form 7 Translate Messages Extension,1000,2019-03-11,5.1.24,True,100,9,0,0,2019-03-06,straint
erropix-hydrogen-paste,Hydrogen Paste,1000,2022-05-17,5.9.16,True,100,3,0,0,2020-04-24,Clean Plugins
require-post-category,Require Post Category,1000,2024-04-05,6.5.10,True,98,11,0,0,2011-02-14,Josh Hartman
disable-yoast-ld-json,Disable Yoast&#039;s Structured Data,1000,2020-01-01,5.2.26,True,100,4,0,0,2017-10-20,Roy Orbitson
subheading,SubHeading,1000,2017-11-28,4.2.39,True,84,11,0,0,2009-10-15,Steve
blimply,Blimply,1000,2013-04-03,3.6.1,True,100,2,0,0,2012-09-22,Rinat
shortcode-with-preview-block,Shortcode Preview Block,1000,2024-08-01,6.6.7,True,74,3,0,0,2020-07-24,Ronak Ganatra
usercentrics-consent-management-platform,USERCENTRICS CMP,1000,2021-08-05,5.8.15,True,0,0,0,0,2020-04-22,webnique
easy-photo-album,Easy Photo Album,1000,2017-11-28,4.5.33,True,94,15,0,0,2013-06-23,TV productions
hangul-font-nanumgothic-google,Hangul font nanumgothic &#8211; google,1000,2014-11-05,4.0.0,True,100,1,0,0,2014-11-05,iamgood
what-template-file-am-i-viewing,What Template File Am I Viewing?,1000,2020-08-06,5.4.21,True,100,8,0,0,2012-03-25,Toby Cryns (@themightymo)
aitasi-coming-soon,Aitasi Coming Soon,1000,2024-01-25,6.4.10,True,92,12,0,0,2015-09-17,Rubel Miah
gf-klaviyo-add-on,Gravity Forms Klaviyo Add-On,1000,2024-09-13,6.6.7,True,0,0,0,0,2018-01-08,Gravity Extra
insert-amazon-images,Insert Amz Images,1000,2021-02-24,5.6.19,True,86,9,0,0,2019-05-21,amzimage
pending-submission-notifications,Pending Submission Notifications,1000,2018-02-21,4.9.31,True,72,12,0,0,2014-05-20,razvanh
admin-toolbar-menus,Admin Toolbar Menus,1000,2024-06-02,6.5.10,True,100,20,0,0,2013-12-26,Benbodhi
mouse-cursor-customizer,Mouse cursor customizer,1000,2020-09-22,5.4.21,True,76,4,0,0,2019-10-15,AlexKole
links-with-icons-widget,Links With Icons Widget,1000,2017-11-28,4.4.34,True,100,7,0,0,2013-09-29,ethanpil
preload-images,Preload Images,1000,2023-02-21,6.1.12,True,92,8,0,0,2019-06-07,Ravikumar Patel
slightly-troublesome-permalink,Slightly troublesome permalink,1000,2021-04-20,5.7.17,True,100,1,0,0,2012-02-09,tmatsuur
image-comparison-block,Image Comparison Block,1000,2021-10-12,5.8.15,True,100,4,0,0,2020-10-21,Achal Jain
category-custom-post-order,Posts Order,1000,2023-01-26,6.1.12,True,92,17,0,0,2014-08-24,Piotr Po
change-login-page-logo,Change Login Page Logo,1000,2024-06-23,6.5.10,True,100,1,0,0,2021-04-28,Subodh Ghulaxe
disable-right-click,Prevent Content Theft [Disable Right Click],1000,2020-02-26,5.3.23,True,70,13,0,0,2013-09-13,Shrinivas
book-review-block,Book Review Block,900,2024-09-08,6.6.7,True,74,6,0,0,2018-01-11,Donna Peplinskie (a11n)
advanced-custom-fields-oembed-field,Advanced Custom Fields: oEmbed Field,900,2014-09-04,4.0.38,True,100,1,0,0,2014-01-16,edwardtownend
custom-css-editor,Custom CSS,900,2017-11-28,4.6.30,True,50,17,0,0,2015-09-01,FRESHFACE
column-ordering-for-elementor,Column Ordering For Elementor,900,2022-09-27,6.0.14,True,100,4,0,0,2020-07-04,Kamal Hosen
user-shortcodes,User Shortcodes,900,2015-04-02,4.1.42,True,100,12,0,0,2013-10-14,HappyPlugins
3b-meteo,3B Meteo,900,2024-01-13,6.4.10,True,60,2,0,0,2010-12-13,Andrea Pernici
smart-archives-reloaded,Smart Archives Reloaded,900,2017-11-28,3.4.2,True,86,15,0,0,2008-08-29,scribu
find-posts-using-attachment,Find Posts Using Attachment,900,2021-06-01,5.8.15,True,88,27,1,0,2014-08-20,Sergey Biryukov
wp-compiler,WP Compiler,900,2018-10-22,5.0.27,True,100,6,0,0,2018-10-21,Bytes.co
admin-custom-font,Admin Custom Font,900,2023-03-30,6.2.11,True,90,13,0,0,2016-08-22,Darko A7
extended-user-search-in-wp-admin,Extended User Search In WP-Admin,900,2022-12-13,6.1.12,True,94,13,0,0,2019-02-18,amit5204
operation-demo-importer,Operation Demo Importer – Demo Importer For WPoperation Themes,900,2024-07-09,6.5.10,True,0,0,0,0,2018-08-30,wpoperations
sensei-post-to-course,Sensei LMS Post to Course Creator,900,2024-01-25,6.4.10,True,0,0,0,0,2020-09-09,Donna Peplinskie (a11n)
woo-products-by-category,List Products By Category Widget for WooCommerce,900,2020-11-08,5.5.20,True,100,5,0,0,2018-09-02,Blaze Concepts
wp-insert-code,WP Insert Code,900,2017-11-28,False,True,100,2,0,0,2015-01-07,AntonHoelstad
sportspress-for-baseball,SportsPress for Baseball,900,2020-08-27,5.5.20,True,90,2,0,0,2016-04-26,ThemeBoy
ajax-hits-counter,AJAX Hits Counter + Popular Posts Widget,900,2021-03-05,5.7.17,True,98,17,0,0,2012-08-20,kutsy
buttons-to-edit-next-previous-post,Buttons to Edit Next/Previous Post,900,2023-11-26,6.4.10,True,82,11,0,0,2019-03-19,Aftab Ali Muni
media-credit,Media Credit,900,2023-04-01,6.2.11,True,88,19,0,0,2010-03-05,pepe
color-and-image-swatches-for-variable-product-attributes,Color and Image Swatches for Variable Product Attributes,900,2020-12-16,5.6.19,True,62,20,0,0,2016-04-29,Phoeniixx
mailster-sendgrid,Mailster SendGrid Integration,900,2024-05-27,6.5.10,True,100,1,0,0,2017-01-13,EverPress
popup-with-fancybox,Popup with fancybox,900,2023-10-29,6.4.10,True,70,11,0,0,2013-08-12,(sähköposti poistettu)
dublin-core-metadata-generator,Dublin Core Metadata Generator,900,2020-05-18,5.4.21,True,100,3,0,0,2017-10-12,Darken-x
cronjob-scheduler,Cronjob Scheduler,900,2020-05-26,5.4.21,True,88,14,0,0,2014-05-16,chrispage1
visual-biography-editor,Visual Editor Biography,900,2012-03-22,3.3.2,True,96,12,0,0,2012-01-19,Kevin Leary
parallax-slider-block,Parallax Slider Block,900,2024-07-29,6.6.7,True,100,1,0,0,2020-08-26,WPDeveloper
disable-administration-email-verification-prompt,Disable Administration Email Verification Prompt,900,2021-04-23,5.7.17,True,100,3,0,0,2019-11-20,Alex Mansfield
image-text-widget,Image &amp; Text Widget,900,2017-11-28,4.2.39,True,80,4,0,0,2014-07-14,dFactory
non-purchasable-woocommerce-products,Non-Purchasable WooCommerce Products,900,2021-06-02,5.7.17,True,98,10,0,0,2018-02-06,GuyPrimavera
wp-disable-site-health,WP Disable Site Health,900,2019-06-13,5.2.26,True,80,3,0,0,2019-06-13,WP Academic
recent-posts-plus,Recent Posts Plus,900,2017-11-28,3.5.2,True,96,14,0,0,2011-08-15,pjgalbraith
log-deprecated-notices,Log Deprecated Notices,900,2021-06-25,5.8.15,True,100,10,0,0,2010-06-27,Andrew Nacin
ambrosite-nextprevious-page-link-plus,Ambrosite Next/Previous Page Link Plus,900,2012-02-18,3.3.2,True,100,7,0,0,2011-08-11,ambrosite
crafty-social-buttons,Crafty Social Buttons,900,2017-11-28,4.7.35,True,94,40,0,0,2013-11-10,Sarah
replace-google-fonts-with-bunny-fonts,Replace Google Fonts with Bunny Fonts,900,2022-12-06,6.1.0,True,86,10,0,0,2022-08-05,Antonio Leutsch
show-user-registration-date,Show User Registration Date,900,2023-02-23,6.1.12,True,76,5,0,0,2019-12-15,Carlos Martínez Romero
post-list-featured-image,Post List Featured Image,900,2016-04-04,4.5.33,True,94,12,0,0,2013-05-17,Johnny
gravity-fieldset-for-gravity-forms,Gravity Fieldset for Gravity Forms,900,2016-12-08,4.7.35,True,60,2,0,0,2016-01-22,HarroH
nice-search,Nice Search,900,2012-09-29,3.5.2,True,100,1,0,0,2008-07-30,Mark Jaquith
pagos-moviles-peru,YAPE A1 Tiendas,900,2021-05-27,5.7.17,True,100,1,0,0,2020-07-24,Carlos Martinez
chartbeat,Chartbeat,900,2020-07-01,4.7.35,True,50,2,0,0,2009-11-20,Chartbeat
podbean-shortcode,Podbean Shortcode,900,2017-06-02,4.7.35,True,84,5,0,0,2017-03-03,podbean
swifty-image-widget,Swifty Image Widget,900,2023-08-09,6.3.10,True,100,12,0,0,2015-08-24,Goran87
no-hentry,Hatom/hentry remover (Fixes errors in Google Webmaster Tools),900,2016-03-06,4.4.34,True,88,54,0,0,2016-03-06,Rasmus Kjellberg
wpvivid-snapshot-database,Database Snapshots &#8211; WPvivid,900,2023-04-11,6.2.11,True,100,2,1,0,2022-08-18,wpvividplugins
yektanet-ecommerce,Yektanet Ecommerce,900,2023-12-19,6.3.0,True,100,1,0,0,2022-02-07,ynproduct
google-image-sitemap-feed-with-multisite-support,APG Google Image Sitemap Feed,900,2022-06-25,6.1.12,True,72,5,0,0,2013-07-15,Art Project Group
z-credit-webcheckout-for-woo,Z-Credit Checkout &#8211; WooCommerce Payment Gateway,900,2023-11-14,6.4.10,True,0,0,0,0,2020-11-10,moranium
yandex-share,Яндекс Поделиться,900,2016-07-29,4.6.30,True,96,8,0,0,2013-11-14,Konstantin Kovshenin
2c2p-redirect-api-for-woocommerce,2C2P Redirect API for WooCommerce,900,2018-06-04,4.8.30,True,40,1,0,0,2017-06-20,2c2p
flowplayer6-video-player,Flowplayer Video Player,900,2022-11-14,6.1.12,True,80,6,0,0,2015-06-13,Noor Alam
advanced-custom-fields-location-field-add-on,Advanced Custom Fields &#8211; Location Field add-on,900,2017-11-28,3.4.2,True,100,2,0,0,2012-07-24,julienbechade
template-list-metabox-by-010pixel,Template List Metabox,900,2018-08-02,4.9.31,True,100,1,0,0,2014-08-25,010pixel
wp-mailgun-smtp,WP Mailgun SMTP,900,2018-08-21,4.9.31,True,20,1,0,0,2016-10-03,inkthemes
mpress-custom-front-page,Custom Front Page,900,2020-12-13,5.6.19,True,88,7,0,0,2012-10-05,Micah Wood
woo-pagseguro-rm,Módulo PagSeguro,900,2024-08-01,6.6.7,True,96,32,0,0,2019-10-06,Ricardo Martins (PagBank Integrações)
wp-jquery-plus,WP jQuery Plus,900,2015-07-31,4.2.39,True,100,9,0,0,2012-05-18,Zach Schnackel
pagebar,Pagebar2,900,2022-07-31,6.0.14,True,74,3,0,0,2007-01-16,Lutz Schröer
stealth-publish,Stealth Publish,900,2016-04-13,4.5.33,True,100,11,0,0,2010-09-09,Scott Reilly
wp-sri,Subresource Integrity (SRI) Manager,900,2020-12-03,5.6.19,True,58,11,0,0,2015-06-05,Meitar
genesis-club-lite,Genesis Club Lite,900,2017-06-18,4.8.30,True,100,20,0,0,2013-07-30,Russell Jamieson
post-type-select-for-advanced-custom-fields,Post Type Select Field for Advanced Custom Fields,900,2017-07-01,4.7.35,True,100,2,0,0,2015-11-12,Glenn Welser
unattach,Unattach,900,2017-11-28,4.2.39,True,98,18,0,0,2011-03-25,tamlyn
404-simple-redirect,404 Simple Redirect,900,2017-11-28,3.4.2,True,100,3,0,0,2012-05-16,JordiPlana
widget-box-lite,Widget Box Lite,900,2023-08-12,6.3.10,True,0,0,0,0,2019-02-26,Romik84
per-page-sidebars,Per Page Sidebars,900,2018-03-14,4.9.31,True,84,10,0,0,2010-08-26,Brian Layman
post-or-page-hide-title,Hide Title,900,2017-05-27,4.7.35,True,60,2,0,0,2017-05-27,Jitendra Banjara
duplicate-tec-event,Duplicate TEC Event,900,2017-06-05,4.8.30,True,84,13,0,0,2012-07-19,Ben Lobaugh (blobaugh)
custom-css-and-js,Custom CSS and JS,900,2010-05-20,2.9.2,True,0,0,0,0,2010-02-05,
add-to-any-subscribe,Subscribe Button by AddToAny,900,2017-11-28,4.7.35,True,100,2,0,0,2007-06-24,micropat
postlinks,PostLinks,900,2010-08-18,3.0.5,True,0,0,0,0,2010-08-16,Khanh
wp-prefix-changer,WP Prefix Changer,900,2019-05-18,5.2.26,True,90,26,0,0,2016-05-24,sousatg
columns-reordering-for-elementor,Columns Reordering For Elementor,900,2022-02-10,5.9.16,True,100,5,0,0,2020-08-20,James Vu
autocomplete-for-relevanssi,Autocomplete For Relevanssi,900,2019-10-24,5.3.23,True,68,5,0,0,2016-10-17,jojaba
http2-server-push,HTTP/2 Server Push,900,2018-03-25,4.9.31,True,84,11,0,0,2015-07-22,Dana Ross
rest-xmlrpc-data-checker,REST XML-RPC Data Checker,900,2022-08-04,6.0.14,True,100,3,0,0,2018-11-11,Enrico Sorcinelli
formsite,"Formsite | Embed online forms to collect orders, registrations, leads, and surve",900,2024-03-20,6.5.10,True,100,1,0,0,2019-10-15,Formsite
sgr-nextpage-titles,Multipage,900,2021-06-16,5.7.17,True,92,22,0,0,2012-06-19,Sergio De Falco
block-guide-lines,Block Guide Lines,900,2022-02-04,5.9.16,True,96,20,0,0,2018-10-17,Marchetti Design
taxonomy-tinymce,Taxonomy TinyMCE,900,2014-12-09,4.0.38,True,96,5,0,0,2012-02-20,jmslbam
prevent-concurrent-logins,Prevent Concurrent Logins,900,2016-08-16,4.6.30,True,100,17,0,0,2014-12-31,Frankie Jarrett
scroll-styler,Scroll Styler,900,2024-04-10,6.5.10,True,100,1,0,0,2018-09-15,jablonczay
elementic,Elementic,900,2023-10-23,5.4.21,True,100,4,0,0,2023-01-26,gabrielcarvalhogama
google-web-fonts-customizer-gwfc,Google Web Fonts Customizer (GWFC),900,2014-07-15,3.9.40,True,92,11,0,0,2014-03-09,Chanif Al-Fath
physical-custom-upload-folder,Physical Custom Upload Folder for Real Media Library,900,2020-03-27,5.4.21,True,82,7,0,0,2017-01-24,Matthias Günter
smart-attachment-page-remove,Smart Attachment Page Remove,900,2024-04-17,6.3.10,True,94,13,0,0,2017-01-03,Peter Raschendorfer
opal-service,Opal Service,900,2023-02-06,5.0.27,True,0,0,0,0,2019-01-18,wpopal
allow-numeric-stubs,Allow Numeric Slugs,900,2015-12-19,4.4.34,True,100,8,0,0,2008-07-26,Automattic
tinymce-visualblocks,TinyMCE VisualBlocks,900,2018-02-02,4.9.31,True,100,6,0,0,2014-09-17,Ryujiro Yamamoto
huzzaz-video-gallery,Video Gallery by Huzzaz,900,2022-11-27,6.1.12,True,88,44,0,0,2013-09-05,deshine
wp-updates-settings,WP Updates Settings,900,2017-12-20,4.9.31,True,88,5,0,0,2014-01-12,Yslo
advanced-custom-fields-limiter-field,Advanced Custom Fields: Limiter Field,900,2014-08-20,3.5.2,True,100,3,0,0,2013-04-13,Atomicsmash
export-to-blogger,Export to Blogger,900,2024-02-24,6.4.10,True,84,6,0,0,2019-10-08,amtbtk
issuu-pdf-sync,Issuu PDF Sync,900,2018-04-09,4.9.31,True,46,9,0,0,2011-07-15,benjaminniess
display-tweets-php,Display Tweets,800,2017-11-28,3.6.1,True,100,14,0,0,2013-04-07,MatthewRuddy
photospace-responsive,Photospace Responsive Gallery,800,2023-09-12,6.3.10,True,94,11,0,0,2013-03-11,THRIVE - Web Design Gold Coast
quick-child-theme-generator,Quick Child Theme Generator,800,2022-12-03,6.1.12,True,100,5,0,0,2020-07-01,Ajay Kumar
yandexmetrika,Yandex.Metrika,800,2013-01-02,3.5.2,True,100,1,0,0,2009-09-02,dmitry_black
support-me,Support Me,800,2024-02-01,6.4.10,True,100,5,0,0,2016-07-27,TrustedLogin
countdown-timer,Countdown Timer,800,2019-01-24,5.1.24,True,94,10,0,0,2006-04-06,fergbrain
post-type-requirements-checklist,Requirements Checklist,800,2015-04-22,4.2.39,True,96,12,0,0,2015-01-24,dauidus
delay-redirects,Delay Redirects,800,2020-01-14,5.3.23,True,86,3,0,0,2020-01-14,jagdish1o1
search-shortcode,Search shortcode,800,2015-12-03,4.4.34,True,100,6,0,0,2013-02-14,Mark-k
popular-posts-plugin,Popular Posts,800,2017-11-28,2.6.2,True,100,1,0,0,2008-09-09,RobMarsh
wpml-shortcodes,WPML Shortcodes,800,2016-03-05,4.4.34,True,100,5,0,0,2014-08-12,Mirco Babini
open-links-in-new-tab,Open Links In New Tab,800,2024-04-07,6.5.10,True,86,6,0,0,2021-05-26,Reza Khan
custom-posts-per-page,Custom Posts Per Page,800,2014-12-11,4.1.42,True,96,12,0,0,2011-10-07,Jeremy Felt
wp-geo,WP Geo,800,2020-04-16,5.4.21,True,96,17,0,0,2008-04-28,Ben Huson
custom-post-type-sticky,Custom Post Type Sticky,800,2020-09-01,5.5.20,True,96,4,0,0,2017-08-05,Abhay
links-shortcode,Links shortcode,800,2019-11-10,5.2.26,True,90,12,0,0,2010-11-17,Maarten
auto-post-expiration,Auto Post Expiration,800,2024-05-17,6.5.10,True,60,4,0,0,2021-02-22,ViitorCloud Technologies Pvt Ltd
remove-image-links,Remove Image Links,800,2016-01-01,4.4.34,True,94,13,0,0,2012-09-04,Luke Mlsna
wpc-insert-code,Insert Code by Angie Makes,800,2017-05-10,4.7.35,True,100,2,0,0,2014-05-17,Chris Baldelomar
wc-payoneer-payment-gateway,Payment Gateway Payoneer For WooCommerce,800,2022-10-29,6.0.14,True,90,2,0,0,2020-06-19,ThemeBing
button-chat-zalo-report-sw,Contact Zalo Report SW,800,2022-12-31,6.1.12,True,100,1,0,0,2022-12-31,sonwebtl
sv-provenexpert,SV Proven Expert,800,2024-07-18,6.5.10,True,76,5,0,0,2017-04-06,straightvisions GmbH
slider-revolution-search-replace,Slider Revolution Search Replace,800,2023-08-06,6.2.11,True,100,7,0,0,2020-05-07,Dhaval Kasavala
easy-flash-embed,Easy Flash Embed,800,2017-11-28,2.9.2,True,80,4,0,0,2010-02-25,Vincent Boiardt
connect-sendgrid-for-emails,Connect SendGrid for Emails,800,2024-08-07,6.6.7,True,100,2,0,0,2021-08-11,WP Zone
first-order-coupon-manager-for-woocommerce,First Order Coupon Manager for WooCommerce,800,2024-03-26,6.5.10,True,100,5,0,0,2022-01-26,Ashraful Sarkar Naiem
wp-core-update-cleaner,WP Core Update Cleaner,800,2024-03-19,6.5.10,True,90,4,0,0,2014-12-22,Upperdog
yampi-checkout,Yampi Checkout,800,2024-06-10,6.5.10,True,50,4,0,0,2020-03-27,lucascolette
ms-custom-login,MS Custom Login,800,2017-07-03,4.8.30,True,96,8,0,0,2014-10-30,Mizue Imai (Mignon Style)
easy-yandex-metrica,Easy Yandex Metrica,800,2024-04-22,6.5.10,True,74,3,0,0,2020-01-14,abwp
simple-sticky-header-on-scroll,Simple Sticky Header on Scroll,800,2022-08-04,6.0.14,True,86,6,0,0,2017-06-27,BonfireThemes
echelon-so,Echelon Widgets for SiteOrigin,800,2021-02-04,5.6.19,True,100,2,0,0,2018-09-20,echelonso
robots-txt-quick-editor,Robots.txt Quick Editor,800,2023-10-28,6.3.10,True,100,2,1,0,2021-12-30,davide.airaghi
gm-block-bots,GM Block Bots,800,2017-11-28,4.7.35,True,88,16,0,0,2015-03-22,mickmel
cache-external-scripts,Cache External Scripts,800,2019-05-11,5.2.26,True,100,25,0,0,2015-11-24,Voorsie
delete-unscaled-images,Delete Unscaled Images,800,2024-04-15,6.5.10,True,100,5,0,0,2022-11-01,swinggraphics
user-avatar-reloaded,User Avatar &#8211; Reloaded,800,2023-09-14,6.3.10,True,100,2,0,0,2021-05-28,Saad Iqbal
change-permalink-helper,Change Permalink Helper,800,2020-04-24,5.4.21,True,94,33,0,0,2010-06-11,Syde GmbH (formerly Inpsyde)
rv-embed-pdf,RV Embed PDF,800,2015-09-25,4.3.34,True,72,9,0,0,2011-10-24,premek.v
wp-theme-changelogs,WP Theme Changelogs,800,2020-04-01,5.4.21,True,100,3,0,0,2016-08-02,ThemeZee
hardcore-google-fonts-localizer,Hardcore Google Fonts Localizer,800,2021-10-07,5.8.15,True,90,4,0,0,2018-10-15,loremipsumgraz
device-mockups,Device Mockups,800,2017-09-18,4.8.30,True,100,8,0,0,2014-05-16,Justin Peacock
oik-weightcountry-shipping,Weight/Country Shipping for WooCommerce,800,2023-10-21,6.4.10,True,94,19,0,0,2014-03-29,bobbingwide
rest-api-custom-fields,REST API Custom Fields,800,2020-08-14,5.5.20,True,90,8,0,0,2019-07-19,Make
google-video-sitemap-feed-with-multisite-support,APG Google Video Sitemap Feed,800,2023-02-15,6.2.11,True,56,9,0,0,2013-07-15,Art Project Group
wp-minify-fix,WP Minify Fix,800,2017-11-28,4.3.34,True,80,40,0,0,2014-04-07,NodeCode
acf-sidebar-selector-field,ACF: Sidebar Selector,800,2015-04-22,4.2.39,True,86,7,0,0,2014-02-16,danielpataki
block-comment-spam-bots,Block Comment Spam Bots,800,2024-04-10,6.5.10,True,100,4,0,0,2019-12-20,Rick Hellewell
oc-studio-integration,AI for Home Services,800,2024-05-06,6.4.10,True,100,3,0,0,2022-11-02,XAPP AI
acf-archive,Advanced Custom Fields: Archive Templates,800,2020-05-25,5.4.21,True,100,2,0,0,2018-10-25,Imark Image
wen-responsive-columns,WEN Responsive Columns,800,2024-03-17,6.5.10,True,74,9,0,0,2015-02-27,WEN Themes
va-simple-expires,VA Simple Expires,800,2016-12-18,4.5.33,True,88,7,0,0,2014-04-21,kuck1u
wp-dobby,Dobby,800,2021-03-16,5.7.17,True,98,10,0,0,2017-07-30,Thorsten Frommen
custom-dashboard-help,Custom Dashboard Help Widget,800,2014-02-24,3.8.41,True,96,6,0,0,2010-05-12,Jo Landers
wp-router,WP Router,800,2012-08-06,3.4.2,True,74,3,0,0,2011-05-23,Jonathan Brinley
edd-auto-register,EDD Auto Register,800,2024-04-22,6.2.11,True,100,11,0,0,2013-10-24,Syed Balkhi
mailster-google-analytics,Mailster Google Analytics,800,2024-05-27,6.5.10,True,100,1,0,0,2017-01-13,EverPress
atp-call-now,ATP Call Now,800,2020-03-11,5.3.23,True,20,1,0,0,2018-10-03,Truong Thanh
acf-yandex-maps-field,ACF: Yandex Maps Field,800,2023-01-23,6.1.12,True,100,3,0,0,2022-12-12,Unreal Themes
datawrapper-oembed,Datawrapper oEmbed,800,2024-08-06,6.6.7,True,0,0,0,0,2020-06-09,Datawrapper
shortcode-empty-paragraph-fix,Shortcode Empty Paragraph Fix,800,2016-01-22,4.8.30,True,96,20,0,0,2011-07-10,Johann Heyne
woo-customize,Customizer for WooCommerce,800,2021-10-18,5.8.15,True,0,0,0,0,2019-12-05,Ceylon Themes
freshdesk-support,Freshdesk (official),800,2024-07-01,6.4.10,True,50,8,0,0,2014-03-07,Freshworks
agreeable,Agreeable,800,2016-04-04,4.2.39,True,78,27,0,0,2014-01-28,buildcreate
quick-edit-yoastseo,Quick Edit Yoast SEO,800,2018-04-24,4.9.31,True,80,4,0,0,2018-04-24,programfault
woocommerce-new-product-badge,WooCommerce New Product Badge,800,2017-11-28,4.0.38,True,86,12,0,0,2013-05-06,James Koster
wp-shinystat,ShinyStat Widget,800,2015-08-27,4.3.34,True,0,0,0,0,2008-12-27,lupo
inactive-user-deleter,Inactive User Deleter,800,2024-06-15,6.5.10,True,84,20,0,0,2010-01-20,shra
contact-form-7-get-and-show-parameter-from-url,Contact Form 7 Get and Show Parameter from URL,800,2015-03-02,4.1.42,True,100,7,0,0,2013-12-22,Chad Huntley
contact-form-7-get-and-show-parameter-from-url,Contact Form 7 Get and Show Parameter from URL,800,2015-03-02,4.1.42,True,100,7,0,0,2013-12-22,Chad Huntley
lh-agree-to-terms,LH Agree to Terms,800,2018-06-08,4.9.31,True,100,4,0,0,2016-05-03,shawfactor
wp-revisions-limit,WP Revisions Limit,800,2016-11-01,4.6.30,True,100,2,0,0,2015-03-20,Roger Rodrigo
clean-my-archives,Clean My Archives,800,2017-09-30,4.8.30,True,100,12,0,0,2010-09-21,Justin Tadlock
featured-post,Featured Post,800,2017-11-28,4.0.38,True,92,14,0,0,2010-06-23,Sovit Tamrakar
modernizr,Modernizr for WordPress,800,2019-05-04,5.2.26,True,68,5,0,0,2011-04-22,Ramoonus
acf-accordion,Advanced Custom Fields: Accordion Tab Field,800,2016-04-17,4.5.33,True,96,5,0,0,2015-04-06,bogdand
rt-slider,RT Slider,800,2017-11-28,4.7.35,True,0,0,0,0,2016-06-26,Rohit Tripathi
taxonomy-filter,Taxonomy Filter,800,2024-04-27,6.5.10,True,88,14,0,0,2014-11-12,Andrea Landonio
wp-revision-master,WP Revision Master,800,2017-03-14,4.7.35,True,100,8,0,0,2017-03-02,Hasan Shahriar
gravityformsapprovals,Gravity Forms Approvals Add-On,800,2024-02-15,5.6.19,True,90,8,0,0,2015-05-20,Rocketgenius
gravity-pre-submission-confirmation,Gravity Pre-submission Confirmation,800,2023-10-08,6.3.10,True,94,6,0,0,2016-04-07,Swapnil V. Patil
storefront-add-slider,Storefront Add Slider,800,2017-09-27,4.4.34,True,20,2,0,0,2016-06-09,Atlantis Themes
disable-admin-bar,Disable Admin Bar,800,2011-12-13,3.2.9,True,100,3,0,0,2010-11-07,Ozh
faq-schema-for-elementor,FAQ Schema for Elementor,800,2020-12-16,5.5.20,True,100,6,1,0,2020-02-07,Jason Hsu
mailster-gravity-forms,Mailster Gravity Forms,800,2024-05-27,6.5.10,True,86,4,0,0,2017-01-13,EverPress
clone-woo-orders-free-by-wp-masters,Clone Woo Orders &#8211; Free by WP Masters,800,2023-03-28,6.2.11,True,68,16,0,0,2021-07-13,WP Masters
disable-block-editor,Disable Block Editor,800,2019-02-24,5.1.24,True,100,7,0,0,2018-12-06,Milan Dinić
thin-out-revisions,Thin Out Revisions,800,2015-05-06,4.2.39,True,94,15,0,0,2012-10-01,blogger323
force-email-login,Force Email Login,800,2017-01-28,4.7.35,True,86,9,0,0,2013-04-21,Takayuki Miyauchi
wp-fail2ban-addon-contact-form-7,WP fail2ban Add-on for Contact Form 7,800,2024-09-12,6.6.7,True,0,0,0,0,2019-04-18,invisnet
htaccess-site-access-control,.htaccess Site Access Control,800,2016-05-11,4.4.34,True,80,3,0,0,2016-01-29,Miina Sikk
expandcollapse-funk,Expand + Collapse Funk,800,2014-10-14,3.9.40,True,92,16,0,0,2013-11-24,Evan Herman
veeqo-for-woocommerce,Veeqo for WooCommerce,800,2021-09-15,5.7.17,True,98,9,0,0,2015-11-06,teamveeqo
wp-sanitize-accented-uploads,WP Sanitize Accented Uploads,800,2016-04-20,4.5.33,True,100,2,0,0,2016-04-05,Onni Hakala
wp-deferred-javascripts,WP Deferred JavaScripts,800,2016-09-01,4.6.30,True,64,35,0,0,2013-01-27,Willy Bahuaud
application-passwords-enable,Application Passwords Enable,800,2022-07-28,False,True,0,0,0,0,2021-08-25,banmaerp
advanced-custom-fields-recaptcha-field,Advanced Custom Fields: reCAPTCHA Field,800,2019-01-12,4.9.31,True,84,12,0,0,2015-07-09,Irvin Lim
zotya-htaccess-protect,htaccess protect,800,2022-01-23,5.9.16,True,74,6,0,0,2020-05-29,zoltanlaczko
bp-disable-activation-reloaded,BP Disable Activation Reloaded,800,2014-08-14,3.9.40,True,100,19,0,0,2013-08-23,Damian
wp-thumb,WPThumb,800,2014-04-01,3.7.41,True,100,3,0,0,2011-11-11,Joe Hoyle
posts-columns-manager,Posts Columns Manager,800,2023-06-26,6.2.11,True,100,13,0,0,2021-02-20,Serhiy Zakharchenko
organic-widget-area-block,Organic Widget Area Block,800,2021-05-25,5.7.17,True,74,6,0,0,2019-03-18,Organic Themes
wp-counter,WP Counter,800,2023-05-17,6.2.11,True,80,2,0,0,2015-09-08,Harun
pushover-for-woocommerce,Pushover Integration for WooCommerce,800,2024-09-12,6.6.7,True,88,14,0,0,2013-01-25,Shop Plugins
wp-social-preview,WP Social Preview,800,2022-11-19,6.1.12,True,70,2,0,0,2020-02-25,Iain Poulson
dehkadeh-fonts,Dehkadeh Fonts,800,2021-07-08,5.8.0,True,100,3,0,0,2018-02-06,dehkadeh wp
facebook-shop-by-storeyacom,Social Shop for WooCommerce,800,2021-07-11,5.8.15,True,68,26,0,0,2013-07-23,storeya
wp-resized-image-quality,WP Resized Image Quality,800,2017-11-28,3.9.40,True,88,7,0,0,2013-02-23,Mike Bijon
bulk-actions-select-all,Bulk Actions Select All,800,2017-06-02,4.8.30,True,92,30,0,0,2014-06-19,Jesper van Engelen
yandex-pinger,Яндекс.ПДС Пингер / Yandex Site search pinger,800,2013-12-17,3.7.41,True,74,3,0,0,2012-07-12,sitesearch-yandex
mighty-pros-cons,Mighty Pros &amp; Cons,800,2023-10-01,6.3.10,True,80,5,0,0,2019-05-15,MightyThemes
append-extensions-on-pages,Append extensions on Pages,800,2017-09-09,4.8.30,True,100,7,0,0,2014-06-23,Suresh Kumar Mukhiya
carousel,Carousel Ultimate,800,2018-01-03,4.9.31,True,34,10,0,0,2015-03-14,Themepoints
easy-wp-page-navigation,Easy WP Page Navigation,800,2016-04-07,4.5.33,True,96,10,0,0,2015-03-26,PenciDesign
schema-default-image,Schema Default Image,800,2023-11-21,6.4.10,True,100,5,0,0,2016-10-19,Hesham Zebida
pe-easy-slider,PE Easy Slider,800,2021-09-02,5.8.15,True,100,3,0,0,2015-08-14,DJ-Extensions.com
mass-delete-unused-tags,Mass Delete Unused Tags,800,2023-03-16,6.1.12,True,100,6,0,0,2011-06-13,ramon fincken
recent-posts-flexslider,Recent Posts FlexSlider,800,2021-07-11,5.8.0,True,92,18,0,0,2013-04-01,david wolfpaw
live-simple-clock,Live Simple Clock,800,2020-04-28,5.4.21,True,96,4,0,0,2018-03-12,tkjarmel
comment-validation,Comment Validation,800,2010-04-25,2.9.2,True,100,1,0,0,2008-11-15,joern.zaefferer
media-vault,Media Vault,800,2014-02-18,3.7.41,True,88,27,0,0,2013-10-18,Max GJ Panas
spots,Spots,800,2022-09-29,6.0.14,True,100,10,0,0,2011-09-28,interconnectit
buddypress-edit-activity,BuddyPress Edit Activity,800,2020-04-23,5.4.21,True,92,17,0,0,2015-01-14,Syed Balkhi
advanced-custom-fields-google-map-extended,ACF: Google Map Extended,800,2015-12-18,4.4.34,True,66,6,0,0,2015-11-12,CodeFish
popup-for-contact-form-7,Popup for Contact Form 7,800,2018-03-28,4.9.31,True,74,6,0,0,2015-12-07,aiyaz Khorajia
rps-image-gallery,RPS Image Gallery,800,2022-06-10,6.0.14,True,80,14,0,0,2012-02-15,redpixelstudios
amazon-product-in-a-post-plugin,Amazon Product in a Post Plugin,800,2021-02-22,5.6.19,True,84,54,0,0,2009-09-17,flowdee
wompi-el-salvador,Payment Integration Wompi &#8211; El Salvador,800,2022-10-11,False,True,0,0,0,0,2020-07-31,wompisv
pro-categories-widget,Pro Categories Widget,800,2019-03-26,5.1.24,True,96,11,0,0,2013-11-16,Shambhu Patnaik
custom-background-extended,Custom Background Extended,800,2013-09-27,3.7.41,True,100,10,0,0,2013-09-27,Justin Tadlock
logo-switcher,Logo Switcher,800,2020-06-25,5.4.21,True,100,1,0,0,2016-08-01,Leander Iversen
last-updated-shortcode,Last Updated Shortcode,800,2016-01-01,4.4.34,True,100,10,0,0,2012-04-13,Luke Mlsna
vazir-font,Vazir Font,800,2022-05-15,6.0.14,True,0,0,0,0,2022-04-29,sadeghpm
easyreservations,easyReservations,800,2021-11-28,5.7.17,True,74,62,0,0,2011-08-11,feryaz
wp-advanced-pdf,WP Advanced PDF,800,2022-06-15,6.0.14,True,54,18,0,0,2016-04-02,cedcommerce
german-slugs,German Slugs,700,2022-01-17,4.0.38,True,100,5,0,0,2010-08-28,texttheater
really-disable-emojis,Really Disable Emojis,700,2023-09-11,6.3.10,True,98,8,0,0,2018-11-22,Christian Leuenberg
lenix-scss-compiler,Lenix scss compiler,700,2022-05-21,5.9.16,True,100,3,0,0,2017-08-31,yonifre
wp-widget-clipboard,WP Widget Clipboard &#8211; Duplicate widgets intuitively,700,2019-11-28,5.3.23,True,100,5,0,0,2018-09-28,owlwpplugins
pwd-wp-favicon,PWD WP Favicon,700,2023-08-24,6.3.10,True,100,5,0,0,2015-01-28,Plateforme WP Digital
hide-prices,Hide Prices for WooCommerce,700,2024-09-06,6.6.7,True,100,2,0,0,2024-09-06,WP Geeks
material-design,Material Design for WordPress,700,2022-12-12,6.0.14,True,82,8,0,0,2021-02-11,XWP
samesite,SameSite Cookies,700,2023-07-23,6.3.10,True,50,11,0,0,2019-05-02,Ayesh Karunaratne
organic-custom-content,Organic Custom Content,700,2018-11-29,5.0.27,True,0,0,0,0,2018-01-24,Organic Themes
mailchimp-for-formcraft,MailChimp Add-On for FormCraft,700,2020-03-06,5.3.23,True,0,0,0,0,2015-06-03,Formcrafts
simplemodal-login,SimpleModal Login,700,2017-11-28,4.0.38,True,80,33,0,0,2009-12-17,Eric
nirweb-support,Nirweb support,700,2023-12-05,6.4.10,True,84,12,0,0,2021-05-11,NirWp Team
acf-contact-form-7,Advanced Custom Fields Contact Form 7,700,2019-10-12,5.3.23,True,60,4,0,0,2018-05-28,imbeetle
query-posts,Query Posts,700,2017-11-28,3.0.5,True,60,4,0,0,2009-03-15,Justin Tadlock
theme-toolkit,Theme Toolkit,700,2018-03-26,4.9.31,True,0,0,0,0,2017-10-30,ProDesigns
post-editor-buttons-fork,Post Editor Buttons Fork,700,2016-10-01,4.6.30,True,98,11,0,0,2011-05-23,Kailey (trepmal)
bulk-add-terms,Bulk Add Terms,700,2018-05-18,4.9.31,True,78,17,0,0,2015-05-27,Sohan Zaman
10to8-online-booking,Sign In Scheduling Online Appointment Booking System,700,2024-04-04,6.3.10,True,100,3,0,0,2016-02-08,Sign In Scheduling (formerly 10to8)
category-archive-widget,Category Archive Widget,700,2023-06-14,6.2.11,True,100,5,0,0,2019-12-18,Kaz Kadalashvili
library,Library,700,2015-12-31,4.4.34,True,100,1,0,0,2014-03-06,Patrick Daly
yext,Yext Plugin,700,2023-03-06,6.0.14,True,66,4,0,0,2013-11-01,Yext
jj-nextgen-jquery-slider,JJ NextGen JQuery Slider,700,2017-11-28,3.2.1,True,86,4,0,0,2011-01-24,jjcoder
creative-commons,Creative Commons,700,2022-09-09,6.0.14,True,100,1,0,0,2019-09-03,Timid Robot
batcache,Batcache,700,2020-03-28,5.3.23,True,90,2,0,0,2008-06-20,Automattic
more-types,More Types,700,2011-09-03,3.1.4,True,100,2,0,0,2010-04-09,henrikmelin
wpazure-kit,Wpazure Kit,700,2023-05-01,6.2.11,True,0,0,0,0,2019-08-21,Wpazure Themes
convertkit-gravity-forms,Gravity Forms ConvertKit Add-On,700,2024-04-03,6.5.10,True,66,3,0,0,2015-09-10,Kit
admin-menu-groups,Admin Menu Groups,700,2021-07-05,5.7.17,True,98,18,0,0,2019-07-12,chaimchaikin
snap-pixel-for-woocommerce,Snapchat Pixel for WooCommerce,700,2021-06-08,5.5.20,True,68,5,0,0,2020-10-23,Snapchat Inc.
plugin-security-scanner,Plugin Security Scanner,700,2019-08-19,5.2.26,True,98,7,0,0,2015-04-13,Glen Scott
gutenbye,Gutenbye,700,2018-12-07,5.0.27,True,0,0,0,0,2018-12-07,Chris Lanphear
wp-strip-image-metadata,WP Strip Image Metadata,700,2022-06-12,6.0.14,True,100,3,0,0,2022-06-12,Sami Falah
remove-howdy,Remove Howdy,700,2018-12-09,5.0.27,True,100,4,0,0,2014-01-04,Revault Media
autopost-to-mastodon,Mastodon Autopost,700,2023-05-07,6.1.12,True,84,21,0,0,2017-06-09,Simon Frey
photo-galleria,Photo Galleria,700,2012-11-01,3.2.1,True,76,4,0,0,2008-06-08,Thad Allender
posts-viewed-recently,Posts Viewed Recently,700,2020-12-10,5.6.19,True,96,10,0,0,2014-04-29,Amit Sonkhiya
page-transition,Page Transition,700,2014-09-15,4.0.38,True,90,33,0,0,2014-07-10,numixtech
user-role-for-flamingo,User Role for Flamingo,700,2023-11-26,6.4.10,True,60,2,0,0,2022-11-18,Yannick Zipf
retina-2x,Retina @2x,700,2017-05-13,4.8.30,True,100,6,0,0,2016-06-01,Wouter Postma
pagemeta,Page Meta,700,2013-03-19,3.5.2,True,66,3,0,0,2009-10-14,Steve
storefront-blog-excerpt,Storefront Blog Excerpts,700,2024-03-19,6.4.10,True,100,13,0,0,2015-03-04,wooassist
debug-bar-rewrite-rules,Debug Bar Rewrite Rules,700,2024-07-06,6.5.10,True,100,5,0,0,2016-09-06,Oleg Butuzov
add-url-slugs-as-body-classes,Add URL Slugs as Body Classes,700,2015-05-15,4.2.39,True,96,5,0,0,2012-02-25,Aaron T. Grogg
advanced-categories-widget,Advanced Categories Widget,700,2016-08-11,4.5.33,True,100,8,0,0,2016-05-02,darrinb
monster-widget,Monster Widget,700,2017-11-10,4.9.31,True,100,8,0,0,2012-05-15,Automattic
booster-for-wpforms,Booster for WPForms,700,2024-04-03,6.5.10,True,20,1,0,0,2019-05-16,wpmonks
show-user-id,Show User ID,700,2023-02-23,6.1.12,True,100,3,0,0,2019-12-17,Carlos Martínez Romero
dadata-ru,«Подсказки» от DaData.ru,700,2023-03-30,6.2.11,True,100,3,0,0,2022-08-25,Shamil Shafeev
optinly,"Optinly &#8211; Exit Intent, Newsletter Popups, Gamification &amp; Opt-in Forms",700,2024-07-16,6.4.10,True,86,16,0,0,2020-06-23,optinlyhq
metric-converter,Metric Converter,700,2021-03-10,5.7.17,True,0,0,0,0,2019-01-05,axeleus
codebulls-top-bar,Top-Bar CodeBulls,700,2022-07-16,6.0.14,True,100,7,0,0,2019-11-15,Jose Miguel Vega
wp-ie-buster,WP IE Buster,700,2022-10-11,6.0.14,True,100,9,0,0,2018-09-22,qrac
testimonial-add,Testimonial Slider &#8211; Free Testimonials Slider Plugin,700,2023-04-24,6.2.11,True,82,27,0,0,2015-04-14,PluginOps
product-image-hover-effects-wooc-wpshare247,Product Image Hover Effects WOOC &#8211; WPSHARE247,700,2023-05-02,6.2.11,True,100,1,0,0,2021-01-02,Website366.com
ultimate-custom-cursor,Ultimate Custom Cursor,700,2023-02-24,6.1.12,True,84,5,0,0,2020-06-09,DynamicLayers
indent-lists-button,Indent Lists Button,700,2022-08-10,6.0.14,True,86,6,0,0,2016-02-27,Methodos
auto-subpage-menu,Auto Subpage Menu,700,2020-08-04,5.4.21,True,86,12,0,0,2015-08-27,jojoee
woo-product-slider-block,Product Slider Block for WooCommerce,700,2020-05-28,5.2.26,True,0,0,0,0,2019-06-23,eedee
fix-duplicates,Fix Duplicates,700,2017-11-28,4.6.30,True,86,12,0,0,2014-03-05,Stephen Cronin
responsive-sidebar,Responsive Sidebar,700,2021-01-16,5.6.19,True,100,14,0,0,2019-02-14,Processby
editor-blocks,Editor Blocks for Gutenberg,700,2020-08-12,5.5.20,True,100,2,0,0,2018-08-12,Editor Blocks
wp-utf8-excerpt,WP-UTF8-Excerpt,700,2021-11-30,5.8.15,True,100,2,0,0,2009-01-13,BettyJJ
link-view,Link View,700,2020-11-29,5.6.19,True,94,11,0,0,2012-02-27,mibuthu
wp-katex,WP-KaTeX,700,2019-08-14,5.2.26,True,92,11,0,0,2014-10-19,ascom
eazy-xmlrpc-pingback-disable,Eazy XMLRPC Pingback Disable,700,2018-01-02,4.9.31,True,100,4,0,0,2015-05-16,Rob Scott
elementor-caldera-forms,Caldera Forms styler for Elementor Page Builder,700,2017-12-03,4.9.31,True,100,2,0,0,2017-12-03,WPDeveloper
append-link-on-copy,Append Link on Copy,700,2015-01-15,4.8.30,True,74,11,0,0,2013-01-25,JonathanMH
responsive-videos-fitvids,Responsive videos &#8211; Fitvids,700,2020-11-09,5.5.20,True,100,11,0,0,2015-12-17,Sibin Grasic
century-toolkit,Century ToolKit,700,2021-01-14,5.6.19,True,0,0,0,0,2019-03-08,Theme Century
popup-block,Popup Block,700,2021-11-10,5.8.15,True,80,4,0,0,2020-08-31,Andrei Baicus
wp-bloginfo-shortcode,Bloginfo Shortcode,700,2013-09-25,3.6.1,True,100,1,0,0,2013-09-25,ethanpil
bloginfo-shortcode,Bloginfo Shortcode,700,2010-09-07,3.0.5,True,0,0,0,0,2010-06-23,w3prodigy
wp-disable-updates,WP Disables Updates,700,2022-11-06,6.1.12,True,100,3,0,0,2016-10-23,vinvin27
trackingmore-woocommerce-tracking,TrackingMore Order Tracking for WooCommerce (Free plan available),700,2024-01-02,6.3.10,True,80,2,0,0,2017-09-02,TrackingMore
reject-urls-and-emails-in-textarea,Reject Urls And Emails In Textarea For (Gravity Forms),700,2016-01-27,4.4.34,True,100,1,0,0,2016-01-23,InternalError503
wp-night-mode,WP Night Mode,700,2020-11-09,5.5.20,True,90,23,0,0,2018-06-18,markoarula
timeline-express-no-icons-add-on,Timeline Express &#8211; No Icons Add-On,700,2023-03-22,6.2.11,True,0,0,0,0,2016-12-23,Evan Herman
lodgify-booking-engine,Booking Engine by Lodgify,700,2024-08-15,6.5.10,True,80,4,0,0,2024-07-08,canizbul
crudlab-disable-comments,CRUDLab Disable Comments,700,2016-12-08,4.7.35,True,90,2,0,0,2016-01-26,CRUDLab
map-categories-to-pages,Map Categories to Pages,700,2012-07-04,3.4.2,True,100,3,0,0,2010-02-15,Amit Verma
cookie-warning,Cookie Warning,700,2013-08-09,3.6.1,True,100,5,0,0,2012-05-08,Dourou
send-email-from-admin,Send Email From Admin,700,2023-03-21,6.2.11,True,92,18,0,0,2015-10-29,kojak711
wp-referrer-spam-blacklist,WP referrer spam blacklist (fight 2040+ Referrer Spammers in (Google/Matomo) Ana,700,2020-12-27,5.6.19,True,86,3,0,0,2015-07-09,Umbrovskis.com
wp-notes-widget,WP Notes Widget,700,2023-01-14,6.1.12,True,92,12,0,0,2014-11-02,Steve Puddick
genesis-visual-hook-guide,Genesis Visual Hook Guide,700,2017-11-28,4.7.35,True,94,30,0,0,2011-11-06,Christopher Cochran
cart-link-for-woocommerce,Custom Cart Link for WooCommerce,700,2023-11-02,6.4.10,True,100,11,1,0,2021-12-30,Sebastian Pisula
post-reading-times,Post reading times,700,2023-04-03,6.2.11,True,100,3,0,0,2022-03-09,Dmitry Litvinov
continue-shopping-anywhere-for-woocommerce,Continue Shopping Anywhere for WooCommerce,700,2022-09-04,6.0.14,True,100,5,0,0,2019-09-18,ivanchernyakov
wp-system-info,WP System Information,700,2022-10-03,6.1.12,True,80,4,0,0,2017-02-15,Nurul Amin
google-webfont-optimizer,Google Webfont Optimizer,700,2017-11-28,4.2.39,True,74,15,0,0,2014-11-13,sigurdurg
charts-for-tablepress-chartist,TablePress Extension: Chartist,700,2022-04-21,5.9.16,True,100,5,0,0,2017-01-20,silsha
simple-meta-tags,Simple Meta Tags,700,2021-05-14,5.7.17,True,0,0,0,0,2011-04-06,DaganLev
easy-font-resize,Easy Font Resize,700,2023-06-27,6.2.11,True,100,11,0,0,2021-06-19,ziher4
advanced-export-for-wp-wpmu,Advanced Export for WP &amp; WPMU,700,2015-08-10,4.8.30,True,74,3,0,0,2009-06-28,Ron Rennick
recipe-block,Recipe Block,700,2021-08-22,5.8.15,True,0,0,0,0,2020-09-10,Kelly Choyce-Dwan
permalinks-moved-permanently,Permalinks Moved Permanently,700,2017-11-28,2.6,True,0,0,0,0,2007-08-17,microkid
mb-imagechimp-rss-feed-enhancer,MB ImageChimp RSS Feed Enhancer,700,2013-12-04,3.7.41,True,100,7,0,0,2013-12-03,MB MB
google-calendar-widget,Google Calendar Widget,700,2017-11-28,4.0.38,True,80,8,0,0,2009-11-16,Poco
export-custom-pages,Export Custom Pages,700,2024-08-09,6.6.7,True,76,9,0,0,2019-12-10,Mohammad I. Okfie
search-by-id,Search by ID,700,2018-12-20,5.0.27,True,100,18,0,0,2012-09-25,Uffe Fey
unfoldwp-import-companion,UnfoldWP Import Companion,700,2024-07-10,6.5.10,True,0,0,0,0,2022-04-18,unfoldwp
clp-custom-login-page,CLP &#8211; Custom Login Page by NiteoThemes,700,2022-03-19,5.9.16,True,100,4,0,0,2020-09-09,NiteoThemes
push7,Push7,700,2021-03-24,4.4.34,True,60,2,0,0,2016-01-23,gnexltd
acf-flexible-content-modal,ACF Flexible Content Modal,700,2019-02-11,5.0.27,True,100,7,0,0,2016-05-25,Edir Pedro
backup-restore-divi-theme-options,Backup/Restore Divi Theme Options,700,2016-04-25,4.5.33,True,100,7,0,0,2015-11-27,DiviSpace
remove-open-sans-font-from-wp-core,Remove  Google Fonts,700,2017-04-04,4.7.35,True,100,7,0,0,2014-02-13,suifengtec
add-html-extension-to-pages,Add .html Extension to Pages,700,2024-06-23,6.5.10,True,100,1,0,0,2021-03-31,Subodh Ghulaxe
waves,Waves Block,700,2022-05-25,6.0.14,True,86,3,0,0,2020-05-21,Automattic
disable-user-registration-notification-emails,Disable User Registration Notification Emails,700,2024-08-12,6.6.7,True,60,4,0,0,2016-09-26,WP Zone
gravity-forms-multiple-form-instances,Gravity Forms: Multiple Form Instances,700,2024-07-09,4.5.33,True,96,24,0,0,2014-12-16,Marin Atanasov
custom-meta,Custom Meta,700,2009-01-22,2.7,True,100,1,0,0,2009-01-22,delete me please
insert-giphy-block,Insert Giphy Block,700,2020-03-19,5.3.23,True,0,0,0,0,2020-03-19,Michael
the-simplest-favicon,The Simplest Favicon,700,2016-05-14,4.5.33,True,74,6,0,0,2012-07-23,epipe-com
better-user-search,Better User Search,700,2016-02-03,4.4.34,True,100,15,0,0,2015-02-18,dale3h
collage-for-divi,Divi Collage,700,2022-04-09,5.9.16,True,100,2,0,0,2019-05-05,Munir Kamal
contact-form-db-for-enfold,Contact Form DB for Enfold,700,2019-11-21,5.2.26,True,100,2,0,0,2018-12-07,doit
async-js-and-css,Async JS and CSS,700,2017-11-28,3.7.41,True,84,51,0,0,2013-08-25,dmikam
cf7-signature,Signature Field For Contact Form 7 &#8211; CF7Sign,700,2023-07-03,6.2.11,True,66,3,0,0,2022-01-05,wpdebuglog
wp-term-colors,WP Term Colors,700,2016-01-07,4.4.34,True,84,5,0,0,2015-08-24,John James Jacoby
woobuilder,WooBuilder,700,2022-01-24,5.9.0,True,74,3,0,0,2016-12-28,pootlepress
bp-auto-group-join,BP Auto Group Join,700,2020-10-22,5.5.20,True,90,6,0,0,2015-11-16,Syed Balkhi
wpmagplus-companion,WPMagPlus Companion,700,2021-08-11,5.8.15,True,0,0,0,0,2020-08-28,WPMagPlus
podigee,Podigee WordPress Quick Publish – now with Gutenberg support!,700,2024-02-15,6.3.10,True,70,2,0,0,2018-11-09,podigee
popular-widget,Popular Widget,700,2017-11-28,4.6.0,True,90,14,0,0,2011-02-27,Hax
simply-disable-password-reset,Simply Disable Password Reset,700,2024-07-31,6.6.7,True,0,0,0,0,2022-02-06,Boopathi Rajan
widget-icon,Widget Icon,700,2013-12-09,3.7.41,True,98,13,0,0,2013-04-12,dFactory
update-notifier,Update Notifier,700,2010-09-20,3.0.5,True,0,0,0,0,2009-09-10,Jon Cave
gourl-bitcoin-payment-gateway-paid-downloads-membership,GoUrl Bitcoin Payment Gateway &amp; Paid Downloads &amp; Membership,700,2024-04-13,6.6.7,True,80,76,0,0,2014-12-24,gourl
noindex-attachment-pages,Noindex Attachment Pages,700,2013-12-30,3.7.41,True,100,1,0,0,2013-12-30,jruizcantero
aspexi-facebook-like-box-sidebox,Aspexi Social Media Sidebox,700,2022-06-09,6.0.14,True,88,7,0,0,2014-08-04,Aspexi
design,Gutenberg Blocks Templates &#8211; 50+ Free Gutenberg Block Designs,700,2019-06-07,5.1.24,True,80,7,0,0,2018-12-21,wpdesignhub
backtop,LB Back To Top,700,2014-01-04,3.7.41,True,60,1,0,0,2010-04-07,Leo Baiano
video-blogster-lite,Video Blogster Lite,700,2023-05-15,6.2.11,True,100,5,0,0,2014-11-18,johnh10
smtp,SMTP,700,2017-11-28,3.3.2,True,50,4,0,0,2011-06-28,soso
email-as-username-for-wp-members,Email as Username for WP-Members,700,2014-12-04,4.0.38,True,100,8,0,0,2014-05-06,Stevish
slider-path,Slider Path for Elementor,700,2023-01-23,6.1.12,True,100,1,0,0,2022-12-14,Rashid
wpshopify,ShopWP,700,2024-04-02,6.5.0,True,80,65,0,0,2018-05-13,Andrew
wp-awesome-faq,Master Accordion ( Former WP Awesome FAQ Plugin ),700,2023-08-21,5.9.16,True,58,29,0,0,2013-06-23,Liton Arefin
google-photos-embed,Google Photos embed,700,2017-09-08,4.8.30,True,74,9,0,0,2015-11-06,enomoto celtislab
really-simple-gallery-widget,Really Simple Gallery Widget,700,2017-08-09,4.8.30,True,98,10,0,0,2011-01-27,Helen Hou-Sandi
templatic-singletemplate,Custom Post Template By Templatic,700,2018-10-27,5.0.27,True,74,3,0,0,2016-06-02,templatic1
tt-sidebar-login-widget,Sidebar Login Widget,700,2014-09-08,4.0.38,True,96,17,0,0,2013-11-21,Rashed Latif
wp-revisions-manager,WP Revisions Manager,700,2020-09-11,5.4.21,True,74,3,0,0,2019-04-01,P Roy
replain,Replain,700,2020-11-02,5.5.20,True,94,12,0,0,2018-02-09,replainchat
karma-by-kadar,Karma Music Player by Kadar,700,2018-10-20,5.0.27,True,94,40,0,0,2017-07-10,Kadar Claudiu
wp-image-makers-easy-hotspot-solution,WP Image Markers &#8211; Easy Hotspot Solution,600,2018-03-08,4.9.31,True,56,5,0,0,2018-02-07,wedesignwebuild
cf7-cleverreach-integration,CleverReach Integration for Contact Form 7,600,2022-08-29,6.0.14,True,100,9,0,0,2018-08-31,pixelarbeit
tinymce-table,TinyMCE Table,600,2014-07-17,3.9.40,True,100,2,0,0,2014-07-16,Gary PEGEOT
themekit,ThemeKit For WordPress,600,2011-04-05,3.1.4,True,0,0,0,0,2011-04-01,Josh Lyford
lh-multipart-email,LH Multipart Email,600,2022-07-30,6.0.14,True,100,5,1,1,2017-05-01,shawfactor
portfolios,Portfolios,600,2019-01-20,5.0.27,True,100,2,0,0,2013-08-01,Jason
set-all-first-images-as-featured,Set All First Images As Featured,600,2014-06-29,3.9.40,True,92,22,0,0,2014-06-25,Lucy Tomas
todays-date-inserter,Today&#039;s Date Inserter,600,2014-08-19,3.9.40,True,86,6,0,0,2014-04-29,mulscully
wp-change-custom-post-slug,WP Change Custom Posts Slugs,600,2020-10-16,5.5.20,True,92,11,0,0,2016-03-28,ThemeHeap
customizable-post-listings,Customizable Post Listings,600,2016-11-21,False,True,0,0,0,0,2004-12-21,Scott Reilly
simple-visitor-counter-widget,Simple Visitor Counter,600,2017-02-09,4.7.35,True,90,6,0,0,2017-02-09,plugindeveloper112
recent-posts-with-excerpts,Recent Posts with Excerpts,600,2016-06-30,4.8.30,True,100,5,0,0,2009-07-25,Stephanie Leary
dsgvo-de,"DSGVO/GDPR Cookies, DSE, Impressum &amp; Google Fonts Proxy",600,2018-06-18,4.9.31,True,100,1,0,0,2018-06-08,Marcus Ripkens
simple-sticky-footer,Simple Sticky Footer,600,2016-12-10,4.7.35,True,78,10,0,0,2013-04-11,Sandor Kovacs
post-draft-preview,Post Draft Preview,600,2024-02-21,6.4.10,True,66,4,0,0,2022-03-04,WP Served
corona-virus-covid-19-banner,Simple Website Banner,600,2024-05-09,6.4.10,True,100,8,0,0,2020-03-18,Nick Tomkin
woo-sofortuberweisung-gateway,Sofortueberweisung Gateway for Woocommerce,600,2020-10-25,5.5.20,True,100,7,0,0,2018-06-04,mlfactory
user-session-control,User Session Control,600,2016-12-23,4.7.35,True,94,7,0,0,2015-01-02,Frankie Jarrett
404-notifier,404 Notifier,600,2022-06-24,6.0.14,True,60,2,0,0,2006-10-18,Crowd Favorite
wp-mail,WP Mail,600,2016-10-06,4.6.30,True,100,1,0,0,2016-07-22,mndpsingh287
background-per-page,Background Per Page,600,2012-05-20,3.3.2,True,86,8,0,0,2012-04-19,Andy Charrington
permalink-trailing-slash-fixer,Permalink Trailing Slash Fixer,600,2012-11-01,3.4.2,True,94,3,0,0,2009-05-06,Mehdi Kabab
zi-hide-featured-image,ZI Hide Featured Image,600,2023-01-04,6.1.12,True,60,6,0,0,2020-12-10,zeninvader
creative-clans-embed-script,Creative Clans Embed Script,600,2015-04-22,4.1.42,True,100,3,0,0,2010-05-20,tonnaer
event-organiser-csv,Event Organiser CSV,600,2015-05-25,4.2.39,True,76,5,0,0,2014-01-06,Stephen Harris
nomad-world-map,Nomad World Map,600,2016-08-30,4.6.30,True,94,50,0,0,2013-08-19,worldnomadmap
customize-submit-button-for-gravity-forms,Customize Submit Button for Gravity Forms,600,2015-12-24,4.4.34,True,74,3,0,0,2015-11-12,Ollie Murphy
wider-gravity-forms-stop-entries,Wider Gravity Forms Stop Entries,600,2017-08-01,4.8.30,True,100,2,0,0,2017-08-01,wearewider
stonehenge-em-osm,Events Manager &#8211; OpenStreetMaps,600,2022-03-16,6.0.14,True,96,25,0,0,2018-12-06,Stonehenge Creations
bulk-comments-management,Bulk Comments Management,600,2017-11-28,3.5.2,True,94,13,0,0,2013-07-08,Yakup Hoca
stream-video-player,Stream Video Player,600,2017-11-28,4.1.42,True,52,20,0,0,2009-07-14,rodrigopolo
validated,Validated,600,2019-12-04,5.3.23,True,80,5,0,0,2008-12-22,Allan Collins
basic-seo-pack,Basic SEO Pack,600,2017-11-28,3.5.2,True,100,3,0,0,2012-12-22,auastyle
marquee-image-crawler,Marquee image crawler,600,2022-12-01,6.1.12,True,80,1,0,0,2020-12-25,gopiplus
webp-express-plus,WebP Express Plus,600,2022-11-24,6.1.12,True,100,1,0,0,2021-05-23,WP01
news-manager,News Manager,600,2016-06-16,4.5.33,True,78,9,0,0,2013-10-12,dFactory
templatic-categoryicons,Easy Category Icons,600,2018-10-27,5.0.27,True,52,10,0,0,2016-06-02,templatic1
gravity-forms-auto-placeholders,Gravity Forms Auto Placeholders,600,2014-10-22,4.0.38,True,60,5,0,0,2012-04-25,Josh Davis
faq-concertina,FAQ Concertina,600,2022-01-28,5.9.16,True,94,22,0,0,2015-12-11,Michael Burridge
constructor-for-siteorigin,Constructor for SiteOrigin,600,2017-11-25,4.7.35,True,100,1,0,0,2017-02-06,mimo
slug-or-postid,Slug or PostID,600,2013-02-06,3.4.2,True,60,1,0,0,2013-02-06,unimakura
stop-pinging-yourself-for-wordpress,Stop Pinging Yourself,600,2016-04-06,4.7.35,True,100,1,1,0,2012-05-24,PadLabs
gravity-forms-data-persistence-add-on-reloaded,Gravity Forms Data Persistence Add-On Reloaded,600,2016-02-14,4.2.39,True,98,18,0,0,2014-07-12,unclhos
wp-login-timeout-settings,WP Login Timeout Settings,600,2017-12-20,4.9.31,True,70,8,0,0,2014-07-09,Yslo
gf-divi,Divi Styling Add-On for Gravity Forms,600,2016-04-29,4.5.33,True,78,7,0,0,2016-04-28,DiviSpace
surbma-divi-remove-project-cpt,Surbma | Divi Remove Project CPT &amp; Taxonomies,600,2024-06-23,6.5.10,True,100,2,0,0,2015-05-21,Surbma
postname-permalink-auto-redirect,Postname Permalink Auto Redirect,600,2017-05-10,4.7.35,True,92,16,0,0,2015-10-15,fabioneves
post-views-stats-counter,Post Views Stats Counter,600,2023-04-12,6.2.11,True,80,4,0,0,2019-04-26,Kazuki Yanamoto
terms-of-service-and-privacy-policy,Terms of Service &amp; Privacy Policy Generator,600,2017-11-28,4.3.34,True,0,0,0,0,2015-12-01,Wishloop
wc-responsive-video,Responsive Videos by Angie Makes,600,2017-05-10,4.5.33,True,92,10,0,0,2014-01-18,Chris Baldelomar
font-size,Font Size,600,2020-01-15,5.3.23,True,100,2,0,0,2016-08-30,seosbg
lazysizes,lazysizes,600,2020-08-13,5.5.20,True,100,6,0,0,2017-11-02,Patrick Sletvold
wp-flexslider,WP Flexslider,600,2019-05-06,5.1.24,True,84,5,0,0,2016-09-17,mnmlthms
wp-fail2ban-addon-gravity-forms,WP fail2ban Add-on for Gravity Forms,600,2024-09-12,6.6.7,True,0,0,0,0,2019-04-11,invisnet
responsive-mobile-friendly-tooltip,Responsive Mobile-Friendly Tooltip,600,2017-12-18,4.3.34,True,88,17,1,0,2013-04-18,ItayXD
wp-post-meta-revisions,WP-Post-Meta-Revisions,600,2023-07-17,6.2.11,True,84,5,0,0,2014-12-04,Adam Silverstein
the-excerpt-re-reloaded,The Excerpt re-reloaded,600,2016-11-21,False,True,0,0,0,0,2008-12-21,lucabiagini
advanced-category-excluder,Advanced Category Excluder,600,2013-09-18,3.6.1,True,66,16,0,0,2007-07-24,DjZoNe
traffic-counter-widget,Plugin Name: Traffic Counter Widget Plugin,600,2017-11-28,3.2.1,True,0,0,0,0,2011-07-28,aviaxis
ufhealth-require-image-alt-tags,UF Health Require Image Alt Tags,600,2018-07-20,4.9.31,True,0,0,0,0,2017-10-27,ufhealth
webcomic,Webcomic,600,2022-05-11,5.9.16,True,80,13,0,0,2008-12-05,Mike
aino-accordion-faq-block,AinoBlocks Accordion Faq Block,600,2022-08-01,6.0.14,True,100,1,0,0,2021-09-26,Ellen Bauer
productsize-chart-for-woocommerce,Product Size Chart for Woocommerce,600,2024-04-14,6.4.10,True,84,27,0,0,2015-09-28,knaldi2020
gf-upload-to-email-attachment,GF Upload to Email Attachment,600,2020-03-11,5.3.23,True,98,11,0,0,2014-07-03,WP CMS Ninja
bb-toolbox,Toolbox for Beaver Builder,600,2024-02-15,6.4.10,True,100,8,0,0,2018-04-19,Krielkip
super-cpt,SuperCPT,600,2013-08-10,3.6.1,True,100,14,0,0,2013-02-10,Matthew Boynes
vc-design-template-library,Visual Composer Templates Library,600,2017-07-04,4.8.0,True,100,1,0,0,2017-07-04,sophierepo
jetpack-lite,Jetpack Lite,600,2018-06-19,4.9.31,True,50,15,0,0,2011-08-28,Samuel Aguilera
gabfire-widget-pack,Gabfire Widget Pack,600,2021-02-15,5.6.19,True,88,13,0,0,2013-05-01,Gabfire
notix-web-push-notifications,Notix &#8211; Web Push Notifications,600,2023-12-11,6.2.0,True,92,14,0,0,2021-06-17,notix
intelliwidget-per-page-featured-posts-and-menus,IntelliWidget Per Page Custom Menus and Dynamic Content,600,2020-02-10,5.2.26,True,94,20,0,0,2013-04-22,lilaeamedia
acf-flexible-content-extended,Flexible Content Extended for Advanced Custom Fields,600,2022-08-24,6.0.14,True,100,4,0,0,2019-08-26,Jameel Moses
rdfa-breadcrumb,RDFa Breadcrumb,600,2016-01-12,4.4.34,True,82,7,0,0,2011-12-20,Nitin Yawalkar
rave-payment-forms,Flutterwave Payments,600,2023-09-13,6.3.10,True,70,2,0,0,2018-04-23,flutterwave
disable-responsive-images,Disable Responsive Images,600,2019-07-19,5.2.26,True,100,16,0,0,2015-12-13,Joe Fusco
gravity-forms-stripe,Gravity Forms + Stripe,600,2020-11-19,5.5.20,True,72,54,0,0,2012-04-04,Naomi C. Bush
category-featured-images,Category Featured Images,600,2015-01-29,4.1.42,True,90,11,0,0,2014-04-25,Mat
hotlink-file-prevention,Hotlink File Prevention,600,2024-04-15,6.5.10,True,98,7,0,0,2014-08-25,swinggraphics
custom-image-sizes-by-99-robots,Custom Image Sizes by 99 Robots,600,2023-11-01,6.3.10,True,74,3,0,0,2015-11-02,DraftPress Team
slimbox,Slimbox,600,2016-10-17,4.6.30,True,100,1,0,0,2009-05-02,Kevin Sylvestre
page-management-dropdown,Page Management Dropdown,600,2015-01-15,4.1.42,True,100,1,0,0,2008-08-12,jaschaephraim
wp-farsi,WP-Farsi,600,2016-05-09,4.5.33,True,74,7,0,0,2015-03-03,Ali.Dbg
replace-protected-password,Replace Protected Password,600,2022-11-18,6.1.12,True,0,0,0,0,2016-10-24,Ko Takagi
wp-attachment-export,WP Attachment Export,600,2017-11-28,4.3.34,True,92,19,0,0,2012-07-24,Pete
ample-themes-demo-importer,Ample Themes Demo Importer,600,2021-07-03,5.5.20,True,0,0,0,0,2019-12-24,amplethemes
preserved-html-editor-markup,Preserved HTML Editor Markup,600,2017-11-28,3.4.2,True,100,42,0,0,2011-10-28,MarcusPope
wp-post-series,WP Post Series,600,2020-10-19,5.6.19,True,94,9,0,0,2013-12-30,Mike Jolley
scrolling-anchors,Easy Smooth Scroll Links,600,2017-04-26,4.5.33,True,100,2,0,0,2017-04-26,andrewmatt
bbpress-enable-tinymce-visual-tab,bbPress Enable TinyMCE Visual Tab,600,2014-01-05,3.5.2,True,94,14,0,0,2013-04-30,Jared Atchison
doordash-storefront,Storefront Online Ordering by DoorDash,600,2023-08-25,6.3.10,True,20,3,0,0,2021-04-30,doordashstorefront
ucalc,uCalc,600,2023-08-25,6.3.10,True,66,9,0,0,2017-05-10,uCoz
happierleads,Happierleads &#8211; Identify your B2B website visitors even if they work remote,600,2023-11-14,6.3.0,True,0,0,0,0,2021-01-29,happierleads
uptime-robot-monitor,Uptime Robot Plugin for WordPress,600,2023-02-16,6.1.12,True,82,10,0,0,2014-08-15,Aphotrax
php-info-wp,PHP Info,600,2020-12-04,5.5.20,True,90,2,0,0,2017-12-06,Bimal Poudel
smartslider,Smartslider,600,2008-08-14,2.6,True,100,2,0,0,2008-08-09,Ralf Hortt
otfm-gutenberg-spoiler,OtFm Gutenberg Spoiler &#8211; (or FAQ) collapse block,600,2023-01-15,6.1.12,True,100,5,0,0,2018-09-12,Vova Druzhaev
most-popular-categories,Most Popular Categories,600,2011-04-07,3.1.4,True,0,0,0,0,2010-11-27,blueinstyle
acf-enhanced-message-field,ACF Enhanced Message Field,600,2016-04-30,4.5.0,True,100,7,0,0,2014-10-20,Dreb Bitanghol
chap-secure-login,Chap Secure Password Login,600,2020-06-07,5.4.21,True,62,8,0,0,2007-08-28,Enrico Rossomando
vcaching,Varnish/Nginx Proxy Caching,600,2019-10-21,5.2.26,True,100,10,0,0,2015-11-25,Razvan Stanga
ecomail-elementor-form-integration,Integrate Ecomail and Elementor Forms,600,2024-07-01,6.5.10,True,100,2,0,0,2023-06-07,Adam Kotala
advanced-disable-parent-menu-link,Advanced Disable Parent Menu Link,600,2013-01-24,3.5.2,True,100,6,0,0,2013-01-24,Kapil Chugh
colormeshop,ColorMeShop WordPress Plugin,600,2024-08-22,6.4.10,True,0,0,0,0,2018-06-20,colormeshop
full-site-builder-for-elementor,StylePress for Elementor,600,2018-10-06,4.9.31,True,84,15,0,0,2017-03-06,dtbaker
tawkto-manager,Tawk.To Manager,600,2020-04-09,5.4.21,True,100,4,0,0,2016-03-15,omnileads
simple-footnotes,Simple Footnotes,600,2014-11-19,4.1.42,True,94,15,0,0,2010-07-10,Andrew Nacin
wp-facebook-pixel,remarketable,600,2019-08-20,5.2.26,True,96,19,0,0,2015-12-10,jacobmhulse
lazy-load-xt,Lazy Load XT,600,2016-02-22,4.4.34,True,96,27,0,0,2015-02-13,dbhynds
http-authentication,HTTP Authentication,600,2024-04-24,6.5.10,True,100,1,0,0,2005-03-10,Daniel Westermann-Clark
buddypress-notifications-widget,BuddyPress Notification Widget,600,2023-08-07,6.3.10,True,100,6,0,0,2013-11-22,BuddyDev
wpdevdesign-oxygen-essentials,WPDevDesign &#8211; Oxygen &#8211; Essentials,600,2020-02-14,5.2.26,True,86,3,0,0,2019-10-30,Sridhar Katakam
easy-html-sitemap,Easy HTML Sitemap,600,2020-02-25,5.3.23,True,74,7,0,0,2019-02-04,a.ankit
pb-star-rating-block,Star Rating Block for Block Editor,600,2023-11-19,6.4.10,True,0,0,0,0,2021-06-09,Mahbub Hasan Imon
better-404-redirect-to-homepage,Better 404 Redirect To Homepage,600,2022-12-24,6.1.12,True,100,2,0,0,2018-06-25,Anh Tran
widget-manager-light,Widget Manager Light,600,2022-03-03,5.9.16,True,76,11,0,0,2012-08-27,OTWthemes
comment-email-reply,Comment Email Reply,600,2015-04-06,4.1.42,True,90,15,0,0,2013-10-31,kilozwo
portfolio-toolkit,Portfolio Toolkit,600,2020-03-31,5.4.21,True,100,1,0,0,2015-06-13,Dmitry Mayorov
weight-based-pricing-for-woocommerce,Weight Based Pricing for WooCommerce,600,2024-09-06,6.6.7,True,86,7,0,0,2021-08-19,ThemeParrot
da-tinymce-restore,TinyMCE Recover,600,2019-06-15,4.9.31,True,0,0,0,0,2016-12-10,Daniele Alessandra
magazine-columns,Magazine Columns,600,2015-08-18,4.3.34,True,60,5,0,0,2009-03-29,bandicootmarketing
tinymce-smiley-button,TinyMCE Smiley Button,600,2020-09-07,5.5.20,True,100,1,0,0,2015-05-09,Cople
lh-hsts,LH HSTS,600,2020-07-12,5.4.21,True,78,7,0,0,2016-03-02,shawfactor
bicycles-by-falbar,Bicycles by falbar,600,2018-01-04,4.9.31,True,100,5,0,0,2016-06-29,Anton Kuliashou
disable-gravity-forms-fields,Disable Gravity Forms Fields,600,2018-12-09,5.0.27,True,100,11,0,0,2014-05-25,Ren Ventura
wc-change-currency-symbol,Change Currency Symbol for WooCommerce,600,2021-02-13,5.6.19,True,100,2,0,0,2021-02-13,harshanas
user-last-login,User Last Login,600,2017-02-27,4.7.35,True,100,9,0,0,2015-03-09,raj_prince
blockly,Blockly &#8211; Gutenberg Blocks,600,2023-10-05,6.1.12,True,0,0,0,0,2021-10-05,ThemeIM
ninja-forms-recaptcha-field,reCAPTCHA for Ninja Forms,600,2023-11-08,6.4.10,True,90,8,0,0,2015-03-20,Aman
remove-comment-websiteurl-box,Remove Comment Website/URL Box,600,2016-04-13,4.5.33,True,100,7,0,0,2014-05-28,Mark Hodder
responsify-wp,Responsify WP,600,2018-06-07,4.9.31,True,100,18,0,0,2014-07-29,stefanledin
dadevarzan-beaver-builder-modules,Dadevarzan Beaver Builder Modules,600,2022-09-20,6.0.14,True,0,0,0,0,2019-01-15,Dadevarzan
integration-with-bitrix24,Bitrix24,600,2017-04-04,4.7.35,True,60,6,0,0,2017-02-10,bitrix24
redirect-page,wpSUBpages Redirect,600,2024-01-19,6.4.10,True,100,2,0,0,2011-07-07,codus
ssl-certificate-manager,SSL Certificate Manager,600,2021-10-09,5.8.15,True,100,1,0,0,2021-10-09,shenliqing
text-expander,Text Expander,600,2015-06-21,4.2.39,True,100,2,0,0,2010-10-05,hedge
customize-snapshots,Customize Snapshots,600,2017-11-16,4.9.31,True,100,3,0,0,2015-11-09,Weston Ruter
smart-app-banner,Smart App Banner,600,2024-03-23,6.4.10,True,94,3,0,0,2012-06-24,stephend
sportspress-for-cricket,SportsPress for Cricket,600,2020-08-27,5.5.20,True,90,2,0,0,2015-09-23,ThemeBoy
wpd-bb-additions,WPD Beaver Builder Additions,600,2018-07-16,4.9.31,True,100,10,0,0,2017-01-15,smarterdigitalltd
edd-hide-download,EDD Hide Download,600,2022-11-09,6.1.12,True,100,7,0,0,2013-07-28,Andrew Munro / AffiliateWP
post-password-plugin,Post Password Token,600,2023-07-06,6.2.11,True,98,7,0,0,2009-09-08,Shawn Parker
multiple-packages-for-woocommerce,Multiple Packages for WooCommerce,600,2024-07-06,6.6.7,True,94,26,0,0,2014-03-18,Bolder Elements
blog-time,Blog Time,600,2021-07-29,5.8.15,True,72,8,0,0,2009-07-06,Scott Reilly
snapwidget-wp-instagram-widget,SnapWidget Social Photo Feed Widget,600,2021-02-25,5.6.19,True,60,2,0,0,2018-07-26,snapwidget
ams-post-and-page-duplicator,AMS Post And Page Duplicator,600,2022-01-23,5.9.16,True,0,0,0,0,2016-09-14,Manoj
clean-wp-admin-menu,Clean WP Admin Menu,600,2016-06-21,4.5.33,True,98,17,0,0,2016-01-08,borantula
traffic-stats-widget,Plugin Name: Traffic Stats Widget Plugin,600,2017-11-28,4.0.38,True,88,7,0,0,2013-02-12,helenthomaswp
gui-for-lcp,GUI for List Category Posts,600,2023-03-16,6.1.12,True,60,2,0,0,2018-10-05,zymeth25
verify-domain-for-apple-pay-with-stripe,Verify domain for Apple Pay with Stripe,600,2023-01-17,6.1.12,True,100,1,0,0,2016-09-27,memberful
vast-demo-import,Vast Demo Import,600,2019-05-22,5.2.26,True,0,0,0,0,2019-01-14,Detheme
restaurantpress,RestaurantPress,600,2020-05-27,5.4.21,True,90,8,0,0,2015-11-04,wpeverest
ultimate-landing-page,Landing Page Builder &#8211; Free Landing Page Templates,600,2023-08-17,6.3.10,True,82,107,0,0,2014-08-12,PluginOps
wp-copy-content-protection,WP Copy Content Protection,600,2023-07-05,6.2.11,True,100,6,0,0,2019-02-05,Atul Bansal
emoji-autocomplete-gutenberg,Emoji Autocomplete Gutenberg,600,2020-03-19,5.4.0,True,72,5,0,0,2019-06-26,eedee
easy-sticky-buttons,Easy Sticky Buttons,600,2023-02-20,6.1.12,True,100,5,0,0,2021-05-07,Buğra Özdur
acf-to-custom-database-tables,ACF to Custom Database Tables,600,2024-07-28,6.6.7,True,92,8,1,0,2021-12-15,Abhishek
code-block-for-elementor,Code Block Syntax Highlighter for Elementor,600,2023-09-14,6.3.10,True,100,8,0,0,2021-02-06,netninja2202
block-pattern-builder,Block Pattern Builder,600,2020-08-14,5.5.20,True,98,13,0,0,2020-04-03,Justin Tadlock
search-widget-post-types-for-elementor,Search Widget Post Types for Elementor,600,2022-01-23,5.8.15,True,100,3,0,0,2020-11-11,tarosnow
better-menu-widget,Better Menu Widget,600,2019-02-09,4.9.31,True,84,5,0,0,2013-03-07,Tracey Holinka
video-tab-for-woocommerce,Video Tab For WooCommerce,600,2018-04-28,4.9.31,True,0,0,0,0,2018-04-28,ProDesigns
dashboard-wordcount,Dashboard Wordcount,600,2016-10-11,4.6.30,True,100,4,0,0,2014-05-30,ricardjorg
tinymce-advanced-language-pack,TinyMCE Advanced Language Pack,600,2013-10-24,3.7.41,True,0,0,0,0,2013-10-23,Andrew Ozz
quadmenu-astra,QuadMenu &#8211; Astra Mega Menu,600,2021-03-15,5.7.0,True,100,1,0,0,2018-03-22,QuadMenu
collapsible-categories-in-the-dashboard,Collapsible Categories in the Dashboard,600,2019-08-15,5.2.26,True,100,9,0,0,2017-11-19,newvibe
callbell-chat-widget,Social Chat Widget (⚡ by Callbell),600,2023-01-26,6.1.12,True,74,3,0,0,2019-05-19,callbell
redirect-by-custom-field,Redirect by Custom Field,600,2013-11-22,3.7.41,True,96,5,0,0,2011-01-10,mitcho (Michael Yoshitaka Erlewine)
staffer,Staffer,600,2017-10-01,4.8.30,True,86,11,0,0,2014-09-17,Edward R. Jenkins
maje-media-remove-admin-bar,Remove/Hide Admin Toolbar,600,2022-07-07,6.0.14,True,98,10,0,0,2015-09-02,Purrly Digital
pinterest-verify-meta-tag,Pinterest Verify Meta Tag,600,2014-04-27,3.9.40,True,84,5,0,0,2013-03-16,Marvie Pons
acf-role-selector-field,ACF: User Role Selector,600,2015-04-27,4.2.39,True,100,3,0,0,2014-02-02,danielpataki
wpfomo,WPFomo,600,2019-08-28,5.1.24,True,100,3,0,0,2017-10-27,WPDeveloper
ocultar-anadir-al-carrito,Ocultar &quot;Añadir al Carrito&quot;,600,2015-11-17,4.3.34,True,100,1,0,0,2015-11-17,MikelDeLuis
metatag,MetaTag,600,2020-06-28,5.4.21,True,100,3,0,0,2013-03-08,Babar
multiple-sidebars,Multiple Sidebars,600,2014-04-08,3.5.2,True,88,8,0,0,2012-03-03,Andrico
mailster-live,Mailster Live,600,2024-05-27,6.5.10,True,60,1,0,0,2017-01-13,EverPress
default-media-uploader-view,Default Media Uploader View,500,2019-05-16,5.2.26,True,96,13,0,0,2014-07-19,leemon
simple-post-views-count,Simple Post Views Count,500,2022-02-14,5.3.23,True,80,4,0,0,2015-10-13,ttodua
privilege-widget,Privilege Widget,500,2019-02-18,5.0.27,True,0,0,0,0,2014-05-01,FuzzGuard
run-sql-query,Run SQL Query,500,2016-08-01,4.5.33,True,100,1,0,0,2016-08-01,Fabricio Carella
woo-save-and-share-cart,Save and Share Cart for WooCommerce,500,2024-04-11,6.5.10,True,76,9,0,0,2018-11-13,Ankit Gade
yoo-slider,Yoo Slider &#8211; Image Slider &amp; Video Slider,500,2024-04-01,6.4.10,True,86,33,0,0,2019-08-09,YOO SLIDER TEAM
rename-default-post,Rename default post Labels,500,2020-11-24,5.6.19,True,100,5,0,0,2015-07-27,AboZain Albanna
ozh-better-feed,Ozh&#039; Better Feed,500,2010-09-18,9.9,False,100,2,0,0,2007-09-28,Ozh
cvw-social-share,Simpliest Social Share,500,2024-04-09,6.4.10,True,80,4,0,0,2018-09-10,covalenciawebs
paydunya-woocommerce-payment-gateway,PAYDUNYA WOOCOMMERCE PAR,500,2020-12-18,5.5.20,True,0,0,0,0,2015-10-29,PAYDUNYA
taxonomy-converter,Taxonomy Converter,500,2019-07-26,5.2.26,True,84,11,0,0,2013-11-07,kristarella
agile-crm-lead-management,Agile CRM,500,2018-11-19,4.9.31,True,52,5,0,0,2016-12-14,Agile CRM
allow-cyrillic-usernames,Allow Cyrillic Usernames,500,2021-03-24,5.7.17,True,100,7,0,0,2011-03-17,Sergey Biryukov
mobile-menu-builder,Mobile Menu Builder for WordPress,500,2018-11-29,5.0.27,True,98,15,0,0,2018-11-23,Jeffrey Carandang
loop-post-navigation-links,Loop Post Navigation Links,500,2020-08-27,5.5.20,True,100,12,0,0,2009-07-23,Scott Reilly
soundcloud-master,TechGasp Sound Master,500,2021-03-11,5.7.17,True,56,20,0,0,2013-05-22,TechGasp
enhanced-ajax-add-to-cart-for-woocommerce,Enhanced AJAX Add to Cart for WooCommerce,500,2024-05-28,6.5.10,True,100,11,0,0,2018-06-26,The Rite Sites
debug-bar-timber,Timber Debug Bar,500,2021-09-23,5.8.15,True,0,0,0,0,2013-10-26,jarednova
post-ratings,Post Ratings,500,2017-11-28,4.5.33,True,90,23,0,0,2011-11-22,digitalnature
archive-posts-sort-customize,Archive Posts Sort Customize,500,2015-09-24,4.3.34,True,98,14,0,0,2013-04-12,gqevu6bsiz
advanced-custom-fields-widget-relationship-field-add-on,Advanced Custom Fields &#8211; Widget Relationship Field add-on,500,2014-01-02,3.6.0,True,100,2,0,0,2013-01-18,djbokka
bwp-recent-comments,Better WordPress Recent Comments,500,2017-11-28,3.7.41,True,90,15,0,0,2011-04-08,Khang Minh
add-campo-rut-cf7,Campo RUT para CF7,500,2022-04-05,5.9.0,True,80,4,0,0,2020-03-09,delfo084
php-browser-detection,PHP Browser Detection,500,2015-09-08,4.3.34,True,82,16,0,0,2010-01-29,"Mindshare Labs, Inc."
bot-block-stop-spam-google-analytics-referrals,Bot Block &#8211; Stop Spam Referrals in Google Analytics,500,2016-02-24,4.4.34,True,84,17,0,0,2015-07-27,Ricky Dawn
russian-date-by-axelnsk,Russian Date by Axelnsk,500,2015-02-05,4.0.38,True,100,4,0,0,2015-02-05,Axelnsk
unlimited-background-slider,Unlimited Background Slider,500,2019-10-15,5.2.26,True,80,11,0,0,2016-10-12,aThemeArt Translations
gourl-woocommerce-bitcoin-altcoin-payment-gateway-addon,GoUrl WooCommerce &#8211; Bitcoin Altcoin Payment Gateway Addon,500,2023-10-27,6.4.10,True,76,38,0,0,2015-01-05,gourl
whitelist-ip-for-limit-login-attempts,Whitelist IP For Limit Login Attempts,500,2016-01-26,4.4.34,True,76,5,0,0,2013-07-12,Svetoslav Marinov
wpdirauth,wpDirAuth,500,2023-08-18,6.3.10,True,94,12,0,0,2007-08-29,Paul Gilzow
tz-flickr-widget,TZ Flickr Widget,500,2015-08-24,4.2.39,True,100,2,0,0,2015-05-28,tuyennv
cudazi-scroll-to-top,Cudazi Scroll to Top,500,2012-01-19,3.3.2,True,90,10,0,0,2012-01-19,Cudazi
wp-easy-uploader,WP Easy Uploader,500,2009-07-20,2.8.2,True,74,3,0,0,2008-06-29,Chris Jean
remove-admin-toolbar,Remove Admin Toolbar,500,2021-12-22,5.8.15,True,100,7,0,0,2017-06-23,netdesignr
antispambot,Anti-Spambot,500,2021-07-13,5.8.15,True,100,5,0,0,2014-09-20,Robert Peake
sportspress-for-volleyball,SportsPress for Volleyball,500,2020-08-27,5.5.20,True,0,0,0,0,2019-07-09,ThemeBoy
relative-url-shortcode,Relative URL ShortCode,500,2023-02-21,6.1.12,True,90,4,0,0,2016-03-10,mainsufian
image-watermark-wp,Image Watermark WP,500,2016-02-25,4.7.35,True,76,11,0,0,2016-02-24,Umar
advanced-spoiler,Advanced Spoiler,500,2017-11-28,2.8.6,True,100,1,0,0,2009-04-26,"Cheon, YoungMin"
i-agree-popups,I Agree! Popups,500,2016-05-05,4.5.33,True,88,5,0,0,2016-03-01,Talisman
wp-twitter-feed,Peadig&#039;s Twitter Feed: Embedded Timeline WordPress Plugin,500,2018-04-04,3.7.41,True,62,7,0,0,2010-11-14,Alex Moss
cf7-google-map,Contact Form 7 extension for Google Map fields,500,2023-07-11,6.2.11,True,94,15,0,0,2017-02-18,Aurovrata Venet
adsense-in-post-ads-by-oizuled,In-Post Ads,500,2023-05-03,6.2.11,True,94,3,0,0,2013-12-17,AMP-MODE
timeline-express-single-column-add-on,Timeline Express &#8211; Single Column Add-On,500,2023-03-22,6.2.11,True,0,0,0,0,2016-06-18,Evan Herman
personalize-login,Personalize Login,500,2023-12-02,6.4.10,True,100,2,0,0,2019-11-18,Jose Lazo
price-table-for-wpbakery-page-builder,Pricing Table For WPBakery Page Builder,500,2022-11-01,6.0.14,True,100,2,0,0,2018-01-10,nasir179125
wp-mail-smtp-sendgrid-edition,WP Mail SMTP SendGrid Edition,500,2024-07-23,6.6.7,True,0,0,0,0,2017-07-04,FolioVision
edit-lock,Edit Lock,500,2022-10-09,6.1.12,True,100,2,0,0,2020-08-19,doublejar
gravity-forms-addons,Gravity Forms Directory,500,2020-12-07,5.6.19,True,64,34,0,0,2009-11-05,Zack Katz
admin-notice,Admin Notice,500,2022-01-25,5.9.16,True,100,6,0,0,2015-04-06,Adam Walter
azan,AZAN Plugin,500,2024-07-19,6.6.7,True,100,7,0,0,2014-10-20,Omid Shamloo
evolution-google-analytics-code,AH Google Analytics Code,500,2017-09-23,4.8.30,True,100,5,0,0,2013-12-03,Andreas Hecht
linkable-title-html-and-php-widget,Linkable Title Html and Php Widget,500,2014-01-04,3.7.41,True,74,6,0,0,2009-11-30,peplamb
hide-admin-bar-for-user-roles,Hide Admin Bar For User Roles,500,2024-06-23,6.5.10,True,100,1,0,0,2021-05-05,Subodh Ghulaxe
cf7-to-mailjet,Contact Form 7 to Mailjet,500,2024-03-18,6.4.10,True,78,7,0,0,2018-08-28,Youdemus
offen,Offen,500,2023-02-07,6.1.12,True,76,6,0,0,2017-07-02,seoptix
custom-error-pages,Custom Error Pages,500,2023-05-22,6.2.11,True,100,12,0,0,2013-11-02,Jesin A
clear-cache-for-timber,Clear cache for Timber,500,2024-02-15,6.4.10,True,0,0,0,0,2016-01-13,ogrosko
unlimited-logo-carousel,Unlimited Logo Carousel,500,2019-10-15,5.2.26,True,60,4,0,0,2016-11-13,aThemeArt Translations
disable-hide-comment-url,Disable / Hide Comment URL,500,2011-09-02,3.2.1,True,100,8,0,0,2011-09-02,Sachin Khosla
websitescanner-custom-schema,Websitescanner Custom Schema,500,2021-07-24,5.8.15,True,100,1,0,0,2019-05-31,Tim van Iersel
wp-amp-it-up,easy AMP,500,2024-05-25,6.5.10,True,72,9,0,0,2016-07-01,amp-cloud.de
real-estate-manager,Real Estate Manager &#8211; Property Listing and Agent Management,500,2024-05-29,6.5.10,True,98,37,0,0,2017-03-05,Rameez Iqbal
tp-show-product-images-on-checkout-page-for-woocommerce,TP Show Product Images on Checkout Page for WooCommerce,500,2023-11-02,6.3.10,True,100,3,0,0,2021-10-01,TPlugins
add-replace-affiliate-links-for-amazon,Add &amp; Replace Affiliate Links for Amazon,500,2022-02-10,5.8.15,True,64,17,0,0,2020-01-05,The Website Flip
friends-link-widget,Friends Link Widget,500,2017-03-14,4.7.35,True,100,1,0,0,2013-12-06,M A Vinoth Kumar
nofollow-link,NoFollow Link,500,2018-07-29,4.9.31,True,100,1,0,0,2010-12-30,Alex Jose
slimbox-plugin,Slimbox Plugin,500,2008-08-22,2.6.1,True,100,1,0,0,2007-08-27,peppolone
ams-hide-page-and-post-title,AMS Hide Page and Post Title,500,2022-01-23,5.9.16,True,68,5,0,0,2016-10-28,Manoj
sticky-custom-post-types,Sticky Custom Post Types,500,2012-09-29,3.4.2,True,70,6,0,0,2011-08-21,superann
so-masonry,Masonry Widget,500,2013-11-27,3.7.41,True,100,5,0,0,2013-11-27,Greg - SiteOrigin
beeketing-for-woocommerce,Beeketing for WooCommerce &#8211; Marketing Automation to Boost Sales,500,2019-12-19,5.3.23,True,96,997,0,0,2016-02-12,Beeketing
shortcode,Shortcode,500,2016-04-17,4.2.39,True,0,0,0,0,2009-08-12,maxpagels
hide-google-recaptcha-logo,Hide Google reCAPTCHA Logo,500,2023-04-06,6.2.11,True,100,1,0,0,2022-02-26,adeleyeayodeji
affiliate-link-tracker,Affiliate Link Tracker,500,2020-09-16,5.5.20,True,100,3,0,0,2020-04-20,SEOSEON EUROPE S.L
elegant-themes-demo-importer,Elegant Blog Themes Demo Importer,500,2022-05-11,5.8.15,True,0,0,0,0,2021-07-20,elegantblgthemes
woo-picpay,QR Code PicPay for WooCommerce,500,2022-10-06,6.0.14,True,100,23,0,0,2019-03-04,Deividson Damasio
gravity-forms-personality-quiz-add-on,Gravity Forms Personality Quiz Add-On,500,2020-07-17,5.4.21,True,96,4,0,0,2014-10-01,dabernathy89
mypace-custom-title-tag,mypace Custom Title Tag,500,2020-12-12,5.6.19,True,80,3,0,0,2015-11-16,けい (Kei Nomura)
pinterest-pinboard-widget,Pinterest Pinboard Widget,500,2017-11-28,4.1.42,True,80,7,0,0,2012-01-21,codefish
ecommerce-extra,Ceylon Extra,500,2021-06-22,5.7.17,True,0,0,0,0,2021-01-27,Ceylon Themes
featured-articles-lite,FA Lite &#8211; WP responsive slider plugin,500,2024-04-02,6.5.10,True,74,13,0,0,2010-10-25,Constantin Boiangiu
wp-lorem-ipsum,WP Lorem ipsum,500,2021-07-21,5.8.15,True,68,5,0,0,2017-04-06,Matteo Manna
toms-recaptcha,TomS reCAPTCHA,500,2023-03-29,6.2.11,True,100,1,0,0,2022-01-06,TomS Caprice
footer-javascript,JavaScript to Footer,500,2014-12-22,4.2.39,True,58,16,0,0,2008-12-02,Vladimir Prelovac
awesome-widgets-for-siteorigin-page-builder,Awesome Widgets for SiteOrigin Page Builder,500,2020-01-24,5.3.23,True,56,5,0,0,2016-03-17,Phoeniixx
easy-support-videos,Easy Support Videos &#8211; Embed videos in the admin,500,2022-06-20,6.0.0,True,100,9,0,0,2016-10-21,Slocum Studio
increase-maximum-upload-file-size,Increase Maximum Upload File Size,500,2024-05-22,6.5.10,True,20,2,0,0,2019-01-17,ViitorCloud Technologies Pvt Ltd
theme-blvd-importer,Theme Blvd Importer,500,2018-02-20,4.9.31,True,0,0,0,0,2015-09-21,Jason
pe-panels,PE Panels,500,2021-09-01,5.8.15,True,0,0,0,0,2016-09-09,DJ-Extensions.com
integrate-ga4-google-analytics,Integrate GA4 Google Analytics,500,2024-06-10,6.5.10,True,0,0,0,0,2023-04-19,Obadiah
clean-archives-reloaded,Clean Archives Reloaded,500,2012-02-07,3.3.2,True,100,1,0,0,2008-03-05,Automattic
widget-indicadores-economicos-chile,Widget Indicadores Econ&oacute;micos (Chile),500,2016-05-31,4.5.33,True,72,7,0,0,2013-08-19,Cristhopher Riquelme
sticky-add-to-cart-bar-for-wc,Sticky Add To Cart Bar For WooCommerce,500,2023-05-06,6.2.11,True,90,11,0,0,2020-06-24,addonsplus
advanced-admin-search,Advanced Admin Search,500,2022-06-14,6.0.14,True,86,8,0,0,2018-09-27,Kuroit
wp-lorem-ipsum-generator,Lorem Ipsum Generator,500,2014-07-23,3.9.40,True,90,10,0,0,2011-07-08,jonnyvaughan
widget-contact-now,Widget Contact Now,500,2019-05-18,5.2.26,True,100,2,0,0,2017-10-27,longvietweb
disable-wp-theme-updates-advance,Disable WP Theme Updates Advance,500,2024-02-10,6.4.10,True,100,3,0,0,2016-06-15,gr8nilay
drop-cap-shortcode,Drop Cap Shortcode,500,2014-12-03,4.0.38,True,66,7,0,0,2011-02-17,Eka Kurniawan
easy-access-reusable-blocks,Easy Access Reusable Blocks,500,2022-02-15,5.9.16,True,100,1,0,0,2021-03-11,Koji Kuno
custom-post-type-auto-menu,Custom Post Type Auto Menu,500,2021-06-21,5.7.17,True,72,17,0,0,2013-09-07,Ken Dirschl
documents-for-woocommerce,Documents for WooCommerce,500,2021-03-24,5.7.17,True,100,2,0,0,2021-03-16,wpharvest
easy-panorama,Easy Panorama,500,2023-01-25,6.1.12,True,72,5,0,0,2016-09-12,Leonardo Giacone
acf-recent-posts-widget,ACF Recent Posts Widget,500,2023-11-20,6.2.11,True,100,12,0,0,2015-03-14,magicoders
simple-expires,Simple Expires,500,2011-08-08,False,True,100,2,0,0,2010-12-30,abmcr
publish-view,Publish View,500,2017-04-27,4.7.35,True,100,3,0,0,2014-04-29,launchinteractive
vwe-voorraadlijst,VWE &#8211; Voorheen Autodealers.nl,500,2023-06-14,6.2.11,True,0,0,0,0,2019-03-01,vwewebsites
agoda-affiliate-partners-text-link-generator,Agoda Affiliate Partners Text Link Generator,500,2017-08-18,4.8.0,True,0,0,0,0,2017-08-18,affiliateproduct
iframe-wrapper,iframe Wrapper,500,2012-03-24,3.0.5,True,0,0,0,0,2012-01-30,Aelora
gravity-forms-notification-attachments,Gravity Forms: Notification Attachments,500,2014-04-30,3.9.40,True,82,14,0,0,2014-01-08,Timothy Wood
nextgen-gallery-sidebar-widget,NextGEN Gallery Sidebar Widget,500,2012-02-06,3.3.2,True,100,2,0,0,2009-04-18,maff
art-woocommerce-custom-sale,Art Woocommerce Custom Sale,500,2019-11-14,5.3.23,True,100,5,0,0,2018-10-04,Artem Abramovich
simple-testimonials-showcase,Simple Testimonials Showcase,500,2024-05-24,6.5.10,True,100,1,0,0,2016-08-08,PressTigers
css,CSS,500,2017-11-28,3.4.2,True,60,2,0,0,2012-06-07,koopersmith
broadly,Broadly for WordPress,500,2019-11-29,5.3.23,True,100,3,0,0,2015-08-08,broadly
leartes-try-exchange-rates,Leartes TRY Exchange Rates,500,2023-10-10,6.3.10,True,100,5,0,0,2017-10-04,Leartes.NET
eazy-cf-catpcha,Eazy CF Captcha,500,2024-04-04,6.5.10,True,80,4,0,0,2011-07-22,Tamás
billbee-auftragsabwicklung-warenwirtschaft-automatisierung,"Billbee &#8211; Auftragsabwicklung, Warenwirtschaft, Automatisierung",500,2022-05-04,False,True,100,1,0,0,2017-01-10,Billbee
no-indexer,No-Indexer,500,2024-06-07,6.5.10,True,100,1,0,0,2024-05-08,Rahul Mondal
reusable-gutenberg-blocks-widget,Reusable Gutenberg Blocks Widget,500,2018-02-20,5.0.27,True,100,6,0,0,2018-02-20,Jeffrey Carandang
crowdfundly,Crowdfundly,500,2023-01-09,6.1.12,True,80,4,0,0,2021-02-16,Crowdfundly
tabify-edit-screen,Tabify Edit Screen,500,2021-02-28,5.6.19,True,98,22,0,0,2012-04-02,Marko Heijnen
staticpress,StaticPress,500,2016-05-27,4.5.33,True,82,16,0,0,2013-05-20,wokamoto
simple-slideout-menu,Slide-out Menu &#8211; Mobile Friendly modern navigation,500,2023-12-03,6.4.10,True,100,6,0,0,2022-08-05,Simple Plugins
marketing-automation-by-convertfox,"Gist All-In-One Marketing &#8211; Live Chat, Popups, Email",500,2023-08-17,6.2.11,True,80,4,0,0,2017-03-07,Gist
tp-piebuilder,TP PieBuilder,500,2022-08-16,6.0.14,True,100,1,0,0,2017-03-09,themepalace
yourls-link-creator,YOURLS Link Creator,500,2016-02-25,4.4.34,True,90,13,0,0,2012-10-11,Andrew Norcross
honeypot-for-cf7,Simple Honeypot for Contact Form 7,500,2024-08-11,6.6.7,True,0,0,0,0,2024-08-11,Roland
bbpressmoderation,bbPress Moderation,500,2013-09-18,3.6.1,True,86,14,0,0,2012-01-09,ianhaycox
visual-admin-customizer,Visual Admin Customizer,500,2021-03-08,5.7.17,True,100,8,0,0,2017-01-30,Janis Elsts
term-duplicator,Term Duplicator,500,2016-07-28,4.7.35,True,84,5,0,0,2014-09-18,Clifton Griffin
soft79-cart-links-for-woocommerce,Cart links for WooCommerce,500,2020-08-19,5.5.0,True,100,10,0,0,2015-12-01,Soft79
fancy-lightbox,Fancy Lightbox,500,2016-08-20,4.6.30,True,96,4,0,0,2015-10-09,Alobaidi
tag-cloud-shortcode,Tag Cloud Shortcode,500,2019-10-22,5.2.26,True,100,3,0,0,2009-09-10,D'Arcy Norman
recent-posts-widget-plus,Recent Posts Widget Plus,500,2023-10-30,6.4.10,True,100,1,0,0,2012-06-26,Johan van der Wijk
qr-block,QR Block,500,2023-01-23,6.1.12,True,100,1,0,0,2021-07-29,retrofox
csh-login,CSH Login,500,2018-03-29,4.9.31,True,100,1,0,0,2017-08-25,cmssuperheroes
add-new-default-avatar,Add New Default Avatar,500,2016-02-07,4.4.34,True,100,6,0,0,2010-06-10,Kailey (trepmal)
bp-member-swipe,Member Swipe for BuddyPress,500,2022-12-06,6.1.12,True,100,1,0,0,2020-06-16,Themosaurus
buddypress-cover-photo,BuddyPress Default Cover Photo,500,2019-12-20,5.3.23,True,76,12,0,0,2015-02-18,SeventhQueen
cf7-icons-and-labels,Cf7 Icons and Labels,500,2017-12-10,4.9.31,True,66,3,0,0,2017-05-25,codeaid
shipping-by-rules-for-woocommerce,Shipping by Rules for WooCommerce,500,2018-02-24,4.9.31,True,90,8,0,0,2016-01-12,Open Tools
amp-contact-form-7,AMP Contact FORM 7 &#8211; AMPCF7,500,2018-07-01,4.9.31,True,82,13,0,0,2018-06-30,Arshid
slash-admin,Slash Admin,500,2024-03-01,6.4.10,True,100,9,0,0,2013-12-16,Giorgos Sarigiannidis
wpc-image-widget,Image Widget by Angie Makes,500,2017-05-12,4.7.35,True,0,0,0,0,2015-08-17,Chris Baldelomar
classic-editor-plus,Classic Editor Plus &#8211; WordPress Classic Editor plugin by Felix,500,2023-01-26,6.1.12,True,100,2,0,0,2020-02-25,devfelixmoira
widget-builder,Widget Builder,500,2015-08-21,4.3.34,True,74,10,0,0,2012-04-26,"Modern Tribe, Inc."
standout-css3-buttons,Standout CSS3 Buttons,500,2015-01-20,4.1.42,True,88,11,0,0,2013-02-06,jp2112
infinite-notification,Infinite Notification &#8211; Sales Notification Plugin,500,2022-06-30,5.8.15,True,100,1,0,0,2022-01-28,SmartDataSoft
fcm-push-notification-from-wp,FCM Push Notification from WP,500,2024-06-23,6.5.10,True,100,5,0,0,2020-02-01,Paulo Miranda
kindeditor-for-wordpress,Kindeditor For WordPress,500,2015-04-13,4.1.42,True,100,2,0,0,2011-09-23,panxianhai
wp-php-console,WP PHP Console,500,2020-11-09,5.5.20,True,94,19,0,0,2015-01-18,Fulvio Notarstefano
editor-enhancer-for-oxygen,Editor Enhancer for Oxygen,500,2019-11-25,5.3.23,True,100,25,0,0,2019-11-15,ukuwi
oxy-relogin-window,OXY Re-Login Window,500,2021-03-19,5.7.17,True,60,2,0,0,2021-03-17,laborin
editor-enhancer-for-oxygen,Editor Enhancer for Oxygen,500,2019-11-25,5.3.23,True,100,25,0,0,2019-11-15,ukuwi
already-existing-tags,Already Existing Tags,500,2021-05-23,5.7.17,True,92,7,0,0,2014-05-16,digitalemphasis
referrer-input-for-contact-form-7,Referrer Input for Contact Form 7,500,2017-01-11,4.7.35,True,84,5,0,0,2016-10-21,damiarita
custom-fields-permalink-redux,Custom Fields Permalink 2,500,2018-10-24,5.0.27,True,92,5,0,0,2018-03-02,athlan
default-image-settings,Default Image Settings,500,2016-11-29,4.7.35,True,100,2,0,0,2014-07-01,Jesper van Engelen
customize-twenty-sixteen,Customize Twenty Sixteen,500,2022-03-10,5.9.16,True,80,3,0,0,2016-11-14,boldthemes
f2-tag-cloud-widget,F2 Tag Cloud Widget,500,2022-01-05,5.8.15,True,100,2,0,0,2012-06-14,fsquared
wp-editor-fontsize,EditorFontsize,500,2012-07-07,3.3.2,True,100,6,0,0,2011-12-20,kubenstein
logout-clear-cookies,Logout Clear Cookies,500,2023-11-08,6.4.10,True,100,4,0,0,2017-03-07,Joel
spotify-master,TechGasp Music Master,500,2021-03-11,5.7.17,True,56,25,0,0,2013-07-03,TechGasp
custom-author-byline,Custom Author Byline,500,2011-06-08,3.1.4,True,60,10,0,0,2010-08-26,croakingtoad
excerpt-editor,Excerpt Editor,500,2009-12-17,2.9.2,True,80,1,0,0,2007-04-17,Andrew Ozz
mobile-css,Mobile CSS,500,2013-09-05,3.6.1,True,100,6,0,0,2012-10-09,Maxaud
rest-api-helper,REST API Helper,500,2022-01-02,5.3.23,True,100,1,0,0,2016-08-19,JasmanXcrew
taxonomy-list,Taxonomy List,500,2023-12-05,6.4.10,True,96,9,0,0,2018-03-28,Muhammad Rehman
amelia-calendar-essential-shortcodes,Amelia Calendar Essential Shortcodes,500,2019-08-18,5.2.26,True,0,0,0,0,2019-08-14,husinsajjadi
custom-login-page-wp,Custom Login Page by SeedProd,500,2017-12-13,4.9.31,True,100,6,0,0,2016-07-22,SeedProd
twiget,Twiget Twitter Widget,500,2017-11-28,3.7.41,True,100,6,0,0,2013-01-14,Prasanna SP
wp-require-login,Require Login,500,2015-03-28,4.1.42,True,100,7,0,0,2012-01-09,richard4339
webconnex-form-managment,WebConnex Form Management,500,2021-03-15,5.7.17,True,0,0,0,0,2015-05-11,jordancolburn
buddypress-profile-completion,BuddyPress Profile Completion,500,2023-08-11,6.3.10,True,92,10,0,0,2019-01-29,BuddyDev
zoom-widget,Z,500,2019-12-16,4.0.38,True,78,12,0,0,2012-02-09,10Web
just-responsive-images,Just Responsive Images,500,2021-09-06,5.8.15,True,88,7,0,0,2017-03-06,Alex Prokopenko / JustCoded
easy-random-quotes,Easy Random Quotes,500,2016-09-29,4.6.30,True,100,5,0,0,2010-05-27,Kailey (trepmal)
wp-link-preview,WP Link Preview,500,2018-06-30,4.9.31,True,96,4,0,0,2017-06-04,Kishan
widgetwhats-app,Widget Click to Chat,500,2022-09-13,5.9.16,True,100,5,0,0,2018-10-18,Creame
rename-wp-loginphp-to-anything-you-want,Rename wp-login.php to anything you want,500,2016-08-13,4.5.33,True,100,5,0,0,2016-05-24,travispluse
iframe-widget,IFrame Widget,500,2012-09-20,3.4.2,True,0,0,0,0,2008-10-01,Debashish
quick-restaurant-reservations,Quick Restaurant Reservations,500,2023-04-02,6.2.11,True,98,10,0,0,2017-11-28,Alejandro
bxslider-integration,bxSlider integration for WordPress,500,2015-03-02,3.9.40,True,88,21,0,0,2013-04-01,Vincent Mimoun-Prat
internet-speed-test,Internet Speed Test,500,2024-07-04,6.6.7,True,100,1,0,0,2018-08-06,meternet
widget-instance,Widget Instance,500,2018-07-11,4.9.31,True,68,9,0,0,2012-06-11,Global
duplicate-taxonomy-terms-and-acf-fields,Duplicate taxonomy terms and ACF fields,500,2019-04-28,5.2.26,True,76,4,0,0,2017-08-25,Kresimir Pendic
wp-widgets-shortcode,WordPress Widgets Shortcode,500,2016-05-14,4.7.35,True,90,8,0,0,2013-06-22,Brajesh Singh
image-size-selection-for-divi,Image Size Selection for Divi,500,2020-05-05,5.4.21,True,86,7,0,0,2018-07-19,Bolton Studios LLC
accessiblewp-images,AccessibleWP &#8211; ALT Detector,500,2022-09-11,6.0.14,True,100,1,0,0,2020-03-05,AccessibleWP
user-meta-display,User Meta Display,500,2014-06-04,3.9.40,True,100,6,0,0,2014-03-18,tripflex
gravity-forms-iban,Gravity Forms IBAN,500,2015-06-03,4.2.39,True,100,5,1,0,2015-06-03,Jeroen Schmit
wp-keyword-suggest,WP Keyword Suggest,500,2015-03-23,4.1.42,True,100,11,0,0,2013-09-02,Nicolas Marin Torres
nav-menu-item-duplicate,Nav Menu Item Duplicator,500,2018-05-18,4.9.31,True,74,7,0,0,2016-10-15,Sohan Zaman
tabs-in-post-editor,Tabs in Post Editor,500,2013-10-18,3.6.1,True,94,3,0,0,2010-07-21,Aaron Butacov
front-end-editor,Front-end Editor,500,2013-07-23,3.6.1,True,80,23,0,0,2009-03-31,scribu
helio,Helio Pay (Accept 1-click crypto payments #USDC #SOL #BTC #ETH),500,2024-08-19,6.3.10,True,100,2,0,0,2023-02-15,heliowp
fusion-extension-image,Fusion Page Builder : Extension &#8211; Image,500,2021-01-27,5.6.19,True,0,0,0,0,2016-08-03,Agency Dominion Inc.
last-name-first-name,Last Name First Name,500,2014-01-26,3.7.41,True,100,3,0,0,2013-12-19,isao homma
booster-pack-for-divi,Booster Pack for Divi,500,2018-05-29,4.9.31,True,0,0,0,0,2018-05-11,webtechstreet
do-spaces-sync,DigitalOcean Spaces Sync,500,2020-02-16,5.3.23,True,78,13,0,0,2017-11-23,keeross
page-tag-cloud,Page Tag Cloud,500,2023-08-25,6.3.10,True,80,5,0,0,2012-10-20,Barry Kooij
intensedebate,IntenseDebate Comments,500,2023-02-21,6.1.12,True,44,9,0,0,2008-11-12,Automattic
line-auto-post,LINE Auto Post,500,2023-11-11,6.3.10,True,76,5,0,0,2020-01-26,growniche
mailster-mailgun,Mailster Mailgun Integration,500,2024-05-27,6.5.10,True,46,6,0,0,2017-09-15,EverPress
simple-owl-carousel,Simple Owl Carousel,500,2023-11-10,6.4.10,True,60,2,0,0,2016-07-22,PressTigers
recent-posts-plugin,Recent Posts,500,2008-09-09,2.6.2,True,0,0,0,0,2008-03-23,RobMarsh
infinite-ajax-scrolling-for-woocommerce,Infinite Ajax Scrolling Lite For Woocommerce,500,2020-01-24,5.3.23,True,86,8,0,0,2015-07-22,Phoeniixx
disable-rss,Disable RSS,500,2008-12-04,2.7,True,0,0,0,0,2008-12-04,Clifton Griffin
dokan-menu-hider,Dokan Menu Hider,500,2022-02-11,5.9.16,True,94,12,0,0,2015-09-01,Nazmul Hassan
banner-upload,Banner Upload,500,2017-03-14,4.7.35,True,100,2,0,0,2014-01-15,M A Vinoth Kumar
timeline-history,Timeline History,500,2018-12-19,5.0.27,True,80,4,0,0,2017-06-22,sehgal.sunny
naver-webmaster-tool-syndication-v2,Naver webmaster syndication v2,500,2017-11-28,4.0.0,True,100,2,0,0,2014-10-30,iamgood
ultimate-fields,Ultimate Fields,500,2018-05-15,4.9.31,True,100,20,0,0,2014-03-26,Radoslav Georgiev
dinamize,Dinamize,500,2023-08-21,5.4.21,True,0,0,0,0,2015-08-05,Dinamize
lorem-ipsum-block,Lorem Ipsum Block &#8211; Placeholders for everyone,500,2020-03-19,5.4.0,True,100,4,0,0,2019-06-04,eedee
social-icon-widget,Social Icon Widget,500,2017-12-02,4.9.31,True,100,1,0,0,2016-05-18,Mostafiz Shamim
search-box-on-navigation-menu,Search box on Navigation Menu,500,2017-06-29,4.8.30,True,88,13,0,0,2013-01-29,Rupok
lh-dashboard-notes,LH Dashboard Notes,500,2018-05-09,4.9.31,True,100,10,0,0,2016-04-06,shawfactor
address-geocoder,Address Geocoder,500,2019-01-23,5.1.24,True,100,7,0,0,2012-05-16,Marty Spellerberg
easy-document-embedder,"Easy Document Embedder – Embed Word, excel, Powerpoint, Pdf file and more..",500,2020-12-12,5.6.19,True,60,2,0,0,2020-06-23,techmix
tailpress,TailPress – Tailwind for WordPress,500,2023-04-04,6.1.12,True,100,13,0,0,2022-06-09,Greg
cloudflare-page-cache,Cloudflare Page Cache,500,2019-05-22,5.2.26,True,100,8,0,0,2018-12-29,Cloudflare
date-published-shortcode,Date Published Shortcode,500,2022-05-04,5.9.16,True,100,1,0,0,2018-05-15,jonahhoj
black-ribbon,Black Ribbon,500,2020-08-04,5.4.21,True,100,2,0,0,2016-10-25,jojoee
visual-builder-for-contact-form-7,Visual Builder for Contact Form 7,500,2021-09-17,5.8.15,True,74,6,0,0,2015-09-07,etruel
plugin-notes,Plugin Notes,500,2015-07-16,4.2.39,True,100,26,0,0,2009-10-25,Mohammad Jangda
awesome-cookie-consent,Awesome GDPR Compliant Cookie Consent and Notice,500,2021-07-27,5.8.15,True,100,3,0,0,2019-12-26,Tech Astha
wp-custom-avatar,WP Custom Avatar,500,2022-12-23,6.1.12,True,100,7,0,0,2015-08-21,Hareesh S
contact-form7-autocomplete,Contact Form7: Autocomplete,500,2015-11-10,4.3.34,True,72,7,0,0,2015-05-20,Tran Bang
excerpts-for-pages,Excerpts for Pages,400,2017-04-18,3.6.1,True,100,4,0,0,2013-06-22,Joan Boluda
export-emails,Export emails,400,2014-02-09,3.7.41,True,90,4,0,0,2009-05-05,philippe
wp-category-sort,WP Category Sort,400,2021-12-03,5.8.15,True,100,1,0,0,2017-10-04,Lovinnagi
thank-you-page-viewer-for-woocommerce,Thank you page viewer for Woocommerce,400,2021-03-18,5.7.17,True,100,3,0,0,2019-01-08,JEVNET
lh-page-links-to,LH Page Links To,400,2024-03-25,6.5.10,True,96,4,0,0,2019-12-06,shawfactor
tada,"Tada: Instant Webpage Loading, Fast Website Browsing",400,2024-01-30,6.5.0,True,80,6,0,0,2019-03-17,binarymoon
genesis-accessible,Genesis Accessible,400,2020-01-14,5.3.23,True,100,6,0,0,2014-05-17,Gary Jones
wp-category-sort,WP Category Sort,400,2021-12-03,5.8.15,True,100,1,0,0,2017-10-04,Lovinnagi
thank-you-page-viewer-for-woocommerce,Thank you page viewer for Woocommerce,400,2021-03-18,5.7.17,True,100,3,0,0,2019-01-08,JEVNET
lh-page-links-to,LH Page Links To,400,2024-03-25,6.5.10,True,96,4,0,0,2019-12-06,shawfactor
expire-passwords,Expire Passwords,400,2017-01-05,4.7.35,True,98,9,0,0,2015-04-28,Frankie Jarrett
wc-bitpay-gateway,BitPay Gateway for WooCommerce,400,2023-10-26,5.8.15,True,0,0,0,0,2021-08-25,bitpayir
vello-booking-calendar,Vello Booking Calendar,400,2022-05-10,5.9.16,True,0,0,0,0,2019-03-08,vellodev
leadback,"LeadBack &#8211; Callback, Chatbot and Live Chat Widgets for WordPress sites",400,2021-09-24,5.8.15,True,100,1,0,0,2021-09-08,LeadBack
all-in-one-seo-pack-importer,All in One SEO Pack Importer,400,2019-02-22,5.1.24,True,0,0,0,0,2010-07-22,Syed Balkhi
zibal-payment-gateway-for-gravity-forms,Zibal Payment Gateway for Gravity Forms,400,2022-06-20,6.0.14,True,100,1,0,0,2021-02-17,Mohammad Zamanzadeh
comment-form-csrf-protection,Comment Form CSRF Protection,400,2023-07-23,6.3.10,True,100,2,0,0,2019-02-21,Ayesh Karunaratne
wp-login-logo,WP Login Logo,400,2015-06-12,4.2.39,True,100,1,0,0,2015-05-22,Cris9400
user-role-based-shipping-method,User role based shipping methods,400,2024-03-31,6.4.10,True,88,9,0,0,2018-09-19,techsarai
category-wise-search,Category Wise Search,400,2019-03-26,5.1.24,True,96,6,0,0,2013-02-25,Shambhu Patnaik
fast-speed-index,Fast Speed Index,400,2018-12-08,5.0.0,True,0,0,0,0,2018-11-05,ryokurosu
select-post-export,Select Post Export,400,2023-12-26,6.4.10,True,100,5,0,0,2021-12-30,Ilene Johnson
buckets,Buckets,400,2017-09-28,4.8.30,True,100,4,0,0,2012-07-17,matthewordie
remove-category-word-from-title,Remove Category Word From Title,400,2017-04-07,4.7.35,True,100,4,0,0,2017-04-11,ausafmalik89
wp-ajax-pagination,WP Ajax Load More Pagination and Infinite Scroll,400,2021-01-16,5.6.19,True,98,14,0,0,2019-06-16,Processby
query-multiple-taxonomies,Query Multiple Taxonomies,400,2013-06-06,3.5.2,True,92,10,0,0,2009-11-12,scribu
gf-confirmation-page-list,Gravity Forms Confirmation Page List,400,2019-03-08,4.9.31,True,0,0,0,0,2019-03-08,prontotools
gf-form-locator,Location Add-on For Gravity Forms,400,2021-03-26,5.7.17,True,50,13,0,0,2017-07-06,Tanner Record
woo-button-text,Woo Button Text,400,2017-04-27,4.7.35,True,100,7,0,0,2015-01-05,Rupom Khondaker
usersnap,Usersnap,400,2024-06-26,6.5.10,True,82,7,0,0,2011-11-17,Usersnap
sweet-custom-dashboard,Sweet Custom Dashboard,400,2012-12-06,3.5.2,True,100,6,0,0,2012-12-06,Remi Corson
force-plugin-updates-check,Force Plugin Updates Check,400,2017-12-15,4.9.31,True,92,11,0,0,2014-02-11,Syed Balkhi
jarvis,Jarvis,400,2023-11-01,6.3.10,True,98,13,0,0,2013-10-11,WDG
poli-payments-for-woocommerce,POLi Payments for WooCommerce,400,2024-08-21,6.6.7,True,0,0,0,0,2020-09-09,POLi Payments
visual-hook-guide-for-kadence,Visual Hook Guide for Kadence,400,2023-07-24,6.2.11,True,100,5,0,0,2020-08-25,Sridhar Katakam
wp-favicon,WP Favicon,400,2016-11-21,False,True,100,1,0,0,2009-07-24,jmparis
simple-contact-information-widget,Contact Information Widget,400,2022-04-05,5.9.16,True,94,3,0,0,2018-03-12,jaydeepchauhan
wp-restaurant-price-list,WP Restaurant Price List,400,2023-11-20,6.4.10,True,94,11,0,0,2019-08-27,marcodedo
comment-approved,Comment Approved,400,2018-11-20,4.9.31,True,92,14,0,0,2014-08-26,nielsvanrenselaar
wp-http-compression,WP HTTP Compression,400,2012-07-11,2.9.2,True,46,8,0,0,2010-02-15,sdesalas
php-server-configuration,PHP Server Configuration,400,2023-03-01,6.1.12,True,100,1,0,0,2023-02-22,Ninetyseven Infotech
show-all-comments-in-one-page,Show All Comments,400,2022-12-21,6.1.12,True,78,14,0,0,2014-12-11,AppJetty
dd-lastviewed,DD Last Viewed,400,2020-11-17,5.5.20,True,98,26,0,0,2013-06-05,Mosterd3d
bip-pages,BIP Pages,400,2020-12-30,5.6.19,True,100,1,0,0,2020-12-18,Łukasz Garczewski
wc-casys-payment,Payment Gateway for Cpay with WooCommerce,400,2021-03-09,5.6.19,True,100,1,0,0,2020-12-11,Webpigment
maestro-connector,Maestro Connector,400,2023-02-06,6.1.12,True,60,2,0,0,2020-04-14,Bluehost
custom-database-applications-by-caspio,Custom Database Applications by Caspio,400,2022-09-07,6.0.14,True,100,2,0,0,2015-10-02,Caspio Bridge
mailingboss,MailingBoss WP Plugin,400,2023-12-14,5.8.15,True,20,1,0,0,2019-11-18,Builderall
gallery-masonry-editor,Gallery in columns,400,2020-04-27,5.4.21,True,100,1,0,0,2020-04-25,Fabien Picard
animate-blocks,Animate Blocks,400,2019-03-29,5.1.24,True,100,2,0,0,2019-03-21,liip
oomph-hidden-tags,Oomph Hidden Tags,400,2016-04-05,4.5.33,True,100,1,0,0,2014-02-24,"Ben Doherty (Oomph, Inc)"
wp-post-template,Post Template,400,2012-12-10,3.4.2,True,98,13,0,0,2012-12-01,IndiaNIC
vertical-marquee-post-title,Vertical marquee post title,400,2022-12-01,6.1.12,True,60,2,0,0,2012-09-03,(sähköposti poistettu)
property-hive-rental-yield-calculator,Property Hive Rental Yield Calculator,400,2024-05-22,6.5.10,True,0,0,0,0,2017-02-23,Property Hive
featured-audio,Featured Audio,400,2024-07-12,6.6.7,True,100,4,0,0,2016-07-12,Nick Halsey
lightbulb-save-and-close,Save and Close,400,2013-04-18,3.5.2,True,94,13,0,0,2013-03-22,lightbulbdigital
single-category-permalink,Single Category Permalink,400,2021-09-29,5.8.15,True,100,5,0,0,2011-07-18,Scott Reilly
modern-images-wp,Modern Images WP,400,2023-10-27,6.4.10,True,86,7,0,0,2021-07-01,Adam Silverstein
ultimate-fonts,Ultimate Fonts,400,2019-09-14,5.2.26,True,0,0,0,0,2016-09-16,GretaThemes
wp-api-yoast-meta,WP API Yoast SEO,400,2016-07-29,4.5.33,True,0,0,0,0,2016-07-21,ChazUK
contact-widgets-for-elementor,Contact Widgets For Elementor all the contact links you need in one place,400,2022-05-17,5.9.16,True,100,15,0,0,2019-06-30,Ronen Abutbul WPexpress
columns-alignment-fix-for-elementor,Columns Alignment Fix for Elementor,400,2019-05-19,5.1.24,True,100,10,0,0,2018-07-02,sukiwp
wp-woo-product-social-share,Social Share For WooCommerce,400,2022-07-21,6.0.14,True,68,5,0,0,2020-09-30,Kuldip Makadiya
import-to-photo-gallery-from-nextgen-gallery,Import to Photo Gallery from NextGen gallery,400,2018-10-25,4.9.31,True,70,4,0,0,2015-07-24,10Web
accordion-shortcode,Accordion Shortcode,400,2012-09-19,3.3.2,True,96,8,0,0,2012-03-20,ctltwp
ultimate-woocommerce-brands,Ultimate WooCommerce Brands,400,2021-05-05,5.7.17,True,72,11,0,0,2014-11-13,MagniumThemes
surbma-divi-project-shortcodes,Surbma | Divi Project Shortcodes,400,2023-04-08,6.2.11,True,96,6,0,0,2015-04-20,Surbma
custom-fields-csv-xml-importer,CIO Custom Fields Importer,400,2017-12-26,4.9.31,True,100,8,0,0,2015-07-23,VisualData
wplang-lite,WPLANG Lite,400,2012-04-27,3.2.1,True,0,0,0,0,2010-01-27,Sergey Biryukov
link-verification-for-mastodon,Link Verification for Mastodon,400,2024-08-05,6.6.7,True,100,4,0,0,2022-11-19,overengineer
wp-noindex,WP-NoIndex,400,2008-11-20,False,True,0,0,0,0,2008-11-20,
zillaportfolio,Zilla Portfolio,400,2016-03-31,4.5.33,True,100,2,0,0,2014-01-30,marksouthard
cache-master,Cache Master,400,2023-05-28,6.2.11,True,96,16,0,0,2020-10-02,Terry L.
grabber-for-qqworld-auto-save-images,Grabber for QQWorld Auto Save Images,400,2015-04-10,4.1.42,True,100,1,0,0,2015-02-07,Michael Wang
wp-export-categories-taxonomies,WP Export Categories &amp; Taxonomies,400,2014-06-25,3.9.40,True,96,26,0,0,2013-12-16,Damian
simple-post-expiration,Simple Post Expiration,400,2016-10-10,4.7.35,True,92,7,0,0,2014-08-19,Syed Balkhi
zarehbin,ذره بین,400,2022-12-31,6.1.12,True,0,0,0,0,2022-12-31,zarehbin
wp-cleanup,WP-Cleanup,400,2010-08-10,3.0.5,True,80,3,0,0,2010-05-07,JortK
youtube-widget,YouTube widget,400,2009-01-06,2.7,True,0,0,0,0,2008-03-25,sk33t
qr-code-generator-widget,📷 Simple QR Code Generator Widget,400,2024-07-04,6.6.7,True,100,1,0,0,2012-01-31,nemezis
hotline-va-zalo,Hotline &amp; Zalo Setting,400,2021-04-07,5.7.17,True,0,0,0,0,2021-03-16,Dang Minh Hai
theme-one-click-demo-import,Theme One Click Demo Importer,400,2020-10-13,5.5.20,True,0,0,0,0,2019-12-10,theme404
currency-converter,Currency Converter,400,2024-05-14,6.5.10,True,82,13,0,0,2010-02-23,enclick
awesplash,AweSplash &#8211; Just Splash Page,400,2018-03-02,4.9.31,True,68,8,0,0,2017-07-04,awethemes
gallery-widget,Gallery Widget,400,2011-03-18,3.1.0,True,80,2,0,0,2008-05-16,cybio
storeone-extension,StoreOne Extension,400,2020-12-18,5.6.19,True,0,0,0,0,2017-03-21,ThemeFarmer
cookie-notify,Cookie Notify,400,2022-09-07,6.0.14,True,100,1,0,0,2017-06-28,zp20
wp-comment-notification,WP Comment Notification,400,2022-07-30,6.0.14,True,100,1,0,0,2017-07-18,WpExperts Hub
disable-widget-block-editor,Disable Widget Block Editor,400,2020-09-25,5.5.20,True,80,4,0,0,2020-09-25,Express Themes
pattern-manager,Pattern Manager,400,2023-10-31,6.3.10,True,100,5,0,0,2023-03-27,StudioPress
yoycol-print-on-demand,Yoycol Integration for WooCommerce,400,2023-06-08,6.2.11,True,70,4,0,0,2020-11-27,Yoycol
recent-posts,Recent Posts,400,2015-12-08,4.4.34,True,0,0,0,0,2005-01-13,Nick Momrik
contact-form-7-bwp-recaptcha-extension,Contact Form 7 BWP reCAPTCHA Extension,400,2012-06-12,3.1.4,True,80,4,0,0,2011-11-15,manfer
acf-focal-point,ACF: Focal Point,400,2016-02-06,4.2.39,True,100,2,0,0,2016-02-02,evuze
feed-for-tiktok-shop,Feed For TikTok Shop,400,2023-10-25,6.3.10,True,82,8,0,0,2022-05-24,AfterShip &amp; Automizely
show-menu-shortcode,Show Menu Shortcode,400,2011-05-06,3.2.1,True,0,0,0,0,2011-05-06,bobmatnyc
bestfreebie-elementor-icons,Bestfreebie Elementor Icons,400,2020-12-16,5.6.19,True,100,3,0,0,2019-04-26,bestfreebie
manage-upload-types,Manage Upload Types,400,2015-07-27,4.2.39,True,74,3,0,0,2012-04-25,jmadea
disable-autosave,Disable Autosave,400,2017-08-27,4.8.30,True,100,1,0,0,2017-08-27,nasour
jquery-vertical-scroller,jQuery Vertical Scroller,400,2019-02-23,5.1.24,True,96,11,0,0,2012-11-25,Vamsi Pulavarthi
responsive-image-widget,Responsive Image Widget,400,2013-07-22,3.5.2,True,84,5,0,0,2013-07-09,benarobinson
hideshowpassword,hideShowPassword,400,2018-07-11,4.9.31,True,90,6,0,0,2013-11-06,Barry Ceelen
swiftype-search,Swiftype Site Search Plugin for WordPress,400,2021-09-15,5.8.15,True,74,24,0,0,2012-06-27,matthewtyriley
default-product-image-for-woocommerce,Placeholder Image for WooCommerce,400,2020-02-11,5.4.21,True,90,10,0,0,2017-01-31,iTRON
scode-by-mojwp,sCode (Easy Shortcodes),400,2021-06-30,5.7.17,True,100,4,0,0,2015-06-13,WPShop
hindi-to-lat,Hindi-To-Lat,400,2020-09-02,5.5.20,True,100,1,0,0,2020-09-02,Dilip Soni
send-email-to-customer-on-cancelled-order-in-woocommerce,Send email to customer on cancelled order in WooCommerce,400,2019-04-29,5.2.26,True,68,7,0,0,2019-03-11,lauradiaz
risk-free-cash-on-delivery-cod-woocommerce,Risk Free Cash On Delivery (COD) &#8211; WooCommerce,400,2019-06-27,5.2.26,True,100,2,0,0,2018-03-01,everythingwp
customizer-disabler,Disable Customizer,400,2024-04-04,6.5.10,True,80,4,0,0,2021-12-07,joppuyo
feed-json,Feed JSON,400,2017-01-18,4.7.35,True,80,4,0,0,2011-02-15,wokamoto
gravity-forms-bootstrap-3-style,Bootstrap Gravity Forms,400,2015-04-28,4.2.39,True,100,4,0,0,2014-10-02,Andy Brudtkuhl
image-automatic-height-width,Image Automatic Height Width,400,2024-02-21,5.7.17,True,100,3,0,0,2021-06-09,Md Nayeem Farid
hide-wordpress-version,Hide WordPress Version,400,2011-05-28,3.2.1,True,100,3,0,0,2011-05-28,Adam Harley (Kawauso)
threat-scan-plugin,Threat Scan Plugin,400,2024-07-14,6.6.7,True,100,1,0,0,2010-04-09,Keith P. Graham
bookingflow-smoobu-for-wp,bookingflow Smoobu for WP,400,2020-08-12,5.5.20,True,60,2,0,0,2020-06-09,netpadrino
relentlosoftware,StyleAI,400,2024-09-04,6.6.7,True,0,0,0,0,2024-08-16,relentlo
debug-bar-cron,Debug Bar Cron,400,2013-12-28,False,True,100,3,0,0,2012-03-29,Zack Tollman
wp-max-submit-protect,WP Max Submit Protect,400,2015-07-30,4.2.39,True,100,7,0,0,2014-01-11,Jason Judge
woo-friendly-user-agent,Friendly User Agent for WooCommerce,400,2022-06-22,6.0.14,True,100,10,0,0,2018-09-06,Blaze Concepts
webhook-discord,Webhook for Discord,400,2023-10-17,6.3.10,True,100,3,0,0,2021-08-20,monster2408
theme-inspector,Theme Inspector,400,2023-02-13,6.1.12,True,94,11,0,0,2015-12-11,Melissa Cabral
utms-carry-pages,UTMs Carry Pages,400,2020-07-02,5.4.21,True,80,3,0,0,2020-05-12,rickmint
meta-description,Meta Description,400,2018-02-09,4.9.31,True,74,3,0,0,2012-09-22,Luke Mlsna
bp-custom-menu,Custom Profile Menu for BuddyPress,400,2023-06-03,6.2.11,True,100,8,0,0,2019-07-25,Nahid F Mohit
lana-sitemap,Lana Sitemap,400,2017-09-15,4.8.30,True,100,2,0,0,2017-01-01,Lana Codes
post-update-addon-gravity-forms,Post Update Add-On &#8211; Gravity Forms,400,2024-01-02,6.3.0,True,84,5,0,0,2021-09-02,Alex Chernov
advanced-sitemap-generator,Advanced Sitemap Generator,400,2014-08-13,3.9.40,True,86,8,0,0,2013-01-15,Sparx IT Solutions
easy-profile-widget,Easy Profile Widget,400,2017-01-05,4.7.35,True,96,76,0,0,2015-11-04,Jeffrey Carandang
control-xml-rpc-publishing,Control XML-RPC publishing,400,2015-12-04,4.4.34,True,100,2,0,0,2012-12-17,Mark-k
checklist-in-post,Checklist in Post,400,2018-12-08,5.0.27,True,100,6,0,0,2017-07-06,Intar IT
callout-block,Callout,400,2023-04-13,6.2.11,True,100,1,0,0,2023-01-22,Roel Magdaleno
text-scrolling-widget,Text Scroll Widget,400,2022-03-16,5.9.16,True,94,3,0,0,2017-03-11,jiteshgondaliya
advanced-custom-fields-nextgen-gallery-field-add-on,Advanced Custom Fields: NextGEN Gallery Field add-on,400,2015-01-04,4.1.0,True,42,7,0,0,2012-06-09,Aleš Loziak
acf-to-wp-api,ACF to WP-API,400,2017-04-11,4.7.35,True,100,5,0,0,2015-03-08,Chris Hutchinson
bwp-external-links,Better WordPress External Links,400,2014-06-10,3.9.40,True,100,4,0,0,2011-04-07,Khang Minh
gifty,Gifty,400,2024-04-12,6.5.10,True,100,1,0,0,2018-08-31,Jeroen
utm-leads-tracker-lite,UTM Leads Tracker &#8211; XLPlugins,400,2022-05-26,6.0.0,True,100,1,0,0,2017-09-08,Aman
antispam,Antispam,400,2016-12-29,4.7.35,True,80,4,0,0,2016-04-26,Eugen Bobrowski
shortcode-for-opentable,Shortcode for OpenTable Widget,400,2016-12-23,4.7.35,True,100,1,0,0,2016-12-23,ThemeBright
text-domain-inspector,Text Domain Inspector,400,2024-06-14,6.5.10,True,80,4,0,0,2018-07-12,laugei
category-featured-images-extended,Category Featured Images Extended,400,2017-09-07,4.8.30,True,88,7,0,0,2016-09-23,CK MacLeod
simple-copy-post,Simple Copy Post Button,400,2013-08-27,3.6.1,True,90,8,0,0,2013-08-27,John Regan
disable-lazy-load,Disable Lazy Load,400,2022-12-13,6.1.12,True,86,6,0,0,2020-08-15,Sachyya
latin-now,Latin Now!,400,2023-03-06,6.1.12,True,100,3,0,0,2020-03-21,ilovecats7
image-captcha-for-gravity-forms,Image Captcha For Gravity Forms,400,2021-07-16,5.8.15,True,0,0,0,0,2016-11-08,hookandhook
fluid-player,Fluid Player,400,2023-10-18,6.3.10,True,92,5,0,0,2017-04-18,fluidplayer
regiones-de-chile-para-woocommerce,Regiones de Chile para WooCommerce,400,2019-06-27,5.2.26,True,100,3,0,0,2018-04-12,melvisnap
allow-swf-upload,Allow Swf Upload,400,2013-12-24,3.7.41,True,84,5,0,0,2013-12-24,behrouzpc
focus-videos,Focus Videos,400,2016-10-04,4.6.30,True,100,1,0,0,2016-10-04,Greg - SiteOrigin
edit-image-thumbnails-separately,Edit Image Thumbnails Separately,400,2023-08-03,6.3.10,True,100,7,0,0,2023-08-08,WordPress.org
force-pclzip,Force PclZip,400,2024-07-15,6.4.10,True,0,0,0,0,2024-03-04,Aaron Jorbin
sj-cornerstone-addon,SJ Cornerstone Addon,400,2016-08-27,4.6.30,True,100,6,0,0,2016-08-25,Sandesh
custom-javascript-editor,Custom JavaScript Editor,400,2016-04-14,4.5.33,True,0,0,0,0,2012-08-24,Automattic
ft-password-protect-children-pages,FT Password Protect Children Pages,400,2010-09-22,3.0.5,True,80,4,0,0,2009-05-27,Glenn Ansley
woocommerce-domination,DOMINATION! Let WooCommerce take control of your dashboard,400,2020-08-10,5.5.20,True,100,29,0,0,2014-02-15,Claudio Sanches
robots-sitemap,Robots &amp; Sitemap,400,2021-03-16,5.6.19,True,100,3,0,0,2020-09-21,Vo3da team
clean-testimonials,Clean Testimonials,400,2014-06-14,3.7.41,True,84,21,0,0,2013-08-26,lukerollans
my-upload-images,My Upload Images,400,2017-03-14,4.7.35,True,100,2,0,0,2015-01-12,Mizuho Ogino
send-link-to-friend,Send link to friend,400,2022-12-01,6.1.12,True,0,0,0,0,2009-08-15,gopiplus
quick-bulk-taxonomy-term-creator,Quick Bulk Term Taxonomy Creator,400,2016-04-11,4.5.33,True,98,8,0,0,2015-04-18,Marin Atanasov
wc-duplicate-order,WC Duplicate Order,400,2019-09-08,4.9.31,True,92,18,0,0,2016-09-12,Jamie Gill
easy-widget-columns,Easy Widget Columns,400,2020-08-01,5.5.20,True,100,5,0,0,2017-03-08,Alexis J. Villegas
devices-elementor,Devices for Elementor,400,2017-07-05,4.8.30,True,62,8,0,0,2017-04-22,Namogo
put,Post UI Tabs,400,2013-04-30,3.6.1,True,100,14,0,0,2011-04-06,Mark / t31os
disable-events-and-news-dashboard-widget,Disable WordPress Events and News Dashboard Widget,400,2019-02-25,5.1.24,True,100,4,0,0,2017-05-29,Milan Dinić
manageview-your-posts-only,Manage/View Your Posts Only,400,2014-05-31,3.4.2,True,100,4,0,0,2014-05-31,fearnowrath
add-link-on-copied-text,Add link on copied text,400,2023-04-03,6.2.11,True,100,5,0,0,2022-05-11,Dmitry Litvinov
xml-sitemap-generator,Xml Sitemap Generator,400,2013-08-14,3.5.2,True,78,7,0,0,2013-02-23,RenaudMG
admin-bar-toggle,Admin Bar Toggle,400,2015-08-17,4.2.39,True,98,18,0,0,2012-01-30,James Kemp
enhanced-recent-posts,Enhanced Recent Posts,400,2014-04-12,3.5.2,True,100,3,0,0,2008-06-20,Vincent Mimoun-Prat
countdown,Countdown,400,2012-01-27,3.2.1,True,100,1,0,0,2012-01-27,Bloafer
post-tiles,Post Tiles,400,2014-11-23,4.0.0,True,90,23,0,0,2011-12-30,ethanhackett
add-dashboard-columns,Add Dashboard Columns,400,2020-11-17,5.5.20,True,100,2,0,0,2014-02-01,Sergio
debug-bar-actions-and-filters-addon,Debug Bar Actions and Filters Addon,400,2022-06-15,6.0.14,True,90,8,0,0,2013-02-05,Subharanjan
kkiapay-woocommerce,KKiapay WooCommerce Plugin,400,2024-06-24,6.4.10,True,100,2,0,0,2019-02-26,shadaiali
history-log-by-click5,History Log by click5,400,2023-09-29,6.3.10,True,100,2,0,0,2022-01-24,click5
smartwaiver-waiver-widget,Smartwaiver Waiver Widget,400,2019-11-26,5.3.23,True,100,1,0,0,2014-02-17,Smartwaiver
disable-wp-revisions,Disable WP Revisions,400,2023-02-23,6.1.12,True,100,1,0,0,2019-12-19,Carlos Martínez Romero
multiple-external-product-urls-for-woocommerce,Multiple external product URLs for WooCommerce,400,2021-07-06,5.7.17,True,92,7,0,0,2018-08-31,Pawel Cmachowski
cache-buster,Cache Buster,400,2019-06-12,5.0.27,True,100,2,0,0,2019-05-29,danmemememe
wp-tinymce-tables,WP TinyMCE Tables,400,2012-11-16,3.5.2,True,100,2,0,0,2012-11-05,Storm Consultancy
color-your-bar,Color Your Bar,400,2023-08-20,6.3.10,True,86,3,0,0,2019-02-26,Darshan Saroya
genesis-logo-uploader,Easy Genesis Logo Uploader,400,2014-09-02,3.9.40,True,80,4,0,0,2014-08-21,surefirewebserv
pushcrew,PushCrew,400,2018-03-12,4.9.31,True,100,2,0,0,2015-12-09,VWO
totalrating,"Rating Widget: Post Rating, 5 Star Rating, Reviews, Thumbs Up &amp; Down, Reacti",400,2024-07-13,6.5.10,True,100,9,0,0,2020-05-09,TotalSuite
find-and-replace-text,Find And Replace Text,400,2018-09-29,4.9.31,True,100,2,0,0,2018-09-29,Jesse Lau
block-permissions,Block Permissions,400,2021-10-25,5.8.15,True,100,1,0,0,2019-04-09,meceware
simple-pdf-exporter,Simple PDF Exporter,400,2023-01-13,6.1.12,True,70,4,0,0,2016-03-06,Duke
canonical-seo-content-syndication,Canonical SEO Content Syndication WordPress Plugin,400,2019-04-01,5.1.24,True,100,3,0,0,2014-09-13,Harsh Agrawal
fin-accounting-for-woocommerce,Finpose &#8211; Accounting for WooCommerce,400,2022-06-09,5.8.15,True,80,5,0,0,2021-07-21,Ozgur
simple-widget-title-links,Simple Widget Title Links,400,2021-02-27,5.6.19,True,100,1,0,0,2019-04-01,tourbillonlabs
good-old-twitter-feed-widget,Good Old Twitter Feed Widget,400,2022-10-26,6.1.12,True,100,2,0,0,2015-10-30,whiletrue
formidable-honeypot,Formidable Honeypot,400,2014-06-25,3.9.40,True,100,2,0,0,2014-06-25,WP-Biz (Ryan)
wp-author-security,WP Author Security,400,2023-04-12,6.2.11,True,100,2,0,0,2020-08-13,mgm security partners GmbH
instant-comment-validation,Instant Comment Validation,400,2015-12-16,4.4.34,True,96,5,0,0,2014-07-03,Mrinal Roy
acf-youtube-picker,ACF YouTube Picker,400,2016-06-27,4.5.33,True,100,5,0,0,2015-05-29,airesvsg
neve-hooks,Neve Hooks,400,2020-08-14,5.5.20,True,100,2,0,0,2019-03-19,Themeisle
wp-fluid-images,WP Fluid Images,400,2012-05-04,3.4.2,True,100,7,0,0,2011-10-29,ramseyp
visual-sitemap,Visual Sitemap,400,2017-12-26,4.9.31,True,98,30,0,0,2014-08-17,ThemeBoy
content-widget,Content Widget,400,2016-08-30,4.6.30,True,100,2,0,0,2012-04-24,shazdeh
content-widget,Content Widget,400,2016-08-30,4.6.30,True,100,2,0,0,2012-04-24,shazdeh
swiftninjapro-inspect-element-console-blocker,Developer Tools Blocker,400,2022-11-09,5.8.15,True,84,15,0,0,2019-02-16,SwiftNinjaPro
md5-media-renamer,MD5 Media Renamer,400,2013-08-23,3.6.1,True,100,3,0,0,2013-08-14,neoslab
advanced-reporting-for-woocommerce,Advanced Reporting for Woocommerce,400,2020-12-28,5.6.19,True,62,17,0,0,2016-09-14,Phoeniixx
yuma-companion,Yuma Companion,400,2024-04-28,6.5.10,True,0,0,0,0,2022-09-07,sharkthemes
eazy-login-logo,Eazy Login Logo,400,2018-01-02,4.9.31,True,84,5,0,0,2015-05-14,Rob Scott
embed-extended,"Embed Extended – Embed Maps, Videos, Websites, Source Codes, and more",400,2023-10-23,6.3.10,True,100,6,0,0,2020-02-19,Rudy Susanto
paypal-currency-converter-basic-for-woocommerce,PayPal Currency Converter BASIC for WooCommerce,400,2020-05-23,5.4.21,True,80,12,0,0,2013-12-17,Henry Krupp
wp-rest-api-pure-taxonomies,WP REST API &#8211; Pure Taxonomies,400,2016-03-01,4.4.34,True,100,5,0,0,2016-02-12,Andrew MAGIK
wp-speech-balloon,WP-Speech-Balloon,400,2019-04-11,5.1.24,True,0,0,0,0,2019-04-11,RA's_Tips4Life
disable-registration-page,Disable Registration Page,400,2018-02-19,4.9.31,True,100,3,0,0,2018-02-17,Derick Payne
city-dropdown-for-woocommerce,City Dropdown For Woocommerce,400,2020-04-23,5.4.21,True,100,3,0,0,2020-04-23,danielflorea
advanced-custom-fields-widget-area-field,Advanced Custom Fields: Widget Area Field,400,2014-10-12,4.0.38,True,96,5,0,0,2013-08-23,Dustin Filippini
weer,Weer,400,2024-03-01,6.4.10,True,100,1,0,0,2019-04-11,weer1
force-password-change,Force Password Change,400,2020-08-10,5.5.20,True,80,4,0,0,2012-11-19,Simon Blackbourn
display-your-checkatrade,Display your Checkatrade,400,2018-04-15,4.9.31,True,0,0,0,0,2017-10-19,barryw
woo-yubikey,yubikey-plugin,400,2019-02-04,False,True,76,9,0,0,2017-06-27,apb360
wp-theme-optimizer,WP Theme Optimizer,400,2016-11-07,4.6.30,True,100,2,0,0,2016-07-30,d
japanese-proofreading-preview,Japanese Proofreading Preview,400,2022-04-20,False,True,100,1,0,0,2017-02-28,mobamen
actblue-contributions,ActBlue Contributions,400,2023-02-22,6.0.14,True,20,1,0,0,2020-12-09,ActBlue
image-sitemap,Image Sitemap,400,2014-12-06,4.0.38,True,88,8,0,0,2014-12-06,Prayoga Teguh
custom-post-order,Custom Post Order,400,2009-06-05,False,True,100,2,0,0,2009-03-16,ctltwp
wp-font-resizer,WP-Font-Resizer,400,2020-12-27,5.6.19,True,74,13,0,0,2013-07-24,arsho
taxonomy-checklist-tree,Taxonomy Checklist Tree,400,2020-09-05,5.5.20,True,100,1,0,0,2015-12-04,webvitalii
quick-flickr-widget,Quick Flickr Widget,400,2012-07-25,3.4.2,True,60,2,0,0,2009-03-05,Konstantin Kovshenin
hide-text-shortcode,Hide Text Shortcode,400,2016-06-16,4.8.30,True,0,0,0,0,2016-06-06,biscia7
wp-show-stats,WP Show Stats,400,2024-03-07,6.4.10,True,100,5,0,0,2015-03-12,Ashish Ajani
wp-automatic-updates,WP Automatic Updates,400,2018-08-16,4.8.30,True,100,2,0,0,2015-03-30,Ankit Singla
page-list-widget,Page List Widget,400,2020-07-15,5.4.21,True,100,4,0,0,2013-06-25,nigauri
sheet2site,Sheet2Site,400,2021-06-07,5.2.26,True,100,1,0,0,2019-08-28,andreyazimov
templatic-badge,Post Badges,400,2018-10-27,5.0.27,True,70,6,0,0,2016-06-02,templatic1
insert-javascript-css,Insert JavaScript and CSS,400,2012-07-26,3.4.2,True,82,10,0,0,2012-06-22,Ryan
gravity-forms-multi-currency,Gravity Forms Multi Currency,400,2014-04-09,3.7.41,True,76,6,0,0,2012-12-16,ilanco
cfs-options-screens,CFS Options Screens,400,2022-02-10,5.9.0,True,100,2,0,0,2014-07-24,Jon Christopher
akfeatured-post-widget,AK Featured Post Widget,400,2016-07-17,4.5.33,True,84,5,0,0,2012-04-19,kaser
admin-starred-posts,Admin Starred Posts,400,2019-04-13,5.1.24,True,100,6,0,0,2015-05-08,innocuo
block-email-cf7,Contact Form 7 &#8211; Blacklist Unwanted Email,400,2019-10-15,5.3.23,True,100,1,0,0,2019-06-12,abahalkar
wp-permastructure,WP Permastructure,400,2023-07-26,6.3.10,True,86,15,0,0,2012-09-03,Robert O'Rourke
newsplugin,NewsPlugin,400,2021-08-25,5.8.15,True,66,7,0,0,2015-04-08,newsplugin.com
interconnect-it-weather-widget,ICIT Weather Widget,400,2021-05-12,5.7.17,True,60,4,0,0,2011-01-05,interconnectit
swifty-bar,"Swifty Bar, sticky bar by WPGens",400,2023-09-10,6.3.10,True,100,48,0,0,2015-07-04,Goran87
ps-user-login-count,PS User Login Count,400,2024-08-06,6.6.7,True,96,6,0,0,2021-04-22,Suhas Surse
embed-maps-block,Block for Embed Google Maps,400,2024-04-29,6.4.10,True,100,3,0,0,2022-01-07,Çağdaş Dağ
tumblr-widget-for-wordpress,Tumblr Widget,400,2015-04-21,4.2.39,True,80,8,0,0,2009-07-13,gabrielroth
wp-post-nav,WP Post Nav,400,2023-07-25,6.3.10,True,94,13,0,0,2018-11-06,Jo4nny8
get-chat-app,Get Chat App,400,2023-12-12,6.4.10,True,100,6,0,0,2020-09-02,NickDuncan
remove-wp-logo-from-admin-bar,Remove WP Logo from Admin Bar,400,2024-05-18,6.5.10,True,100,3,0,0,2016-03-01,Touhidul Sadeek
security-protection,Security-Protection,400,2020-09-05,5.5.20,True,86,11,0,0,2014-02-26,webvitalii
iknow-extra,Iknow Extra,400,2023-08-07,6.3.10,True,0,0,0,0,2020-07-21,Wow-Company
wp-ajax-edit-comments,Mihdan: Ajax Edit Comments,400,2020-01-13,5.3.23,True,88,18,0,0,2007-05-20,mihdan
product-categories-search-admin-for-woocommerce,Product categories search admin for woocommerce,400,2023-06-14,6.2.11,True,100,6,0,0,2021-12-16,Andreas Sofantzis
custom-login-css,Custom Login Css,400,2018-03-24,4.9.31,True,100,1,0,0,2012-04-23,GraphicEdit
fancybox-gallery,FancyBox Gallery,400,2015-08-26,4.3.34,True,94,3,0,0,2009-01-25,Dougal Campbell
save-and-continue-link-recovery-for-gravity-forms,Save and Continue Link Recovery for Gravity Forms,400,2018-06-26,4.9.31,True,100,7,0,0,2017-05-08,lelandf
google-authenticator-per-user-prompt,Per User Prompt for Google Authenticator,400,2021-04-23,4.9.31,True,92,10,0,0,2013-12-11,Ian Dunn
fusion-extension-button,Fusion Page Builder : Extension &#8211; Button,400,2019-08-26,5.2.26,True,0,0,0,0,2016-08-04,Agency Dominion Inc.
country-redirect,country-redirect,400,2021-12-25,5.8.15,True,84,6,0,0,2019-10-30,Andrii
shopvote,SHOPVOTE,400,2023-04-12,6.0.14,True,100,1,1,0,2017-12-07,SHOPVOTE
wp-publication-archive,WP Publication Archive,400,2013-07-25,3.6.1,True,72,5,0,0,2011-01-01,Eric Mann
wpartisan-filename-sanitizer,WPArtisan Filename Sanitizer,400,2017-11-07,4.8.30,True,100,3,0,0,2016-05-27,OzTheGreat
mailster-cool-captcha,Mailster Cool Captcha,400,2024-05-27,6.5.10,True,0,0,0,0,2017-01-13,EverPress
swiper-js-slider,Swiper Js Slider,400,2019-11-28,5.3.23,True,80,2,0,0,2019-09-02,mfarazaly
google-seo-author-snippets,Google SEO Pressor for Rich snippets,400,2022-12-29,6.1.12,True,76,11,0,0,2012-10-15,"Smackcoders Inc.,"
live-css-js-code-editor,Live Custom CSS JS Code Editor,400,2020-03-13,5.3.23,True,100,3,0,0,2016-11-14,Ozan Canakli
bulk-term-editor,Bulk Term Editor,400,2024-06-10,6.5.10,True,100,4,0,0,2016-02-17,Yuya Hoshino
disable-right-click-and-content-copy-protection,Disable Right Click and Content Copy Protection,400,2021-05-10,5.7.17,True,96,5,0,0,2019-02-22,Meet Makadia
my-posts-order,My Post Order,400,2013-01-11,3.5.2,True,58,7,0,0,2011-11-08,Kapil Chugh
breadcrumb-tmc,Breadcrumb TMC,400,2024-06-10,6.5.10,True,100,1,0,0,2020-01-10,wptmcdev
reusable-blocks-admin-menu-option,Reusable Blocks Admin Menu Option,400,2021-10-11,5.8.15,True,100,4,0,0,2020-06-04,Websites Built For You
absolute-addons,Absolute Addons For Elementor,400,2022-07-13,6.0.14,True,100,7,0,0,2021-08-03,AbsolutePlugins
really-simple-popup,Really Simple Popup,400,2014-12-03,4.0.38,True,92,10,0,0,2013-04-01,huntlyc
advanced-custom-fields-number-slider,Advanced Custom Fields: Number Slider,400,2022-10-21,5.8.15,True,80,6,0,0,2014-01-02,qstudio
woo-cart-redirect-to-checkout-page,Add to Cart Redirect for WooCommerce,400,2019-08-21,5.2.26,True,100,2,0,0,2016-08-05,Emran Ahmed
resmio-button-and-widget,resmio button &amp; widget,400,2021-12-14,5.8.15,True,100,3,0,0,2015-01-23,Philipp-resmio
social-comments,Social Comments,400,2016-12-18,4.7.0,True,88,39,0,0,2013-05-15,Bainternet
javascript-autoloader,Smart JavaScript Auto Loader,400,2024-04-17,6.3.10,True,100,8,0,0,2013-09-13,Peter Raschendorfer
dashboard-widget-sidebar,Dashboard Widget Sidebar,400,2015-04-21,4.2.39,True,100,8,0,0,2013-01-24,Morten Dalgaard Johansen
checklist,Checklist,400,2019-09-11,5.2.26,True,80,7,0,0,2017-07-18,checklistcom
add-html-to-pages,Add HTML to Page,400,2014-02-20,3.8.0,True,100,2,0,0,2014-02-20,Dinesh S
wp-pgp-encrypted-emails,WP PGP Encrypted Emails,400,2021-05-25,5.7.17,True,92,16,0,0,2016-01-22,Meitar
acf-price,Advanced Custom Fields: Price Field,400,2017-07-16,4.8.30,True,100,2,0,0,2017-07-16,speccode
reamaze,Re:amaze Helpdesk &amp; Live Chat,400,2024-07-12,6.5.10,True,100,3,0,0,2015-08-12,Reamaze
simple-calendar-acf,Simple Calendar &#8211; Advanced Custom Fields,400,2023-08-26,6.3.10,True,100,1,0,0,2015-11-11,SimpleCalendar
rss-just-better,RSS Just Better,400,2015-11-19,4.3.34,True,90,8,0,0,2010-03-06,Stefi
